{
"type": "FeatureCollection",
"name": "administrative_bali_web",
"crs": { "type": "name", "properties": { "name": "urn:ogc:def:crs:OGC:1.3:CRS84" } },
"features": [
{ "type": "Feature", "properties": { "OBJECTID": 889, "NAMOBJ": "Gianyar", "FCODE": "BA03050040", "REMARK": " ", "METADATA": "TASWIL5000020230907KABKOTA", "SRS_ID": "4326", "KDBBPS": " ", "KDCBPS": " ", "KDCPUM": " ", "KDEBPS": " ", "KDEPUM": null, "KDPBPS": " ", "KDPKAB": "51.04", "KDPPUM": "51", "LUASWH": 364.35816375000002, "TIPADM": 4, "WADMKC": " ", "WADMKD": " ", "WADMKK": "Gianyar", "WADMPR": "Bali", "WIADKC": " ", "WIADKK": " ", "WIADPR": " ", "WIADKD": 0, "SHAPE_Length": 1.0722404659916613, "SHAPE_Area": 0.029919367706420282 }, "geometry": { "type": "Polygon", "coordinates": [ [ [ 115.357626214000106, -8.520943172999978, 0.0 ], [ 115.354421909000052, -8.521207989999937, 0.0 ], [ 115.353939146000016, -8.521443802999954, 0.0 ], [ 115.353001707000089, -8.52173245299997, 0.0 ], [ 115.352392540000096, -8.522282959999927, 0.0 ], [ 115.348679767000021, -8.523292053999967, 0.0 ], [ 115.34815887100001, -8.524280809999937, 0.0 ], [ 115.347712335000097, -8.524843806999968, 0.0 ], [ 115.346815369000069, -8.525350698999944, 0.0 ], [ 115.345426885000052, -8.52465884999998, 0.0 ], [ 115.344331284000077, -8.524857570999927, 0.0 ], [ 115.342526323000016, -8.524849867999933, 0.0 ], [ 115.341875760000107, -8.524564496999972, 0.0 ], [ 115.341286048000029, -8.524154450999958, 0.0 ], [ 115.340940518000025, -8.523692040999947, 0.0 ], [ 115.340509974000042, -8.523407354999961, 0.0 ], [ 115.340231286000062, -8.52283171299996, 0.0 ], [ 115.338620693000053, -8.523791158999927, 0.0 ], [ 115.336852566000061, -8.523643118999928, 0.0 ], [ 115.336352686000055, -8.523640976999957, 0.0 ], [ 115.336363747000064, -8.523723941999947, 0.0 ], [ 115.336204250000037, -8.522642624999946, 0.0 ], [ 115.335967357000072, -8.522239316999958, 0.0 ], [ 115.33445981300008, -8.521256802999972, 0.0 ], [ 115.334390374, -8.520329103999927, 0.0 ], [ 115.334966152000106, -8.519032403999972, 0.0 ], [ 115.334676787000035, -8.51849935499996, 0.0 ], [ 115.334632028000101, -8.518123376999938, 0.0 ], [ 115.334387914000104, -8.51781886699996, 0.0 ], [ 115.334431261000077, -8.517007933999935, 0.0 ], [ 115.334685104000073, -8.516133932999935, 0.0 ], [ 115.333956596, -8.515853480999965, 0.0 ], [ 115.332721910000032, -8.515693003999957, 0.0 ], [ 115.331851179000068, -8.515463434999958, 0.0 ], [ 115.331725457000061, -8.515514829999972, 0.0 ], [ 115.331366752, -8.514814764999926, 0.0 ], [ 115.330571225000085, -8.513835946999961, 0.0 ], [ 115.329663112000048, -8.513239778999946, 0.0 ], [ 115.329056294000111, -8.513190690999977, 0.0 ], [ 115.328951559000075, -8.513108974999966, 0.0 ], [ 115.328929257000027, -8.512865009999928, 0.0 ], [ 115.329151955000043, -8.512656853999943, 0.0 ], [ 115.328813852000053, -8.511836614999936, 0.0 ], [ 115.328861195000059, -8.511685747999934, 0.0 ], [ 115.329236499000103, -8.511304182999936, 0.0 ], [ 115.329310040000109, -8.51049155499993, 0.0 ], [ 115.329404171000078, -8.510317785999973, 0.0 ], [ 115.330106072000035, -8.509995639999943, 0.0 ], [ 115.330479460000106, -8.510032158999934, 0.0 ], [ 115.330807495000045, -8.509789665999961, 0.0 ], [ 115.331344621000085, -8.509768740999959, 0.0 ], [ 115.331905633000019, -8.509620179999956, 0.0 ], [ 115.332006033000084, -8.509347715999979, 0.0 ], [ 115.331933037000113, -8.508948774999965, 0.0 ], [ 115.33186533300011, -8.508683369999972, 0.0 ], [ 115.331563777000042, -8.508229213999925, 0.0 ], [ 115.330513179000036, -8.508201449999945, 0.0 ], [ 115.329708081000035, -8.508081837999953, 0.0 ], [ 115.329545446000111, -8.507883715999981, 0.0 ], [ 115.329305489000035, -8.506698253999957, 0.0 ], [ 115.329344284000058, -8.505839004999928, 0.0 ], [ 115.329462798, -8.505415596999967, 0.0 ], [ 115.329921127000034, -8.504709116999948, 0.0 ], [ 115.329595638000114, -8.504394236999929, 0.0 ], [ 115.329622393000022, -8.503604636999967, 0.0 ], [ 115.329378405000057, -8.503348155999959, 0.0 ], [ 115.329462726000088, -8.50272145799994, 0.0 ], [ 115.329313548000073, -8.502098608999972, 0.0 ], [ 115.329046943000094, -8.501644576999979, 0.0 ], [ 115.329050263000113, -8.500878125999975, 0.0 ], [ 115.328749741000024, -8.500191611999981, 0.0 ], [ 115.328642516000059, -8.499301216999982, 0.0 ], [ 115.328542651000021, -8.499085983999976, 0.0 ], [ 115.327938266000046, -8.499011737999979, 0.0 ], [ 115.32762273700007, -8.498709689999941, 0.0 ], [ 115.327409058000057, -8.498193127999969, 0.0 ], [ 115.3276329790001, -8.496346459999927, 0.0 ], [ 115.327394617000095, -8.494932784999946, 0.0 ], [ 115.326767909000068, -8.49335470699998, 0.0 ], [ 115.326266460000056, -8.492765259999942, 0.0 ], [ 115.324873920000073, -8.491828354999939, 0.0 ], [ 115.324444763000088, -8.491196278999951, 0.0 ], [ 115.324183518000041, -8.49097046299994, 0.0 ], [ 115.323983467000062, -8.490611620999971, 0.0 ], [ 115.324099301000047, -8.490468813999939, 0.0 ], [ 115.324387865000062, -8.490341236999939, 0.0 ], [ 115.324616130000095, -8.489319250999927, 0.0 ], [ 115.325186067000118, -8.488883744999953, 0.0 ], [ 115.326446235000049, -8.487141875999953, 0.0 ], [ 115.32687691700005, -8.48635061799996, 0.0 ], [ 115.327202105000083, -8.485497962999943, 0.0 ], [ 115.327336157000104, -8.484902376999969, 0.0 ], [ 115.327396367, -8.484315462999973, 0.0 ], [ 115.327306213000043, -8.483161236999933, 0.0 ], [ 115.326993854000079, -8.48081906799996, 0.0 ], [ 115.327009499000042, -8.48062413599996, 0.0 ], [ 115.327379071000109, -8.480231002999972, 0.0 ], [ 115.327517621000084, -8.479666796999936, 0.0 ], [ 115.327568697000061, -8.477833746999977, 0.0 ], [ 115.327410151000095, -8.476896199999942, 0.0 ], [ 115.3266141470001, -8.475557858999935, 0.0 ], [ 115.326518376000081, -8.474397216999932, 0.0 ], [ 115.326622014, -8.473738831999981, 0.0 ], [ 115.325992070000098, -8.472919793999949, 0.0 ], [ 115.325620878000109, -8.472216446999937, 0.0 ], [ 115.324730352000074, -8.471359428999961, 0.0 ], [ 115.324659930000053, -8.471001144999946, 0.0 ], [ 115.325307737000117, -8.467666776999977, 0.0 ], [ 115.325525366000079, -8.467295365999973, 0.0 ], [ 115.326988345000018, -8.465503372999933, 0.0 ], [ 115.326990881000029, -8.464916209999956, 0.0 ], [ 115.326365091000071, -8.463137554999946, 0.0 ], [ 115.325637849000032, -8.461479009999948, 0.0 ], [ 115.324955861000035, -8.459385057999953, 0.0 ], [ 115.324830587000065, -8.458533718999945, 0.0 ], [ 115.324875528, -8.458297705999939, 0.0 ], [ 115.324676126000099, -8.457313013999965, 0.0 ], [ 115.323887053000021, -8.456650804999981, 0.0 ], [ 115.32376269100007, -8.455971746999978, 0.0 ], [ 115.323658920000071, -8.455356408999933, 0.0 ], [ 115.32368206700005, -8.454893279999965, 0.0 ], [ 115.32426410100004, -8.454074564999928, 0.0 ], [ 115.324570817000108, -8.453296877999946, 0.0 ], [ 115.324747558000013, -8.452175863999969, 0.0 ], [ 115.32471828100006, -8.451711311999929, 0.0 ], [ 115.32407700400006, -8.450281471999972, 0.0 ], [ 115.323951308, -8.449548313999969, 0.0 ], [ 115.323752609000053, -8.449130564999962, 0.0 ], [ 115.32246357300005, -8.447719583999969, 0.0 ], [ 115.322391775000028, -8.44729397499998, 0.0 ], [ 115.321774254000047, -8.445559276999973, 0.0 ], [ 115.320956210000077, -8.444822374999944, 0.0 ], [ 115.320719567000083, -8.444402069999967, 0.0 ], [ 115.320704838000097, -8.443982949999963, 0.0 ], [ 115.321317324, -8.442639656999972, 0.0 ], [ 115.321754952000106, -8.442393324999955, 0.0 ], [ 115.3214867800001, -8.441885895999974, 0.0 ], [ 115.321151968000095, -8.442098065999971, 0.0 ], [ 115.32087402500008, -8.442017803999931, 0.0 ], [ 115.321032089000028, -8.440381163999973, 0.0 ], [ 115.319477557000027, -8.439402586999961, 0.0 ], [ 115.3185802590001, -8.439242354999976, 0.0 ], [ 115.318340961000104, -8.439051405999976, 0.0 ], [ 115.318737107000061, -8.43813152499996, 0.0 ], [ 115.318673326000066, -8.43757377999998, 0.0 ], [ 115.318435020000038, -8.437306851999949, 0.0 ], [ 115.3180251120001, -8.436498221999955, 0.0 ], [ 115.318078632000038, -8.435138002999963, 0.0 ], [ 115.317463893000081, -8.43366690299996, 0.0 ], [ 115.31792973000006, -8.432561461999967, 0.0 ], [ 115.318049476000056, -8.432443396999929, 0.0 ], [ 115.318694161000053, -8.432303704999981, 0.0 ], [ 115.318957016000013, -8.432170419999977, 0.0 ], [ 115.319122192, -8.431319876999964, 0.0 ], [ 115.319681622000076, -8.430634131999966, 0.0 ], [ 115.319793280000113, -8.430547646999969, 0.0 ], [ 115.320437688000084, -8.430471340999929, 0.0 ], [ 115.320940380000025, -8.430022552999958, 0.0 ], [ 115.321896350000088, -8.429591637999977, 0.0 ], [ 115.322668263000082, -8.428725682999925, 0.0 ], [ 115.323038514000018, -8.426858102999972, 0.0 ], [ 115.323300329000062, -8.426487605999966, 0.0 ], [ 115.32411120900008, -8.425674476999973, 0.0 ], [ 115.32552372300006, -8.423563575999935, 0.0 ], [ 115.326222955000048, -8.42149472899996, 0.0 ], [ 115.32695728300007, -8.421239118999949, 0.0 ], [ 115.327544436000039, -8.420520284999952, 0.0 ], [ 115.327476343000058, -8.419958968999936, 0.0 ], [ 115.327305865000085, -8.419777852999971, 0.0 ], [ 115.327317377000099, -8.419457350999949, 0.0 ], [ 115.327762086, -8.419078506999938, 0.0 ], [ 115.328806978000102, -8.417444054999976, 0.0 ], [ 115.329052021000052, -8.416683753999962, 0.0 ], [ 115.329036633000101, -8.415797612999938, 0.0 ], [ 115.329129290000083, -8.415327140999977, 0.0 ], [ 115.329393918000051, -8.414667016999942, 0.0 ], [ 115.329707518000077, -8.414347823999947, 0.0 ], [ 115.330847544000108, -8.413831653999978, 0.0 ], [ 115.33106994100001, -8.41364224199998, 0.0 ], [ 115.330840918000035, -8.41292429899994, 0.0 ], [ 115.331016140000088, -8.411973190999959, 0.0 ], [ 115.331018542000038, -8.411412171999928, 0.0 ], [ 115.330921584000066, -8.410550164999961, 0.0 ], [ 115.330571164000048, -8.409104767999963, 0.0 ], [ 115.331203129000073, -8.408671124999955, 0.0 ], [ 115.331315478000079, -8.40828087899996, 0.0 ], [ 115.331172803000072, -8.40719573399997, 0.0 ], [ 115.330722936000029, -8.405979291999927, 0.0 ], [ 115.330775391000088, -8.405836290999957, 0.0 ], [ 115.330574130000059, -8.404705426999953, 0.0 ], [ 115.330556258000115, -8.404140205999965, 0.0 ], [ 115.33065032200011, -8.403339093999932, 0.0 ], [ 115.331466607000038, -8.401303560999963, 0.0 ], [ 115.331837485000051, -8.399361511999928, 0.0 ], [ 115.332416857000112, -8.398045710999952, 0.0 ], [ 115.332540019000021, -8.397495194999976, 0.0 ], [ 115.332729603000075, -8.395577927999966, 0.0 ], [ 115.332862960000057, -8.395017462999931, 0.0 ], [ 115.333756090000065, -8.393714072999956, 0.0 ], [ 115.334356460000095, -8.392233769999962, 0.0 ], [ 115.334663378000073, -8.391238934999933, 0.0 ], [ 115.33535486400001, -8.389638834999971, 0.0 ], [ 115.335668876000113, -8.388131544999965, 0.0 ], [ 115.336805180000056, -8.384849504999977, 0.0 ], [ 115.336833221, -8.384259425999971, 0.0 ], [ 115.33681483600003, -8.382570879999946, 0.0 ], [ 115.335696321000114, -8.382566162999979, 0.0 ], [ 115.334964408000019, -8.382206280999981, 0.0 ], [ 115.334324429000048, -8.381701573999976, 0.0 ], [ 115.334131547000084, -8.38136971299997, 0.0 ], [ 115.334684121, -8.380447534999973, 0.0 ], [ 115.334725805000062, -8.380223815999955, 0.0 ], [ 115.3336687850001, -8.378557031999947, 0.0 ], [ 115.333391575000064, -8.377588511999932, 0.0 ], [ 115.33440379700005, -8.376298467999959, 0.0 ], [ 115.335752305000028, -8.374766514999976, 0.0 ], [ 115.335675647000016, -8.37421711199994, 0.0 ], [ 115.335846178000111, -8.373912591999954, 0.0 ], [ 115.335809635000032, -8.373352275999935, 0.0 ], [ 115.335882720000086, -8.372657970999967, 0.0 ], [ 115.336291408000079, -8.370985255999926, 0.0 ], [ 115.336445415000071, -8.369482006999931, 0.0 ], [ 115.3345146260001, -8.36939463899995, 0.0 ], [ 115.332653844000106, -8.368836132999945, 0.0 ], [ 115.33090917100003, -8.368643483999961, 0.0 ], [ 115.32729762800011, -8.367975469999976, 0.0 ], [ 115.325272924000046, -8.367200418999971, 0.0 ], [ 115.324741617000086, -8.366895215999932, 0.0 ], [ 115.325047333000043, -8.366150495999932, 0.0 ], [ 115.325692050000043, -8.363688349999961, 0.0 ], [ 115.325710436, -8.363253700999962, 0.0 ], [ 115.3254558000001, -8.362731398999927, 0.0 ], [ 115.32547686700002, -8.36251598399997, 0.0 ], [ 115.325975970000059, -8.362402825999936, 0.0 ], [ 115.326258850000045, -8.362208564999946, 0.0 ], [ 115.326402239000117, -8.361541411999951, 0.0 ], [ 115.327359637000086, -8.360653624999941, 0.0 ], [ 115.327727705000029, -8.360091538999939, 0.0 ], [ 115.328653624000026, -8.359860007999941, 0.0 ], [ 115.329153674000054, -8.358944515999951, 0.0 ], [ 115.329572633000112, -8.358834557999955, 0.0 ], [ 115.330147766000096, -8.358004118999929, 0.0 ], [ 115.330078136000111, -8.357577234999951, 0.0 ], [ 115.329529078000064, -8.35707722899997, 0.0 ], [ 115.329486213000109, -8.355157390999977, 0.0 ], [ 115.329751722000083, -8.355128040999944, 0.0 ], [ 115.330190228000106, -8.355221301999961, 0.0 ], [ 115.330292382000039, -8.355201418999968, 0.0 ], [ 115.330344024000055, -8.35505944099998, 0.0 ], [ 115.330368207000106, -8.35440045699994, 0.0 ], [ 115.329924445000074, -8.354109398999981, 0.0 ], [ 115.329816272000016, -8.353919164999979, 0.0 ], [ 115.329621015000043, -8.352851965999946, 0.0 ], [ 115.329717028000118, -8.351854905999971, 0.0 ], [ 115.330064968000102, -8.35118762899998, 0.0 ], [ 115.329884605000075, -8.350821098999972, 0.0 ], [ 115.329921356000114, -8.350721844999953, 0.0 ], [ 115.330003550000015, -8.350613747999944, 0.0 ], [ 115.330640591000019, -8.350300136999977, 0.0 ], [ 115.330814292000014, -8.350029755999969, 0.0 ], [ 115.330636042000037, -8.349233741999967, 0.0 ], [ 115.330703491, -8.348321279999936, 0.0 ], [ 115.330579430000057, -8.347474710999961, 0.0 ], [ 115.330854866000095, -8.346770978999928, 0.0 ], [ 115.330759065000052, -8.345790145999956, 0.0 ], [ 115.330508312, -8.34521482699995, 0.0 ], [ 115.3295604650001, -8.344049361999964, 0.0 ], [ 115.329246042000022, -8.342158790999974, 0.0 ], [ 115.329043167, -8.341758590999973, 0.0 ], [ 115.328466492000075, -8.341021183999942, 0.0 ], [ 115.328132880000112, -8.339800066999942, 0.0 ], [ 115.327935321000041, -8.339412525999933, 0.0 ], [ 115.327082136000058, -8.338451954999925, 0.0 ], [ 115.326994404000061, -8.337995547999981, 0.0 ], [ 115.327223792000041, -8.336598684999956, 0.0 ], [ 115.327270337000073, -8.335738507999963, 0.0 ], [ 115.326989069000092, -8.334642301999963, 0.0 ], [ 115.326954931000046, -8.33426529999997, 0.0 ], [ 115.3270578690001, -8.333591660999957, 0.0 ], [ 115.327659968000034, -8.331520491999981, 0.0 ], [ 115.327930919000096, -8.33083878399998, 0.0 ], [ 115.328175755000075, -8.330515783999942, 0.0 ], [ 115.326512583000067, -8.329326125999955, 0.0 ], [ 115.325474188000044, -8.329035375999979, 0.0 ], [ 115.323901674000012, -8.328770489999954, 0.0 ], [ 115.322223829000109, -8.32826636599998, 0.0 ], [ 115.322142225000107, -8.32835317699994, 0.0 ], [ 115.32220742100003, -8.329189876999976, 0.0 ], [ 115.321999042000016, -8.329508316999977, 0.0 ], [ 115.3212821730001, -8.330123353999966, 0.0 ], [ 115.320447792000095, -8.331175797999947, 0.0 ], [ 115.320288998000024, -8.331978702999947, 0.0 ], [ 115.319105848000049, -8.333432595999966, 0.0 ], [ 115.318623694000053, -8.333779278999941, 0.0 ], [ 115.317840321000062, -8.333968758999958, 0.0 ], [ 115.317512052000097, -8.334135852999964, 0.0 ], [ 115.317036620000067, -8.334534868999981, 0.0 ], [ 115.316734481000026, -8.33498684999995, 0.0 ], [ 115.31659705200002, -8.335676457999966, 0.0 ], [ 115.316625054000042, -8.33638732199995, 0.0 ], [ 115.316334856000026, -8.336468580999963, 0.0 ], [ 115.315838059000043, -8.336456131999967, 0.0 ], [ 115.315633971000011, -8.336860449999961, 0.0 ], [ 115.315659262000054, -8.335801420999928, 0.0 ], [ 115.316020336000065, -8.334821285999965, 0.0 ], [ 115.316035307000107, -8.33377704399993, 0.0 ], [ 115.315879516000109, -8.333527327999946, 0.0 ], [ 115.314339106000034, -8.333506296999929, 0.0 ], [ 115.313161939000111, -8.333338203999972, 0.0 ], [ 115.312355063000041, -8.332485341999927, 0.0 ], [ 115.310173852000048, -8.330678610999939, 0.0 ], [ 115.309236609000095, -8.329511563999972, 0.0 ], [ 115.306651406000015, -8.328719577999948, 0.0 ], [ 115.305713442000069, -8.329620445999979, 0.0 ], [ 115.305405140000062, -8.330407927999943, 0.0 ], [ 115.304586049000022, -8.331388517999926, 0.0 ], [ 115.304117424000083, -8.332603788999961, 0.0 ], [ 115.304063235000058, -8.333535322999978, 0.0 ], [ 115.303869390000045, -8.334086036999963, 0.0 ], [ 115.303886245000058, -8.333969205999949, 0.0 ], [ 115.303593317000036, -8.334446571999933, 0.0 ], [ 115.303183034000085, -8.334859648999952, 0.0 ], [ 115.301942932000088, -8.33551530699998, 0.0 ], [ 115.301427827000111, -8.335916703999942, 0.0 ], [ 115.300993732000052, -8.336381488999962, 0.0 ], [ 115.300648666000029, -8.336449720999951, 0.0 ], [ 115.299778756000023, -8.337579761999962, 0.0 ], [ 115.299562477000109, -8.336473534999925, 0.0 ], [ 115.300282608000089, -8.334059942999943, 0.0 ], [ 115.29996342600009, -8.332944391999945, 0.0 ], [ 115.299845837000021, -8.332943887999932, 0.0 ], [ 115.297929697000086, -8.334756027999958, 0.0 ], [ 115.29718316900005, -8.335976853999966, 0.0 ], [ 115.296184302000029, -8.337196594999966, 0.0 ], [ 115.29493500600006, -8.338205708999965, 0.0 ], [ 115.294871176000015, -8.337366043999964, 0.0 ], [ 115.294954255000107, -8.336083397999971, 0.0 ], [ 115.294241760000091, -8.332702411999946, 0.0 ], [ 115.293969182000069, -8.332025656999974, 0.0 ], [ 115.293442013000117, -8.331169042999932, 0.0 ], [ 115.293613586000106, -8.33064079899998, 0.0 ], [ 115.293295837000073, -8.330115952999961, 0.0 ], [ 115.294107009000072, -8.328651407999928, 0.0 ], [ 115.29431098900011, -8.328060065999978, 0.0 ], [ 115.292778715000054, -8.326714156999969, 0.0 ], [ 115.29293494500007, -8.326578161999976, 0.0 ], [ 115.292185846000052, -8.326096156999938, 0.0 ], [ 115.291577233000112, -8.324991101999956, 0.0 ], [ 115.291359880000073, -8.324443504999977, 0.0 ], [ 115.291270204000057, -8.32402867899998, 0.0 ], [ 115.29151080500003, -8.323437494999951, 0.0 ], [ 115.291395699000077, -8.322535005999953, 0.0 ], [ 115.291436584000053, -8.321551188999933, 0.0 ], [ 115.290688707000072, -8.320211941999958, 0.0 ], [ 115.290601542000104, -8.319200242999955, 0.0 ], [ 115.290732806000051, -8.317561123999951, 0.0 ], [ 115.290062138000053, -8.317449004999958, 0.0 ], [ 115.2887901040001, -8.316965686999936, 0.0 ], [ 115.285278496000046, -8.315482318999955, 0.0 ], [ 115.283231411000088, -8.314934475999962, 0.0 ], [ 115.28195323500006, -8.316514505999976, 0.0 ], [ 115.281550324000023, -8.316845684999976, 0.0 ], [ 115.279954608000025, -8.317658026999936, 0.0 ], [ 115.279366450000111, -8.317904624999926, 0.0 ], [ 115.278891348000116, -8.317997071999969, 0.0 ], [ 115.278518578000103, -8.318296905999944, 0.0 ], [ 115.27789048000011, -8.319371648999947, 0.0 ], [ 115.277519081000037, -8.319430251999961, 0.0 ], [ 115.27699072300004, -8.319948263999947, 0.0 ], [ 115.275207585000089, -8.320957892999957, 0.0 ], [ 115.274244174000046, -8.321680649999962, 0.0 ], [ 115.273181960000102, -8.322160049999979, 0.0 ], [ 115.272693083000036, -8.322574645999964, 0.0 ], [ 115.272347004000039, -8.322736369999973, 0.0 ], [ 115.271432448000041, -8.322637887999974, 0.0 ], [ 115.271240378000016, -8.322683757999926, 0.0 ], [ 115.270147557000087, -8.32417728799993, 0.0 ], [ 115.269017789000031, -8.326037054999972, 0.0 ], [ 115.26809805500011, -8.327149950999967, 0.0 ], [ 115.267063890000031, -8.328197849999981, 0.0 ], [ 115.266582654000104, -8.329144060999965, 0.0 ], [ 115.265183718000117, -8.330237820999969, 0.0 ], [ 115.264807999000027, -8.330885597999952, 0.0 ], [ 115.264351545000068, -8.331971261999968, 0.0 ], [ 115.264042729000039, -8.332408096999927, 0.0 ], [ 115.26353103100007, -8.332787808999967, 0.0 ], [ 115.263174143000015, -8.332900851999966, 0.0 ], [ 115.262477897000053, -8.332843308999941, 0.0 ], [ 115.262482143000057, -8.332597237999948, 0.0 ], [ 115.262327344000028, -8.33219745699995, 0.0 ], [ 115.262389861000088, -8.331536875999973, 0.0 ], [ 115.262773921000075, -8.330655986999943, 0.0 ], [ 115.263145919000067, -8.330330606999951, 0.0 ], [ 115.26375710800005, -8.32873895299997, 0.0 ], [ 115.264076057000011, -8.327338919999931, 0.0 ], [ 115.264295119000053, -8.325435848999973, 0.0 ], [ 115.264528421000023, -8.324375207999935, 0.0 ], [ 115.264383028000111, -8.324110378999933, 0.0 ], [ 115.264311495000015, -8.323745622999979, 0.0 ], [ 115.264282299000115, -8.322056890999932, 0.0 ], [ 115.263978061000103, -8.321737706999954, 0.0 ], [ 115.263253253000016, -8.320224891999942, 0.0 ], [ 115.261704745000088, -8.31845981999993, 0.0 ], [ 115.260999838000089, -8.31786331099994, 0.0 ], [ 115.260392265000064, -8.316626449999944, 0.0 ], [ 115.260329365000075, -8.316352834999975, 0.0 ], [ 115.260020130000044, -8.315914190999933, 0.0 ], [ 115.259023978000073, -8.31492671999996, 0.0 ], [ 115.258624621000081, -8.315133472999946, 0.0 ], [ 115.258276203000037, -8.315211136999949, 0.0 ], [ 115.257958430000031, -8.315130554999939, 0.0 ], [ 115.256596750000085, -8.314213394999967, 0.0 ], [ 115.25615025400009, -8.31402350999997, 0.0 ], [ 115.254538248000017, -8.314313228999936, 0.0 ], [ 115.25392316500006, -8.314592554999933, 0.0 ], [ 115.252358607000019, -8.314857717999928, 0.0 ], [ 115.25189139500003, -8.314816132999965, 0.0 ], [ 115.251039374000015, -8.314460981999957, 0.0 ], [ 115.250862789000053, -8.314739706999944, 0.0 ], [ 115.249722789000089, -8.315321216999962, 0.0 ], [ 115.249323185000094, -8.315616572999943, 0.0 ], [ 115.248802172000069, -8.316289267999935, 0.0 ], [ 115.248717644000067, -8.317122137999945, 0.0 ], [ 115.248166858000104, -8.317291360999945, 0.0 ], [ 115.247701086, -8.31730917799996, 0.0 ], [ 115.247487666000097, -8.31744800499996, 0.0 ], [ 115.247553376000042, -8.317991588999973, 0.0 ], [ 115.24729030200001, -8.318388126999935, 0.0 ], [ 115.247301356000094, -8.318599897999945, 0.0 ], [ 115.248056814000051, -8.319596082999965, 0.0 ], [ 115.24888924000004, -8.320155200999977, 0.0 ], [ 115.248976180000113, -8.320451210999977, 0.0 ], [ 115.248879088000081, -8.320610549999969, 0.0 ], [ 115.248005074000048, -8.32143590499993, 0.0 ], [ 115.24757038700011, -8.321673574999977, 0.0 ], [ 115.246233755000048, -8.32162343899995, 0.0 ], [ 115.245342252000114, -8.321679225999958, 0.0 ], [ 115.24499967700001, -8.321775106999951, 0.0 ], [ 115.245015097000078, -8.322101146999955, 0.0 ], [ 115.24586277800006, -8.324263383999948, 0.0 ], [ 115.246559921000085, -8.32476732899994, 0.0 ], [ 115.246622964000039, -8.325023302999966, 0.0 ], [ 115.246423537000055, -8.325550764999946, 0.0 ], [ 115.245533256000044, -8.326555283999937, 0.0 ], [ 115.245614307000096, -8.327547451999976, 0.0 ], [ 115.245214390000115, -8.327718668999978, 0.0 ], [ 115.244019048000041, -8.327749022999967, 0.0 ], [ 115.243594703000099, -8.327832318999981, 0.0 ], [ 115.2434950600001, -8.327921609999976, 0.0 ], [ 115.243402839000055, -8.328352004999942, 0.0 ], [ 115.243396165000036, -8.32881421299993, 0.0 ], [ 115.243533561000049, -8.329330941999956, 0.0 ], [ 115.243910622000044, -8.329932751999934, 0.0 ], [ 115.244278518000101, -8.330347332999963, 0.0 ], [ 115.246378484000047, -8.331009071999972, 0.0 ], [ 115.247566822000067, -8.331770824999978, 0.0 ], [ 115.247759011000085, -8.332288627999958, 0.0 ], [ 115.247458976000075, -8.333321258999945, 0.0 ], [ 115.247738667000021, -8.335264615999961, 0.0 ], [ 115.247867952000092, -8.335588333999965, 0.0 ], [ 115.24863485000003, -8.336617985999965, 0.0 ], [ 115.248688992000098, -8.337578616999963, 0.0 ], [ 115.24880083700009, -8.337779395999974, 0.0 ], [ 115.249291192000101, -8.338050935999945, 0.0 ], [ 115.249312045000011, -8.338414540999963, 0.0 ], [ 115.248108611000021, -8.339203290999933, 0.0 ], [ 115.248024932000021, -8.340696520999927, 0.0 ], [ 115.247886874000073, -8.341283775999955, 0.0 ], [ 115.247512102000087, -8.341371790999972, 0.0 ], [ 115.24675314600006, -8.341192772999932, 0.0 ], [ 115.246142014000043, -8.341670123999961, 0.0 ], [ 115.245898208000085, -8.341722843999946, 0.0 ], [ 115.245475190000093, -8.34151892899996, 0.0 ], [ 115.245329527000081, -8.340840602999947, 0.0 ], [ 115.244963445000053, -8.340641130999927, 0.0 ], [ 115.244710936000047, -8.340626494999981, 0.0 ], [ 115.244502960000091, -8.34073323399997, 0.0 ], [ 115.244421102000047, -8.340876460999937, 0.0 ], [ 115.244139962000077, -8.34205858699994, 0.0 ], [ 115.243943452000053, -8.342605176999939, 0.0 ], [ 115.243780284000081, -8.342774952999946, 0.0 ], [ 115.243608620000032, -8.342832493999936, 0.0 ], [ 115.243419421000112, -8.342782248999981, 0.0 ], [ 115.242992568000091, -8.342434705999949, 0.0 ], [ 115.242789840000114, -8.342384396999933, 0.0 ], [ 115.242047958000057, -8.342525686999977, 0.0 ], [ 115.241763094000021, -8.342676942999958, 0.0 ], [ 115.241671319000034, -8.343082059999972, 0.0 ], [ 115.242106213000056, -8.345492281999952, 0.0 ], [ 115.241896484000108, -8.345754607999936, 0.0 ], [ 115.241683680000051, -8.345817446999945, 0.0 ], [ 115.240511292000065, -8.345828171999926, 0.0 ], [ 115.24034223600006, -8.345967013999939, 0.0 ], [ 115.23996731200009, -8.346926011999926, 0.0 ], [ 115.239768849000029, -8.34791757399995, 0.0 ], [ 115.238892045000057, -8.349198522999927, 0.0 ], [ 115.238790857000026, -8.349492408999936, 0.0 ], [ 115.238746123000055, -8.35063620699998, 0.0 ], [ 115.238659593000079, -8.350845044999971, 0.0 ], [ 115.238164101000052, -8.351328250999927, 0.0 ], [ 115.237590408000074, -8.351562527999931, 0.0 ], [ 115.237543402000028, -8.351859763999926, 0.0 ], [ 115.237955773000067, -8.352621728999964, 0.0 ], [ 115.237728477000019, -8.353543287999969, 0.0 ], [ 115.237334794000049, -8.354133926999964, 0.0 ], [ 115.237004293000041, -8.354374379999967, 0.0 ], [ 115.23648649900008, -8.354573623999954, 0.0 ], [ 115.23620702900007, -8.355729795999935, 0.0 ], [ 115.235850169000059, -8.356186914999967, 0.0 ], [ 115.235229769000057, -8.356652883999971, 0.0 ], [ 115.234433282000055, -8.357822430999931, 0.0 ], [ 115.234334625000088, -8.358326131999945, 0.0 ], [ 115.234422787000085, -8.358971873999963, 0.0 ], [ 115.234818552000092, -8.360091399999931, 0.0 ], [ 115.235031630000094, -8.361110809999957, 0.0 ], [ 115.235202819000051, -8.361343524999938, 0.0 ], [ 115.236261722000108, -8.361688597999944, 0.0 ], [ 115.236298779000094, -8.362503062999963, 0.0 ], [ 115.236665449000043, -8.363190441999961, 0.0 ], [ 115.23621158800006, -8.363798355999961, 0.0 ], [ 115.23660553000002, -8.364787866999961, 0.0 ], [ 115.236564195000028, -8.365209400999959, 0.0 ], [ 115.236081323, -8.366518861999964, 0.0 ], [ 115.235984479000081, -8.366690390999963, 0.0 ], [ 115.23576292700011, -8.366832673999966, 0.0 ], [ 115.234892482000078, -8.367115234999972, 0.0 ], [ 115.234613064000087, -8.367309795999972, 0.0 ], [ 115.23431641600007, -8.368101442999944, 0.0 ], [ 115.233533500000021, -8.36891331299995, 0.0 ], [ 115.233315394000101, -8.369342249999931, 0.0 ], [ 115.233294944000022, -8.369604906999939, 0.0 ], [ 115.233371384000066, -8.369686480999974, 0.0 ], [ 115.233577765000064, -8.369706557999962, 0.0 ], [ 115.234073035000051, -8.369560784999976, 0.0 ], [ 115.234264152000037, -8.369762328999968, 0.0 ], [ 115.234338841000067, -8.370323760999952, 0.0 ], [ 115.234528287000103, -8.370878821999952, 0.0 ], [ 115.234404899000083, -8.371668817999932, 0.0 ], [ 115.234441662000108, -8.372017735999975, 0.0 ], [ 115.23467869600006, -8.372663788999944, 0.0 ], [ 115.234997632000045, -8.37419837799996, 0.0 ], [ 115.234360204000041, -8.37541717299996, 0.0 ], [ 115.23396, -8.376782247999927, 0.0 ], [ 115.233757718000106, -8.37701431499994, 0.0 ], [ 115.233351524000113, -8.377188665999938, 0.0 ], [ 115.232840935000013, -8.37758841599998, 0.0 ], [ 115.232043420000082, -8.378408461999982, 0.0 ], [ 115.231840796000029, -8.378712224999958, 0.0 ], [ 115.231816958000081, -8.379281587999969, 0.0 ], [ 115.231287177000013, -8.380805324999926, 0.0 ], [ 115.231392809000113, -8.381325630999982, 0.0 ], [ 115.231715067000096, -8.38181289299996, 0.0 ], [ 115.231277157000022, -8.384137447999933, 0.0 ], [ 115.231171722000113, -8.384208650999938, 0.0 ], [ 115.230871492, -8.38419827499996, 0.0 ], [ 115.229025080000042, -8.38381028799995, 0.0 ], [ 115.228451648000032, -8.38378966099998, 0.0 ], [ 115.228235041000062, -8.38387527499998, 0.0 ], [ 115.228018408000025, -8.385777234999978, 0.0 ], [ 115.227785640000093, -8.386047959999928, 0.0 ], [ 115.227170651000051, -8.386097913999947, 0.0 ], [ 115.226958162000074, -8.386183539999934, 0.0 ], [ 115.226491121000095, -8.38683610399994, 0.0 ], [ 115.225667669000018, -8.389236690999951, 0.0 ], [ 115.225292902000092, -8.391443157999959, 0.0 ], [ 115.225392338, -8.391861665999954, 0.0 ], [ 115.225525728000093, -8.392048366999973, 0.0 ], [ 115.226453775000095, -8.39253462399995, 0.0 ], [ 115.22658870600003, -8.39357846799993, 0.0 ], [ 115.226782461000084, -8.39418053299994, 0.0 ], [ 115.227179362000015, -8.394420959999934, 0.0 ], [ 115.227836746000094, -8.394342954999956, 0.0 ], [ 115.227978890000031, -8.394706225999926, 0.0 ], [ 115.227853869000114, -8.395776606999959, 0.0 ], [ 115.227581671000053, -8.396888156999978, 0.0 ], [ 115.22812741100006, -8.397618213999976, 0.0 ], [ 115.227814238000065, -8.399168461999977, 0.0 ], [ 115.228082377000078, -8.400169192999954, 0.0 ], [ 115.227849776000085, -8.400531633999947, 0.0 ], [ 115.227470425000092, -8.400843106999957, 0.0 ], [ 115.227357192000113, -8.401319926999975, 0.0 ], [ 115.227463108000052, -8.401887814999952, 0.0 ], [ 115.228189673000088, -8.402404442999966, 0.0 ], [ 115.228371923000054, -8.402630091999981, 0.0 ], [ 115.228632507000043, -8.403216293999947, 0.0 ], [ 115.228662591000102, -8.403616919999934, 0.0 ], [ 115.228564832000075, -8.403936120999958, 0.0 ], [ 115.228144285000099, -8.404353182999955, 0.0 ], [ 115.228060633000041, -8.404552732999946, 0.0 ], [ 115.228305457000033, -8.405206332999967, 0.0 ], [ 115.228119527000104, -8.406135761999963, 0.0 ], [ 115.228201160000026, -8.406348323999964, 0.0 ], [ 115.228856921000101, -8.407037478999939, 0.0 ], [ 115.228973212000028, -8.407250203999979, 0.0 ], [ 115.228980188000037, -8.407465066999976, 0.0 ], [ 115.228858804000083, -8.407761539999967, 0.0 ], [ 115.227723083000114, -8.408543868999971, 0.0 ], [ 115.227691614000037, -8.408785021999961, 0.0 ], [ 115.227788660000101, -8.409098419999964, 0.0 ], [ 115.228349903000094, -8.409258077999937, 0.0 ], [ 115.228587843000014, -8.409432637999942, 0.0 ], [ 115.228663784000105, -8.410198378999951, 0.0 ], [ 115.229170390000036, -8.411452114999975, 0.0 ], [ 115.228823432000013, -8.413194648999934, 0.0 ], [ 115.228620374000116, -8.415528068999947, 0.0 ], [ 115.228664575000039, -8.416137489999926, 0.0 ], [ 115.228882357000089, -8.416332663999981, 0.0 ], [ 115.229762584000014, -8.416618, 0.0 ], [ 115.229946926000025, -8.416769500999976, 0.0 ], [ 115.230785386000093, -8.418945092999934, 0.0 ], [ 115.230732138, -8.41952727499995, 0.0 ], [ 115.230233807000104, -8.420217057999935, 0.0 ], [ 115.230245943000114, -8.420494943999927, 0.0 ], [ 115.230422153000063, -8.420940969999947, 0.0 ], [ 115.231169968000017, -8.421689400999981, 0.0 ], [ 115.231225494000114, -8.422041132999937, 0.0 ], [ 115.231071254000085, -8.422632879999981, 0.0 ], [ 115.230732842000066, -8.423406866999926, 0.0 ], [ 115.230808465000109, -8.424264835999963, 0.0 ], [ 115.230454412000086, -8.425701966999952, 0.0 ], [ 115.230570560000046, -8.425809639999954, 0.0 ], [ 115.231087756000079, -8.425871597999958, 0.0 ], [ 115.231383321000067, -8.425992020999956, 0.0 ], [ 115.231835519000015, -8.426714385999958, 0.0 ], [ 115.232787497000118, -8.427186060999929, 0.0 ], [ 115.233106260000113, -8.427543799999967, 0.0 ], [ 115.233194735000097, -8.42780905099994, 0.0 ], [ 115.233176429000082, -8.42906961999995, 0.0 ], [ 115.232210441, -8.429655282999931, 0.0 ], [ 115.232213677000118, -8.430565869999953, 0.0 ], [ 115.23233433200005, -8.431496736999975, 0.0 ], [ 115.232295643000043, -8.432327131999955, 0.0 ], [ 115.232097996000107, -8.432551826999941, 0.0 ], [ 115.231266825000034, -8.433042535999959, 0.0 ], [ 115.231156140000053, -8.43326387999997, 0.0 ], [ 115.231313241000066, -8.433614347999935, 0.0 ], [ 115.231783940000014, -8.434000141999945, 0.0 ], [ 115.2320617150001, -8.434462070999928, 0.0 ], [ 115.23203766600011, -8.435500585999932, 0.0 ], [ 115.231941303000099, -8.435878728999967, 0.0 ], [ 115.231638513, -8.436337293999941, 0.0 ], [ 115.230519610000101, -8.436852995999971, 0.0 ], [ 115.230243376000089, -8.437274963999926, 0.0 ], [ 115.23027559600007, -8.43762735599995, 0.0 ], [ 115.230583017000072, -8.438704003999931, 0.0 ], [ 115.230578267000055, -8.43899481699998, 0.0 ], [ 115.230302327000118, -8.440412907999928, 0.0 ], [ 115.229923470000017, -8.441599916999962, 0.0 ], [ 115.229877786000088, -8.442019407999965, 0.0 ], [ 115.23021506200007, -8.442468957999949, 0.0 ], [ 115.230454030000033, -8.443833124999969, 0.0 ], [ 115.230199951000031, -8.444161399999928, 0.0 ], [ 115.229616092000015, -8.444676783999967, 0.0 ], [ 115.229608365000104, -8.444887351999967, 0.0 ], [ 115.230520673000115, -8.445522049999965, 0.0 ], [ 115.230620464000026, -8.447290574999954, 0.0 ], [ 115.230862752, -8.447926878999965, 0.0 ], [ 115.231033025000102, -8.448161689999949, 0.0 ], [ 115.231224037000061, -8.44827625399995, 0.0 ], [ 115.231386001000033, -8.448139961999971, 0.0 ], [ 115.231636341000012, -8.447091469999975, 0.0 ], [ 115.232266203000108, -8.447498948999964, 0.0 ], [ 115.232573930000058, -8.44786972199995, 0.0 ], [ 115.232724135000012, -8.448332524999955, 0.0 ], [ 115.232698362000065, -8.448532971999953, 0.0 ], [ 115.231810875000065, -8.448910380999962, 0.0 ], [ 115.231259894000118, -8.449327322999977, 0.0 ], [ 115.231168305000097, -8.449579951999965, 0.0 ], [ 115.231192942, -8.450111790999927, 0.0 ], [ 115.231388784000046, -8.450459016999957, 0.0 ], [ 115.231831731000057, -8.450933944999974, 0.0 ], [ 115.232817379000039, -8.451549072999967, 0.0 ], [ 115.234141040000054, -8.45219287499998, 0.0 ], [ 115.234354212000085, -8.452416979999953, 0.0 ], [ 115.234366759000068, -8.452593517999958, 0.0 ], [ 115.233999991000019, -8.45367700099996, 0.0 ], [ 115.234040068000013, -8.45451165399993, 0.0 ], [ 115.234263696000085, -8.454649234999977, 0.0 ], [ 115.235123756, -8.454703251999945, 0.0 ], [ 115.235583911000049, -8.455081694999933, 0.0 ], [ 115.235631558000023, -8.455638369999974, 0.0 ], [ 115.235346136000089, -8.456612141999926, 0.0 ], [ 115.235569074000068, -8.456913791999966, 0.0 ], [ 115.235982048000096, -8.457133491999969, 0.0 ], [ 115.236190280000073, -8.457375891999959, 0.0 ], [ 115.236260261000098, -8.457669705999933, 0.0 ], [ 115.236238110000045, -8.458289331999936, 0.0 ], [ 115.236324465000052, -8.458487095999942, 0.0 ], [ 115.236682820000055, -8.458786137999937, 0.0 ], [ 115.237129001000085, -8.45897507799998, 0.0 ], [ 115.238457749000077, -8.45935125699998, 0.0 ], [ 115.238621882000075, -8.459632591999934, 0.0 ], [ 115.238490315000035, -8.46048916899997, 0.0 ], [ 115.238517189000049, -8.461047494999946, 0.0 ], [ 115.239249616000052, -8.46241391999996, 0.0 ], [ 115.2398298170001, -8.46317901499998, 0.0 ], [ 115.240128131, -8.463444833999972, 0.0 ], [ 115.240317682000068, -8.463512880999929, 0.0 ], [ 115.241056111000034, -8.46350797499997, 0.0 ], [ 115.241321032000087, -8.46369808999998, 0.0 ], [ 115.241993246000106, -8.464501626999947, 0.0 ], [ 115.242265008000118, -8.465027532999954, 0.0 ], [ 115.242280846000085, -8.465245851999953, 0.0 ], [ 115.241394482000032, -8.466096560999972, 0.0 ], [ 115.241313154000068, -8.466339601999948, 0.0 ], [ 115.241626090000068, -8.467079748999936, 0.0 ], [ 115.242363431000058, -8.468277693999937, 0.0 ], [ 115.242583523, -8.469021598999973, 0.0 ], [ 115.242309600000112, -8.469418620999932, 0.0 ], [ 115.241274009000108, -8.47022609499993, 0.0 ], [ 115.241158462000044, -8.470663840999975, 0.0 ], [ 115.241257401000098, -8.470942505999972, 0.0 ], [ 115.241598231000012, -8.471172383999942, 0.0 ], [ 115.242246290000026, -8.471354533999943, 0.0 ], [ 115.243587628000114, -8.471539222999979, 0.0 ], [ 115.24396015800005, -8.471694795999952, 0.0 ], [ 115.244151189000036, -8.471891941999957, 0.0 ], [ 115.244208557000093, -8.472162712999932, 0.0 ], [ 115.244048107000026, -8.472262730999944, 0.0 ], [ 115.243440474000067, -8.472206822999965, 0.0 ], [ 115.242954977000068, -8.472257571999933, 0.0 ], [ 115.242687780000097, -8.472378299999946, 0.0 ], [ 115.242568930000061, -8.472747803999937, 0.0 ], [ 115.2427814670001, -8.474027053999976, 0.0 ], [ 115.242573089000075, -8.47417876999998, 0.0 ], [ 115.241963042000066, -8.474240526999949, 0.0 ], [ 115.241798011000014, -8.47450506499996, 0.0 ], [ 115.241656942000077, -8.475013574999934, 0.0 ], [ 115.241729220000025, -8.475862555999981, 0.0 ], [ 115.241988395000021, -8.476198180999972, 0.0 ], [ 115.242785770000069, -8.475968010999964, 0.0 ], [ 115.243038919000014, -8.475989192999975, 0.0 ], [ 115.24344442000006, -8.476208870999926, 0.0 ], [ 115.24458018200005, -8.477320910999936, 0.0 ], [ 115.244811981000112, -8.477916044999972, 0.0 ], [ 115.244783754000082, -8.478244755999981, 0.0 ], [ 115.244342764000066, -8.478977597999972, 0.0 ], [ 115.244126081000104, -8.479687302999935, 0.0 ], [ 115.2439830080001, -8.48056498699998, 0.0 ], [ 115.244077324000045, -8.480915491999951, 0.0 ], [ 115.244067999000094, -8.481753467999965, 0.0 ], [ 115.243579428000089, -8.483483576999959, 0.0 ], [ 115.243308534000107, -8.483997927999951, 0.0 ], [ 115.242277881000064, -8.484861332999969, 0.0 ], [ 115.241788485000029, -8.485921514999973, 0.0 ], [ 115.241616300000032, -8.486679356999957, 0.0 ], [ 115.24169039200001, -8.487048557999969, 0.0 ], [ 115.241849767000076, -8.48720858799993, 0.0 ], [ 115.242060213000059, -8.487264072999949, 0.0 ], [ 115.242364127000087, -8.487160723999978, 0.0 ], [ 115.242839684000046, -8.48641269899997, 0.0 ], [ 115.243021070000054, -8.486375832999954, 0.0 ], [ 115.243168224000101, -8.486447783999949, 0.0 ], [ 115.243471733000092, -8.487312662999955, 0.0 ], [ 115.243440216000067, -8.487735853999936, 0.0 ], [ 115.243277086000035, -8.488258461999976, 0.0 ], [ 115.242966754, -8.488822843999969, 0.0 ], [ 115.242408311000077, -8.489277073999972, 0.0 ], [ 115.241845365000017, -8.490564601999949, 0.0 ], [ 115.240318166000066, -8.491494601999932, 0.0 ], [ 115.240226188000065, -8.491796091999959, 0.0 ], [ 115.240342136000095, -8.492050895999967, 0.0 ], [ 115.24126651600011, -8.492532000999972, 0.0 ], [ 115.241441653000038, -8.492659957999933, 0.0 ], [ 115.241589555000019, -8.492914912999936, 0.0 ], [ 115.241749770000069, -8.494010235999951, 0.0 ], [ 115.241817200000014, -8.495655610999961, 0.0 ], [ 115.241960512000105, -8.495756931999949, 0.0 ], [ 115.242822563000118, -8.495909328999971, 0.0 ], [ 115.243040383000107, -8.496021596999981, 0.0 ], [ 115.243214891000093, -8.496281973999942, 0.0 ], [ 115.243266428000084, -8.496642411999972, 0.0 ], [ 115.242855780000014, -8.497539379999978, 0.0 ], [ 115.242601600000057, -8.498348611999972, 0.0 ], [ 115.242648226000028, -8.498574245999976, 0.0 ], [ 115.243203755000081, -8.499344935999943, 0.0 ], [ 115.243164856000021, -8.499683757999946, 0.0 ], [ 115.243031055000074, -8.499820844999931, 0.0 ], [ 115.242684605000022, -8.49987747199998, 0.0 ], [ 115.242121117000011, -8.49965762599993, 0.0 ], [ 115.241710960000091, -8.499671573999933, 0.0 ], [ 115.241326266000101, -8.499929301999941, 0.0 ], [ 115.240553632000115, -8.500010389999943, 0.0 ], [ 115.239432857000111, -8.501480375999961, 0.0 ], [ 115.238667700000065, -8.502223614999934, 0.0 ], [ 115.237943780000023, -8.503131192999945, 0.0 ], [ 115.237813396000092, -8.503665565999938, 0.0 ], [ 115.237878594000108, -8.504508090999934, 0.0 ], [ 115.237985889000015, -8.505235779999964, 0.0 ], [ 115.238259019000111, -8.505543149999937, 0.0 ], [ 115.238290491000043, -8.505891750999979, 0.0 ], [ 115.237680332000082, -8.507554957999957, 0.0 ], [ 115.237919328000089, -8.508069353999929, 0.0 ], [ 115.238342844000044, -8.508614904999945, 0.0 ], [ 115.238374902000032, -8.508841079999968, 0.0 ], [ 115.238126835000116, -8.509230731999935, 0.0 ], [ 115.237426636, -8.509992646999933, 0.0 ], [ 115.237286692000112, -8.51054290999997, 0.0 ], [ 115.237269710000078, -8.511122012999977, 0.0 ], [ 115.236716591000118, -8.511897788999931, 0.0 ], [ 115.235886516000051, -8.512459197999931, 0.0 ], [ 115.235672126000054, -8.512403759999927, 0.0 ], [ 115.235219384000061, -8.512024867999969, 0.0 ], [ 115.234765095000057, -8.511968285999956, 0.0 ], [ 115.233521340000038, -8.512410257999932, 0.0 ], [ 115.233305843000039, -8.512585040999966, 0.0 ], [ 115.2333048160001, -8.512798519999933, 0.0 ], [ 115.23347972800002, -8.513229407999972, 0.0 ], [ 115.233394022000084, -8.513547132999975, 0.0 ], [ 115.232495811000035, -8.51455939899995, 0.0 ], [ 115.232182278000096, -8.515193366999938, 0.0 ], [ 115.231645703000027, -8.516702368999972, 0.0 ], [ 115.231516074000069, -8.516927356999929, 0.0 ], [ 115.231097609000017, -8.517321140999968, 0.0 ], [ 115.23084536500005, -8.517883950999931, 0.0 ], [ 115.230681537, -8.518928476999974, 0.0 ], [ 115.230629342000043, -8.521537708999972, 0.0 ], [ 115.230823619000034, -8.521806916999935, 0.0 ], [ 115.231773990000079, -8.522154591999936, 0.0 ], [ 115.231833215000051, -8.522460042999967, 0.0 ], [ 115.231573232000073, -8.523230103999936, 0.0 ], [ 115.231211250000115, -8.52393878099997, 0.0 ], [ 115.229902425000091, -8.52517230899997, 0.0 ], [ 115.230947569000023, -8.526464228999941, 0.0 ], [ 115.231290748000106, -8.527101063999964, 0.0 ], [ 115.23276961900001, -8.530403071999956, 0.0 ], [ 115.233176592000063, -8.532010076999939, 0.0 ], [ 115.233189635000031, -8.532354442999974, 0.0 ], [ 115.232477559000017, -8.535710883999968, 0.0 ], [ 115.232343939000089, -8.537563076999959, 0.0 ], [ 115.232374690000029, -8.538521442999979, 0.0 ], [ 115.232896707, -8.54137216099997, 0.0 ], [ 115.233036274000028, -8.54173622899998, 0.0 ], [ 115.234758981000027, -8.544898214999932, 0.0 ], [ 115.234946075000039, -8.545686922999948, 0.0 ], [ 115.236456751000105, -8.545781343999977, 0.0 ], [ 115.236984292000102, -8.545915054999966, 0.0 ], [ 115.237553633000061, -8.546530423999968, 0.0 ], [ 115.23811769800011, -8.546798846999934, 0.0 ], [ 115.23850316100004, -8.547375277999947, 0.0 ], [ 115.238560731, -8.54779945599995, 0.0 ], [ 115.239019423000059, -8.548003760999961, 0.0 ], [ 115.239418795, -8.548526045999949, 0.0 ], [ 115.239543211000068, -8.548971565999977, 0.0 ], [ 115.23932125400006, -8.549460554999939, 0.0 ], [ 115.239487023000038, -8.549722803999941, 0.0 ], [ 115.240272006000055, -8.550507847999938, 0.0 ], [ 115.240618621000067, -8.551014900999974, 0.0 ], [ 115.240687924000099, -8.551445018999971, 0.0 ], [ 115.240591185000085, -8.552368789999946, 0.0 ], [ 115.240672877000065, -8.55275398699996, 0.0 ], [ 115.241231688000084, -8.553994612999929, 0.0 ], [ 115.241318706000015, -8.554511788999946, 0.0 ], [ 115.24162428000011, -8.555148373999941, 0.0 ], [ 115.241640791, -8.555831718999968, 0.0 ], [ 115.241465344000062, -8.557274108999934, 0.0 ], [ 115.242528029000027, -8.557503311999938, 0.0 ], [ 115.245409173000098, -8.557391164999956, 0.0 ], [ 115.245837344000051, -8.557467798999937, 0.0 ], [ 115.246233142000051, -8.557857159999969, 0.0 ], [ 115.246674875000053, -8.558634296999969, 0.0 ], [ 115.247068431000116, -8.560019630999932, 0.0 ], [ 115.247368019000078, -8.562707347999947, 0.0 ], [ 115.247535329000016, -8.563321525999982, 0.0 ], [ 115.248198501000047, -8.564508670999942, 0.0 ], [ 115.249106956000105, -8.565810136999971, 0.0 ], [ 115.249155608000024, -8.566021882999962, 0.0 ], [ 115.249237086000107, -8.566804891999936, 0.0 ], [ 115.249255237000057, -8.568974981999929, 0.0 ], [ 115.249088102000087, -8.571426931999952, 0.0 ], [ 115.249124843000118, -8.574240370999973, 0.0 ], [ 115.249750697000081, -8.576030774999936, 0.0 ], [ 115.249776661000055, -8.577236226999958, 0.0 ], [ 115.249556175000066, -8.580694694999977, 0.0 ], [ 115.249373326000068, -8.582271357999957, 0.0 ], [ 115.248760209000011, -8.58433955199996, 0.0 ], [ 115.246793899000068, -8.587596837999968, 0.0 ], [ 115.246570325000107, -8.588581489999967, 0.0 ], [ 115.246375121000028, -8.591045392999945, 0.0 ], [ 115.247411807000049, -8.591551028999959, 0.0 ], [ 115.246695938000016, -8.593323613999928, 0.0 ], [ 115.244198065000091, -8.592459635999944, 0.0 ], [ 115.244190744000093, -8.592677106999929, 0.0 ], [ 115.244540489000087, -8.593199983999966, 0.0 ], [ 115.244634072000053, -8.593597859999932, 0.0 ], [ 115.244059482000011, -8.594503440999972, 0.0 ], [ 115.243963214000019, -8.594959788999972, 0.0 ], [ 115.244079681000017, -8.595521669999926, 0.0 ], [ 115.243936349000023, -8.595974779999949, 0.0 ], [ 115.244515571000079, -8.596633218999955, 0.0 ], [ 115.244699621000109, -8.597071821999975, 0.0 ], [ 115.244607038000026, -8.597225217999949, 0.0 ], [ 115.244193844000051, -8.597475329999952, 0.0 ], [ 115.244090418000042, -8.59778874899996, 0.0 ], [ 115.243650670000079, -8.598272992999966, 0.0 ], [ 115.243513506000113, -8.598668617999977, 0.0 ], [ 115.243331099000102, -8.599822650999954, 0.0 ], [ 115.2433375600001, -8.600048039999933, 0.0 ], [ 115.243994516000043, -8.60006423699997, 0.0 ], [ 115.244201413000042, -8.600173758999972, 0.0 ], [ 115.244271905, -8.600575971999945, 0.0 ], [ 115.244195995000041, -8.601382415999979, 0.0 ], [ 115.242808487000048, -8.605033444999947, 0.0 ], [ 115.243021595000073, -8.607505695999976, 0.0 ], [ 115.243334644000015, -8.609131507999962, 0.0 ], [ 115.244338239000058, -8.611911379999981, 0.0 ], [ 115.245360376, -8.613091762999943, 0.0 ], [ 115.245699843000011, -8.615081688999965, 0.0 ], [ 115.246028099000114, -8.616356454999959, 0.0 ], [ 115.247325263000107, -8.616842155999962, 0.0 ], [ 115.248644924000018, -8.617153495999958, 0.0 ], [ 115.249214797000036, -8.620423684999935, 0.0 ], [ 115.250413075000097, -8.620619011999963, 0.0 ], [ 115.250940266000043, -8.620558124999945, 0.0 ], [ 115.251136924000093, -8.621255194999947, 0.0 ], [ 115.251690705000101, -8.621339087999957, 0.0 ], [ 115.251689707000082, -8.621556072999965, 0.0 ], [ 115.251907860000074, -8.621529942999928, 0.0 ], [ 115.252078014000062, -8.622064149999972, 0.0 ], [ 115.253981038, -8.622144630999969, 0.0 ], [ 115.254155211000011, -8.622379274999957, 0.0 ], [ 115.254347117000066, -8.622463872999958, 0.0 ], [ 115.255199964000099, -8.622563437999929, 0.0 ], [ 115.255547338000042, -8.622816193999938, 0.0 ], [ 115.255797853000104, -8.623224, 0.0 ], [ 115.25605934500004, -8.62385911299998, 0.0 ], [ 115.256432094000047, -8.625344570999971, 0.0 ], [ 115.25665527600006, -8.626395732999981, 0.0 ], [ 115.256735410000033, -8.627255752999929, 0.0 ], [ 115.256629892000092, -8.62849654799993, 0.0 ], [ 115.255967728000087, -8.62966744199997, 0.0 ], [ 115.255574668, -8.632170076999955, 0.0 ], [ 115.256050089000041, -8.632497839999928, 0.0 ], [ 115.256912079000017, -8.633731252999951, 0.0 ], [ 115.258470205000094, -8.633296056999939, 0.0 ], [ 115.259902963000059, -8.636796429999947, 0.0 ], [ 115.260910804000105, -8.637360756999954, 0.0 ], [ 115.261851377000085, -8.637584715999935, 0.0 ], [ 115.264669433000108, -8.637735562999978, 0.0 ], [ 115.264683271000081, -8.63812440099997, 0.0 ], [ 115.264516404, -8.638770101999967, 0.0 ], [ 115.265634756000054, -8.640361016999975, 0.0 ], [ 115.265551644000084, -8.641233927999963, 0.0 ], [ 115.265673144000061, -8.64139879499993, 0.0 ], [ 115.265924423000115, -8.641507623999928, 0.0 ], [ 115.267003535000072, -8.641469558999972, 0.0 ], [ 115.267282465000108, -8.64161285299997, 0.0 ], [ 115.268139469000062, -8.641589224999962, 0.0 ], [ 115.268916680000075, -8.641506841999956, 0.0 ], [ 115.270027501000072, -8.64082467999998, 0.0 ], [ 115.270574477000082, -8.640755568999964, 0.0 ], [ 115.270943246000115, -8.640865087999941, 0.0 ], [ 115.272749409000085, -8.645453329999953, 0.0 ], [ 115.273102573000074, -8.647502109999948, 0.0 ], [ 115.274271359000068, -8.650239925999927, 0.0 ], [ 115.274880993000011, -8.650443024999959, 0.0 ], [ 115.27928402900011, -8.64695100299997, 0.0 ], [ 115.283802966000053, -8.643838008999978, 0.0 ], [ 115.285776909000106, -8.642736685999978, 0.0 ], [ 115.286016511000071, -8.642516913999941, 0.0 ], [ 115.28630708500009, -8.641747198999951, 0.0 ], [ 115.286492683, -8.641490216999955, 0.0 ], [ 115.287049477000096, -8.641126158999953, 0.0 ], [ 115.287477780000017, -8.640376628999945, 0.0 ], [ 115.28854139900011, -8.639605683999946, 0.0 ], [ 115.290197504000048, -8.638784769999972, 0.0 ], [ 115.290690052000059, -8.638392157999931, 0.0 ], [ 115.29107604100011, -8.637784126999975, 0.0 ], [ 115.291290192000019, -8.637013181999976, 0.0 ], [ 115.29166138800008, -8.63672764599994, 0.0 ], [ 115.291839848000109, -8.636413556999969, 0.0 ], [ 115.292196767000064, -8.636035222999965, 0.0 ], [ 115.292432333000079, -8.635963838999942, 0.0 ], [ 115.29304623400003, -8.635157201999959, 0.0 ], [ 115.293545921000032, -8.634900219999963, 0.0 ], [ 115.294105015000014, -8.634804963999954, 0.0 ], [ 115.294702339000082, -8.634450501999936, 0.0 ], [ 115.294752308000056, -8.633979368999974, 0.0 ], [ 115.294945044000087, -8.633736663999969, 0.0 ], [ 115.295316240000034, -8.633686694999938, 0.0 ], [ 115.295551807000038, -8.633158454999943, 0.0 ], [ 115.296030078000058, -8.632687320999935, 0.0 ], [ 115.297207252000021, -8.632109094999976, 0.0 ], [ 115.297275726000066, -8.631992042999968, 0.0 ], [ 115.298082363000049, -8.631874259999961, 0.0 ], [ 115.298572972000102, -8.630741001999979, 0.0 ], [ 115.298796999000047, -8.630533000999947, 0.0 ], [ 115.299556037000116, -8.630114036999942, 0.0 ], [ 115.299850980000087, -8.629727996999975, 0.0 ], [ 115.300320965000083, -8.628780017999929, 0.0 ], [ 115.301563965000014, -8.627820002999954, 0.0 ], [ 115.301765994000107, -8.627354000999958, 0.0 ], [ 115.302292993000037, -8.62516196699994, 0.0 ], [ 115.302800983000111, -8.624457044999929, 0.0 ], [ 115.303451022000104, -8.623833020999939, 0.0 ], [ 115.305021, -8.622754026999928, 0.0 ], [ 115.307563037000023, -8.620632972999942, 0.0 ], [ 115.309036907000063, -8.619633116999978, 0.0 ], [ 115.313174790000062, -8.617455909999933, 0.0 ], [ 115.317248427000095, -8.616123411999979, 0.0 ], [ 115.318009855000014, -8.615771251999945, 0.0 ], [ 115.319224926000061, -8.615383518999977, 0.0 ], [ 115.322140599000022, -8.613353719999964, 0.0 ], [ 115.322459447000028, -8.612749018999978, 0.0 ], [ 115.322464206000063, -8.611497422999946, 0.0 ], [ 115.322916303000056, -8.610321968999926, 0.0 ], [ 115.323463579000077, -8.609736621999957, 0.0 ], [ 115.324096516000054, -8.609346389999928, 0.0 ], [ 115.324662827000111, -8.609151273999942, 0.0 ], [ 115.324977976000014, -8.608193033999953, 0.0 ], [ 115.325581983, -8.607171010999934, 0.0 ], [ 115.32652301600001, -8.606182002999958, 0.0 ], [ 115.328871025000012, -8.604319991999944, 0.0 ], [ 115.334075967000103, -8.601183983999931, 0.0 ], [ 115.336510006000026, -8.600158012999941, 0.0 ], [ 115.33783298000003, -8.599405019999949, 0.0 ], [ 115.339131034000047, -8.598300988999938, 0.0 ], [ 115.339670006, -8.597716993999938, 0.0 ], [ 115.340715980000027, -8.596940012999937, 0.0 ], [ 115.343946032000076, -8.59548504199995, 0.0 ], [ 115.344949968000037, -8.595226027999956, 0.0 ], [ 115.34673503700003, -8.594194025999968, 0.0 ], [ 115.347273944000108, -8.593417602999978, 0.0 ], [ 115.347730710000064, -8.593069438999976, 0.0 ], [ 115.347823509000023, -8.592412707999927, 0.0 ], [ 115.348367454000027, -8.591962989999956, 0.0 ], [ 115.349046790000102, -8.591656038999929, 0.0 ], [ 115.349776576000068, -8.590876956999978, 0.0 ], [ 115.349864046000107, -8.590649754999959, 0.0 ], [ 115.350676721000013, -8.590032056999974, 0.0 ], [ 115.350635081000064, -8.589342013999953, 0.0 ], [ 115.35009970200008, -8.58890181299995, 0.0 ], [ 115.350060441000096, -8.588713240999937, 0.0 ], [ 115.350112789000036, -8.588175482999929, 0.0 ], [ 115.350545851000106, -8.587119001999952, 0.0 ], [ 115.351941405000048, -8.584799027999964, 0.0 ], [ 115.35293364000006, -8.583728269999938, 0.0 ], [ 115.353240590000041, -8.583521256999973, 0.0 ], [ 115.353283421000015, -8.583364212999982, 0.0 ], [ 115.354104335000102, -8.582350561999931, 0.0 ], [ 115.354182857000069, -8.582157825999957, 0.0 ], [ 115.355532011000037, -8.581008545999964, 0.0 ], [ 115.356153051000092, -8.580530274999944, 0.0 ], [ 115.35720239300008, -8.579916373999936, 0.0 ], [ 115.358365949000017, -8.578938414999925, 0.0 ], [ 115.359279662000063, -8.578502973999946, 0.0 ], [ 115.359529506000058, -8.578417312999932, 0.0 ], [ 115.35973651900008, -8.578438727999981, 0.0 ], [ 115.361456869000108, -8.577646367999932, 0.0 ], [ 115.362227815000097, -8.577574983999966, 0.0 ], [ 115.364254521000021, -8.576792735999959, 0.0 ], [ 115.364956963000054, -8.576700333999952, 0.0 ], [ 115.365967013000045, -8.576181005999956, 0.0 ], [ 115.369314968000026, -8.575229973999967, 0.0 ], [ 115.369504034000101, -8.575124010999957, 0.0 ], [ 115.36953496600006, -8.57500201199997, 0.0 ], [ 115.370258978000038, -8.574869018999948, 0.0 ], [ 115.371054973000014, -8.57487698999995, 0.0 ], [ 115.371028134000085, -8.57222592599993, 0.0 ], [ 115.370768987000019, -8.569047759999933, 0.0 ], [ 115.371010511, -8.56721745699997, 0.0 ], [ 115.370893581000018, -8.566549689999931, 0.0 ], [ 115.37065463700003, -8.566163751999966, 0.0 ], [ 115.370448809000095, -8.56603257699993, 0.0 ], [ 115.369801609000092, -8.566510404999974, 0.0 ], [ 115.369576201000086, -8.566541595999979, 0.0 ], [ 115.369445864000113, -8.566452684999945, 0.0 ], [ 115.369416548000117, -8.565446704999943, 0.0 ], [ 115.369112320000113, -8.564699299999972, 0.0 ], [ 115.369324970000093, -8.563781123999945, 0.0 ], [ 115.369180968000023, -8.563311855999928, 0.0 ], [ 115.368804512000111, -8.56321773999997, 0.0 ], [ 115.368076913000095, -8.563804284999947, 0.0 ], [ 115.36772243900009, -8.563791427999945, 0.0 ], [ 115.368372291000014, -8.562553646999959, 0.0 ], [ 115.368270845000097, -8.561878522999962, 0.0 ], [ 115.368009771000061, -8.56152265299994, 0.0 ], [ 115.367610242000069, -8.561449220999975, 0.0 ], [ 115.367021618000081, -8.561631464999948, 0.0 ], [ 115.366362360000039, -8.561174750999953, 0.0 ], [ 115.366036028000053, -8.561115801999961, 0.0 ], [ 115.365603536000094, -8.561226656999963, 0.0 ], [ 115.365176777000102, -8.561607237999965, 0.0 ], [ 115.365015186000051, -8.561567802999946, 0.0 ], [ 115.36501902200007, -8.561310062999951, 0.0 ], [ 115.365581100000099, -8.560068499999943, 0.0 ], [ 115.366437333000022, -8.560097005999978, 0.0 ], [ 115.366581864000068, -8.559883154999966, 0.0 ], [ 115.366569184000014, -8.559564727999941, 0.0 ], [ 115.366446783000015, -8.559288263999974, 0.0 ], [ 115.36626185700004, -8.559126052999943, 0.0 ], [ 115.365349781000077, -8.558883231999971, 0.0 ], [ 115.365358020000031, -8.558706674999939, 0.0 ], [ 115.365733433000059, -8.558186852999938, 0.0 ], [ 115.365777286000025, -8.557840891999945, 0.0 ], [ 115.365528619000088, -8.557494561999931, 0.0 ], [ 115.364877754000076, -8.557328162999966, 0.0 ], [ 115.364894504000063, -8.556726580999964, 0.0 ], [ 115.36477792300002, -8.555888080999978, 0.0 ], [ 115.364435898000011, -8.555234303999953, 0.0 ], [ 115.364521909000018, -8.554410915999938, 0.0 ], [ 115.364083482000069, -8.553867694999951, 0.0 ], [ 115.3646537300001, -8.553502751999929, 0.0 ], [ 115.36474178900005, -8.553269806999936, 0.0 ], [ 115.364579321000065, -8.552865407999946, 0.0 ], [ 115.364103942000042, -8.552325515999939, 0.0 ], [ 115.364106707000019, -8.551589713999931, 0.0 ], [ 115.363466340000059, -8.55058007599996, 0.0 ], [ 115.363467419000017, -8.550256083999955, 0.0 ], [ 115.363707913000098, -8.549896326999942, 0.0 ], [ 115.363706857000011, -8.549642245999962, 0.0 ], [ 115.363416775000019, -8.549395139999945, 0.0 ], [ 115.362567683000066, -8.549337124999965, 0.0 ], [ 115.36247765600001, -8.548858502999963, 0.0 ], [ 115.362348917000077, -8.548707973999967, 0.0 ], [ 115.361994690000074, -8.548531537999963, 0.0 ], [ 115.361357263000059, -8.548371417999931, 0.0 ], [ 115.36121386800005, -8.548210766999944, 0.0 ], [ 115.361212805000036, -8.547658205999937, 0.0 ], [ 115.361528715000077, -8.547102654999946, 0.0 ], [ 115.36216351600001, -8.546339948999957, 0.0 ], [ 115.363406555000097, -8.545253575999936, 0.0 ], [ 115.363615506000087, -8.544884182999965, 0.0 ], [ 115.363603248000118, -8.544650554999976, 0.0 ], [ 115.363402206000046, -8.54413651699997, 0.0 ], [ 115.362634632000095, -8.54253328599998, 0.0 ], [ 115.362650783000049, -8.542141443999981, 0.0 ], [ 115.363087593000046, -8.540645507999955, 0.0 ], [ 115.362578844000041, -8.53975608899998, 0.0 ], [ 115.362478105000037, -8.539417156999946, 0.0 ], [ 115.362575526000114, -8.539143913999965, 0.0 ], [ 115.362956611000072, -8.538903755999968, 0.0 ], [ 115.363030204000097, -8.538242733999937, 0.0 ], [ 115.363628450000078, -8.537337432999948, 0.0 ], [ 115.363706688000093, -8.536201788999961, 0.0 ], [ 115.363262995000014, -8.535335476999933, 0.0 ], [ 115.363189989000034, -8.534681595999928, 0.0 ], [ 115.363008525000055, -8.534267248999981, 0.0 ], [ 115.362725903000069, -8.534002388999966, 0.0 ], [ 115.361543555000026, -8.533356374999926, 0.0 ], [ 115.360588483000015, -8.531900218999965, 0.0 ], [ 115.360526698000058, -8.531428898999934, 0.0 ], [ 115.360565945000076, -8.529512878999981, 0.0 ], [ 115.360345281000036, -8.528203441999949, 0.0 ], [ 115.360315727000057, -8.526657581999928, 0.0 ], [ 115.360469833000025, -8.525718501999961, 0.0 ], [ 115.360325762000116, -8.524609837999947, 0.0 ], [ 115.36014883100006, -8.524211728999944, 0.0 ], [ 115.359874750000017, -8.523954088999972, 0.0 ], [ 115.359629113000096, -8.523897751999925, 0.0 ], [ 115.358868189000077, -8.524002106999944, 0.0 ], [ 115.358340744000088, -8.523469193999972, 0.0 ], [ 115.357845976000021, -8.523393990999978, 0.0 ], [ 115.357676160000096, -8.523274188999949, 0.0 ], [ 115.357545006, -8.522541525999941, 0.0 ], [ 115.357762213000115, -8.521550009999942, 0.0 ], [ 115.357626214000106, -8.520943172999978, 0.0 ] ] ] } },
{ "type": "Feature", "properties": { "OBJECTID": 897, "NAMOBJ": "Jembrana", "FCODE": "BA03050040", "REMARK": " ", "METADATA": "TASWIL5000020230907KABKOTA", "SRS_ID": "4326", "KDBBPS": " ", "KDCBPS": " ", "KDCPUM": " ", "KDEBPS": " ", "KDEPUM": null, "KDPBPS": " ", "KDPKAB": "51.01", "KDPPUM": "51", "LUASWH": 849.13376358999994, "TIPADM": 4, "WADMKC": " ", "WADMKD": " ", "WADMKK": "Jembrana", "WADMPR": "Bali", "WIADKC": " ", "WIADKK": " ", "WIADPR": " ", "WIADKD": 0, "SHAPE_Length": 1.7232872895094267, "SHAPE_Area": 0.069697454642796378 }, "geometry": { "type": "MultiPolygon", "coordinates": [ [ [ [ 114.450869779000072, -8.172324065999931, 0.0 ], [ 114.45070988000009, -8.172188912999957, 0.0 ], [ 114.450534751000077, -8.172362136999936, 0.0 ], [ 114.450169266000103, -8.172358329999952, 0.0 ], [ 114.449944645000073, -8.172234597999932, 0.0 ], [ 114.449723831000028, -8.172259344999929, 0.0 ], [ 114.449596292000024, -8.172404015999973, 0.0 ], [ 114.449573449000013, -8.172697165999978, 0.0 ], [ 114.449444006000022, -8.172754272999953, 0.0 ], [ 114.449434489000055, -8.172876100999929, 0.0 ], [ 114.449520149000023, -8.17294082199993, 0.0 ], [ 114.449390706000031, -8.17340719699996, 0.0 ], [ 114.449166085000115, -8.173696538999934, 0.0 ], [ 114.449150857000063, -8.173928774999979, 0.0 ], [ 114.448914814000091, -8.174227634999966, 0.0 ], [ 114.448836768000092, -8.174625480999964, 0.0 ], [ 114.448753011, -8.174733983999943, 0.0 ], [ 114.448604533000093, -8.174756826999953, 0.0 ], [ 114.44858359300008, -8.174914822999938, 0.0 ], [ 114.448469379000016, -8.174935761999961, 0.0 ], [ 114.448256179000055, -8.175388811999937, 0.0 ], [ 114.448155290000045, -8.17541736499993, 0.0 ], [ 114.447999198000048, -8.175712418999979, 0.0 ], [ 114.447905923, -8.17570670799995, 0.0 ], [ 114.447801227000014, -8.175868510999976, 0.0 ], [ 114.447782191000101, -8.176085517999979, 0.0 ], [ 114.447629905000099, -8.176146431999939, 0.0 ], [ 114.447635616000071, -8.176475749999952, 0.0 ], [ 114.447422416000109, -8.176519531999929, 0.0 ], [ 114.44734437000011, -8.176742248999972, 0.0 ], [ 114.447414802000026, -8.176995423999927, 0.0 ], [ 114.447331045000055, -8.177025880999963, 0.0 ], [ 114.447260613000026, -8.176953544999947, 0.0 ], [ 114.447136881, -8.177088698999967, 0.0 ], [ 114.447015053000086, -8.177067758999954, 0.0 ], [ 114.446976981000034, -8.177220044999956, 0.0 ], [ 114.447074063000059, -8.177263826999933, 0.0 ], [ 114.447165435000102, -8.177183876999948, 0.0 ], [ 114.447163531000115, -8.177397076999966, 0.0 ], [ 114.447018860000071, -8.177494158999934, 0.0 ], [ 114.446963656000094, -8.177400883999951, 0.0 ], [ 114.446862767000084, -8.177440858999944, 0.0 ], [ 114.446898935000036, -8.177623601999926, 0.0 ], [ 114.446689542000058, -8.177657865999947, 0.0 ], [ 114.446482053000068, -8.178027157999963, 0.0 ], [ 114.446573425000111, -8.178175636999981, 0.0 ], [ 114.446335479000027, -8.178301271999942, 0.0 ], [ 114.446331671000053, -8.178485917999978, 0.0 ], [ 114.446470632000114, -8.178754320999928, 0.0 ], [ 114.446607689000075, -8.178758128999959, 0.0 ], [ 114.446660989000065, -8.178878052999949, 0.0 ], [ 114.446909135000055, -8.178991933999953, 0.0 ], [ 114.44737907800004, -8.179042497999944, 0.0 ], [ 114.44744748800008, -8.178858089999949, 0.0 ], [ 114.447798458000079, -8.178867012999945, 0.0 ], [ 114.448024507000014, -8.178679629999976, 0.0 ], [ 114.448366555, -8.178670706999981, 0.0 ], [ 114.44854204, -8.178557682999951, 0.0 ], [ 114.44864614100004, -8.178257275999954, 0.0 ], [ 114.448839473000021, -8.178316761999952, 0.0 ], [ 114.449000086000069, -8.178135327999939, 0.0 ], [ 114.449163674000033, -8.178171019999979, 0.0 ], [ 114.449422441000024, -8.178031226999963, 0.0 ], [ 114.449553311000045, -8.177876561999938, 0.0 ], [ 114.449696079000091, -8.177855741999963, 0.0 ], [ 114.449737719000041, -8.177656461999959, 0.0 ], [ 114.449948896000024, -8.177591026999949, 0.0 ], [ 114.450047049000091, -8.177376874999936, 0.0 ], [ 114.45021956000005, -8.17736795199994, 0.0 ], [ 114.450344482000105, -8.177165697999953, 0.0 ], [ 114.450365302000023, -8.176915854999947, 0.0 ], [ 114.450606222000033, -8.176927751999926, 0.0 ], [ 114.450751964, -8.176570832999971, 0.0 ], [ 114.451070217000051, -8.176573806999954, 0.0 ], [ 114.451251651, -8.176106837999953, 0.0 ], [ 114.451388470000097, -8.175964069999964, 0.0 ], [ 114.451721595000095, -8.17592540399994, 0.0 ], [ 114.451798927000027, -8.175678534999975, 0.0 ], [ 114.451944669000113, -8.175547664999954, 0.0 ], [ 114.452084463, -8.175559561999933, 0.0 ], [ 114.452224256000022, -8.175372178999964, 0.0 ], [ 114.452361075000113, -8.175321615999962, 0.0 ], [ 114.452346203000047, -8.175187770999969, 0.0 ], [ 114.452601995, -8.175012285999969, 0.0 ], [ 114.452569278000055, -8.174795159999974, 0.0 ], [ 114.452762609000047, -8.174824902999944, 0.0 ], [ 114.452813172000106, -8.17466131499998, 0.0 ], [ 114.452920248000055, -8.174670237999976, 0.0 ], [ 114.452991632000021, -8.174473932999945, 0.0 ], [ 114.45293214600008, -8.174366856999939, 0.0 ], [ 114.453051119000065, -8.174271678999958, 0.0 ], [ 114.453068965000057, -8.173968296999931, 0.0 ], [ 114.453187938000042, -8.173870144999967, 0.0 ], [ 114.453146297000103, -8.173786862999975, 0.0 ], [ 114.453235527000061, -8.17363517299998, 0.0 ], [ 114.453387217000113, -8.17369763399995, 0.0 ], [ 114.453440755000088, -8.173647069999959, 0.0 ], [ 114.453327731000059, -8.173403174999976, 0.0 ], [ 114.453576654000017, -8.173351992999926, 0.0 ], [ 114.453550004000022, -8.173228260999963, 0.0 ], [ 114.453711808000094, -8.173009350999962, 0.0 ], [ 114.453614726000069, -8.172904654999968, 0.0 ], [ 114.453685158000098, -8.172809475999941, 0.0 ], [ 114.453584269000089, -8.172613407999961, 0.0 ], [ 114.453443404000041, -8.172508711999967, 0.0 ], [ 114.452931344000035, -8.17291036499995, 0.0 ], [ 114.452647713000033, -8.172948436999945, 0.0 ], [ 114.452514463000057, -8.173100721999958, 0.0 ], [ 114.452394538000021, -8.172976989999938, 0.0 ], [ 114.452356467000072, -8.173062650999952, 0.0 ], [ 114.452453549000097, -8.173138792999964, 0.0 ], [ 114.452407863000076, -8.173277753999969, 0.0 ], [ 114.45226509500003, -8.173241585999961, 0.0 ], [ 114.452124231000084, -8.17334247499997, 0.0 ], [ 114.451800625000033, -8.173393871999963, 0.0 ], [ 114.451713060000088, -8.173574710999958, 0.0 ], [ 114.451566486000047, -8.173639431999959, 0.0 ], [ 114.451602653, -8.173698442999978, 0.0 ], [ 114.451490343000046, -8.173687020999978, 0.0 ], [ 114.451412297000047, -8.17378790999993, 0.0 ], [ 114.451282854000056, -8.17351950699998, 0.0 ], [ 114.45116292900002, -8.173452881999935, 0.0 ], [ 114.451041101000101, -8.173540445999947, 0.0 ], [ 114.451023969000062, -8.173424328999943, 0.0 ], [ 114.451193386000114, -8.173222550999981, 0.0 ], [ 114.451290468000025, -8.173435749999953, 0.0 ], [ 114.451395164000019, -8.173428135999927, 0.0 ], [ 114.451366611000026, -8.173256814999945, 0.0 ], [ 114.45148082500009, -8.173140696999951, 0.0 ], [ 114.451695928000049, -8.173131178999938, 0.0 ], [ 114.451756843000112, -8.172893232999968, 0.0 ], [ 114.451589328000068, -8.172754272999953, 0.0 ], [ 114.451459886000066, -8.172792343999959, 0.0 ], [ 114.451292372000012, -8.172461122999948, 0.0 ], [ 114.451121051000086, -8.172523940999952, 0.0 ], [ 114.451067751000096, -8.172464929999933, 0.0 ], [ 114.451121051000086, -8.172365944999967, 0.0 ], [ 114.451016354000103, -8.17224030899996, 0.0 ], [ 114.450869779000072, -8.172324065999931, 0.0 ] ] ], [ [ [ 114.451523853000026, -8.164605585999936, 0.0 ], [ 114.451363954000044, -8.164521352999941, 0.0 ], [ 114.451174073000061, -8.164628428999947, 0.0 ], [ 114.451155513000117, -8.164873988999943, 0.0 ], [ 114.45082000900004, -8.165532147999954, 0.0 ], [ 114.450261787000045, -8.165407939999966, 0.0 ], [ 114.450240372000053, -8.165626374999931, 0.0 ], [ 114.45016470500002, -8.165679198999953, 0.0 ], [ 114.450208011000086, -8.165751028999978, 0.0 ], [ 114.450038475000042, -8.165780771999948, 0.0 ], [ 114.450053346000118, -8.165994923999961, 0.0 ], [ 114.450231806000033, -8.166003846999956, 0.0 ], [ 114.450451906000012, -8.166200151999931, 0.0 ], [ 114.450338882000096, -8.166238817999954, 0.0 ], [ 114.450234780000073, -8.166429174999962, 0.0 ], [ 114.450514367000096, -8.166449994999937, 0.0 ], [ 114.450514367000096, -8.16658383999993, 0.0 ], [ 114.45043703500005, -8.166628454999966, 0.0 ], [ 114.450541136000083, -8.166863426999953, 0.0 ], [ 114.450511393000056, -8.16703296299994, 0.0 ], [ 114.450588725000102, -8.16710137299998, 0.0 ], [ 114.450466778000077, -8.167214396999952, 0.0 ], [ 114.450493547000065, -8.167428548999965, 0.0 ], [ 114.450570879000111, -8.167476137999927, 0.0 ], [ 114.450630366000041, -8.167354190999959, 0.0 ], [ 114.450695801000052, -8.167366087999937, 0.0 ], [ 114.450749339000026, -8.167675417999931, 0.0 ], [ 114.450874261000081, -8.167862799999966, 0.0 ], [ 114.451216308000085, -8.167963927999949, 0.0 ], [ 114.451002157000062, -8.168169155999976, 0.0 ], [ 114.450871286000051, -8.168142386999932, 0.0 ], [ 114.450820723000106, -8.167990695999947, 0.0 ], [ 114.450734467000075, -8.167990695999947, 0.0 ], [ 114.450767185000018, -8.168148335999945, 0.0 ], [ 114.450933747000022, -8.168261359999974, 0.0 ], [ 114.451260923000063, -8.168073977999939, 0.0 ], [ 114.451356101000101, -8.167877671999975, 0.0 ], [ 114.451296615000047, -8.16782115999996, 0.0 ], [ 114.451489946000038, -8.167824133999943, 0.0 ], [ 114.451552407, -8.167607007999948, 0.0 ], [ 114.451463177000051, -8.167485060999979, 0.0 ], [ 114.451674354000033, -8.167473163999944, 0.0 ], [ 114.451736815000118, -8.167401779999977, 0.0 ], [ 114.451626765000015, -8.167348241999946, 0.0 ], [ 114.451644611, -8.167270909999957, 0.0 ], [ 114.45181712200008, -8.167336344999967, 0.0 ], [ 114.451918249000073, -8.167223319999948, 0.0 ], [ 114.451805225000044, -8.167056757999944, 0.0 ], [ 114.451701123000021, -8.167077577999976, 0.0 ], [ 114.451736815000118, -8.166836657999966, 0.0 ], [ 114.451436408000063, -8.16679204299993, 0.0 ], [ 114.451579176000109, -8.166741478999938, 0.0 ], [ 114.451787379000052, -8.166470815999958, 0.0 ], [ 114.451793327000019, -8.166351842999973, 0.0 ], [ 114.451710046000017, -8.166325073999928, 0.0 ], [ 114.451840917000027, -8.165914616999942, 0.0 ], [ 114.45170707200009, -8.165789694999944, 0.0 ], [ 114.451579176000109, -8.165807540999936, 0.0 ], [ 114.451745143000039, -8.165656355999943, 0.0 ], [ 114.451905043000011, -8.165720600999975, 0.0 ], [ 114.451873634000094, -8.165516443999934, 0.0 ], [ 114.452010691000055, -8.165373675999945, 0.0 ], [ 114.451875062000113, -8.16531656899997, 0.0 ], [ 114.451693747000036, -8.165459336999959, 0.0 ], [ 114.45160523100003, -8.165340838999953, 0.0 ], [ 114.451610942000116, -8.165088140999956, 0.0 ], [ 114.451750854000011, -8.164734076999935, 0.0 ], [ 114.451659483000071, -8.164711233999981, 0.0 ], [ 114.451659483000071, -8.164542767999933, 0.0 ], [ 114.451523853000026, -8.164605585999936, 0.0 ] ] ], [ [ [ 114.444217761000118, -8.163514676999966, 0.0 ], [ 114.444303422000075, -8.16342330599997, 0.0 ], [ 114.444172076000086, -8.163392848999933, 0.0 ], [ 114.443943647000083, -8.163539423999964, 0.0 ], [ 114.443831337, -8.163520387999938, 0.0 ], [ 114.443829433000019, -8.163602240999978, 0.0 ], [ 114.443953165000039, -8.163663155999927, 0.0 ], [ 114.443629559000101, -8.16377356299995, 0.0 ], [ 114.443557223000084, -8.163708840999959, 0.0 ], [ 114.443715219000069, -8.163503255999956, 0.0 ], [ 114.443490598000039, -8.163552748999962, 0.0 ], [ 114.443444912000018, -8.163903004999952, 0.0 ], [ 114.443551512000113, -8.16388587299997, 0.0 ], [ 114.443566741000041, -8.164007701999935, 0.0 ], [ 114.443395420000115, -8.164032447999944, 0.0 ], [ 114.443248845000085, -8.164378897999939, 0.0 ], [ 114.443332602000055, -8.164687275999938, 0.0 ], [ 114.443471562000013, -8.164715828999931, 0.0 ], [ 114.443496309000011, -8.164580675999957, 0.0 ], [ 114.443601005, -8.164563543999975, 0.0 ], [ 114.443591487000049, -8.164963292999971, 0.0 ], [ 114.443745676000049, -8.164915703999952, 0.0 ], [ 114.443882733, -8.165088928999978, 0.0 ], [ 114.443867505000071, -8.165182203999962, 0.0 ], [ 114.444145426000091, -8.165293561999931, 0.0 ], [ 114.444184687000075, -8.165418483999929, 0.0 ], [ 114.444634405000102, -8.165600512999958, 0.0 ], [ 114.444848557000114, -8.165782541999931, 0.0 ], [ 114.444980617000056, -8.165721864999966, 0.0 ], [ 114.445166215000086, -8.165839648999963, 0.0 ], [ 114.445348243000012, -8.165725434999956, 0.0 ], [ 114.445462457000076, -8.165796817999933, 0.0 ], [ 114.445644486000106, -8.16576826499994, 0.0 ], [ 114.445747993000055, -8.165629065999951, 0.0 ], [ 114.446097774, -8.165575527999977, 0.0 ], [ 114.446151311000108, -8.165454175999969, 0.0 ], [ 114.446251249000056, -8.165439898999978, 0.0 ], [ 114.446254818000057, -8.165243593999946, 0.0 ], [ 114.446611737000012, -8.164993749999951, 0.0 ], [ 114.44659032200002, -8.164872397999943, 0.0 ], [ 114.446725951000076, -8.164697506999971, 0.0 ], [ 114.446743797000067, -8.164340587999959, 0.0 ], [ 114.44686515, -8.164237081999943, 0.0 ], [ 114.446708105000084, -8.164176404999978, 0.0 ], [ 114.446818750000034, -8.16387302399994, 0.0 ], [ 114.446722382000075, -8.163715979999949, 0.0 ], [ 114.44665456700011, -8.163769517999981, 0.0 ], [ 114.446718813000075, -8.163933699999973, 0.0 ], [ 114.446633152000118, -8.16405862199997, 0.0 ], [ 114.446397586000103, -8.163830193999956, 0.0 ], [ 114.446183434000091, -8.163844470999948, 0.0 ], [ 114.446090635000019, -8.163915853999981, 0.0 ], [ 114.446187003000091, -8.16405148399997, 0.0 ], [ 114.446079928000017, -8.164105021999944, 0.0 ], [ 114.446090635000019, -8.164233511999953, 0.0 ], [ 114.44588091300011, -8.164194148999968, 0.0 ], [ 114.445838083000012, -8.164336916999957, 0.0 ], [ 114.445681038000089, -8.164313121999953, 0.0 ], [ 114.445504958000015, -8.16442733599996, 0.0 ], [ 114.445428815000014, -8.164227461999928, 0.0 ], [ 114.445267012000045, -8.16428456899996, 0.0 ], [ 114.444937310000114, -8.164053386999967, 0.0 ], [ 114.444805964000011, -8.164038158999972, 0.0 ], [ 114.444775507000031, -8.164099072999932, 0.0 ], [ 114.444689846000074, -8.164013411999974, 0.0 ], [ 114.444661293000081, -8.163853512999935, 0.0 ], [ 114.444861168000102, -8.163670769999953, 0.0 ], [ 114.444760279000093, -8.163531808999949, 0.0 ], [ 114.444628932000114, -8.163548941999977, 0.0 ], [ 114.444680329000107, -8.16377356299995, 0.0 ], [ 114.4445546930001, -8.16389729499997, 0.0 ], [ 114.444528043000105, -8.163733587999957, 0.0 ], [ 114.444362433000038, -8.163708840999959, 0.0 ], [ 114.444558500000085, -8.163531808999949, 0.0 ], [ 114.444362433000038, -8.163550844999975, 0.0 ], [ 114.444322458000102, -8.163680287999966, 0.0 ], [ 114.444191111, -8.163644119999958, 0.0 ], [ 114.444217761000118, -8.163514676999966, 0.0 ] ] ], [ [ [ 114.439184949000037, -8.160770916999979, 0.0 ], [ 114.43893034700011, -8.160613872999932, 0.0 ], [ 114.438497285000039, -8.160697153999934, 0.0 ], [ 114.438430992, -8.160813308999934, 0.0 ], [ 114.438182330000018, -8.160830103999956, 0.0 ], [ 114.437877759000116, -8.16097763099998, 0.0 ], [ 114.437725473000114, -8.160858656999949, 0.0 ], [ 114.437632674000042, -8.160930040999972, 0.0 ], [ 114.437727853000069, -8.161063290999948, 0.0 ], [ 114.437199613000075, -8.161170366999954, 0.0 ], [ 114.436823299000025, -8.161589823999975, 0.0 ], [ 114.436484870000072, -8.161770418999936, 0.0 ], [ 114.435795778000056, -8.162429053999972, 0.0 ], [ 114.434888855000054, -8.163055724999936, 0.0 ], [ 114.434465310000064, -8.163731491999954, 0.0 ], [ 114.434354142000075, -8.164364397999975, 0.0 ], [ 114.434211374000029, -8.164645173999929, 0.0 ], [ 114.433837059000098, -8.164981309999973, 0.0 ], [ 114.433247692, -8.165336407999973, 0.0 ], [ 114.43307707200006, -8.165757799999938, 0.0 ], [ 114.432833387000073, -8.166945332999944, 0.0 ], [ 114.432938950000107, -8.167047159999981, 0.0 ], [ 114.432978925000043, -8.167290815999934, 0.0 ], [ 114.43302364300007, -8.167603350999968, 0.0 ], [ 114.432956542000056, -8.167730889999973, 0.0 ], [ 114.433133574000067, -8.167860332999965, 0.0 ], [ 114.433096754000076, -8.168044732999931, 0.0 ], [ 114.433306957000013, -8.169157836999943, 0.0 ], [ 114.433211055000015, -8.169349165999961, 0.0 ], [ 114.432800389000022, -8.16966817499997, 0.0 ], [ 114.432081535000066, -8.170040616999927, 0.0 ], [ 114.431741748000036, -8.17057028499994, 0.0 ], [ 114.431760783000072, -8.171128029999977, 0.0 ], [ 114.431635782000058, -8.171428516999981, 0.0 ], [ 114.431628644000057, -8.172051935999946, 0.0 ], [ 114.43176736700002, -8.172852385999931, 0.0 ], [ 114.431771258000026, -8.173975535999944, 0.0 ], [ 114.432035001000031, -8.174373813999978, 0.0 ], [ 114.432759602000033, -8.175154514999974, 0.0 ], [ 114.433634054000095, -8.176546498999926, 0.0 ], [ 114.433685501000014, -8.176759939999954, 0.0 ], [ 114.433519840000031, -8.176985509999952, 0.0 ], [ 114.433491286000049, -8.177288890999932, 0.0 ], [ 114.433227166000052, -8.177785008999933, 0.0 ], [ 114.432945200000063, -8.17804199099993, 0.0 ], [ 114.43290950800008, -8.178249003999952, 0.0 ], [ 114.433013014000039, -8.178388201999951, 0.0 ], [ 114.433141505000094, -8.178302541999926, 0.0 ], [ 114.433237873000053, -8.178406047999943, 0.0 ], [ 114.433416095000098, -8.179250280999952, 0.0 ], [ 114.433714955000028, -8.179632897999966, 0.0 ], [ 114.433947825000018, -8.180185123999934, 0.0 ], [ 114.435975857000017, -8.181669135999925, 0.0 ], [ 114.437850096000034, -8.183663808999938, 0.0 ], [ 114.43862389700007, -8.184801666999931, 0.0 ], [ 114.439169745000072, -8.18609347599994, 0.0 ], [ 114.439245888000073, -8.186882267999977, 0.0 ], [ 114.439467178000086, -8.18761085899996, 0.0 ], [ 114.439470985000071, -8.188604521999935, 0.0 ], [ 114.439951969000049, -8.189853833999962, 0.0 ], [ 114.4399174670001, -8.190041810999958, 0.0 ], [ 114.439992420000067, -8.190223839999931, 0.0 ], [ 114.440004793000071, -8.190904960999944, 0.0 ], [ 114.440074749000019, -8.190971347999948, 0.0 ], [ 114.440052659000116, -8.191340803999935, 0.0 ], [ 114.440153450000025, -8.191489593999961, 0.0 ], [ 114.440178434000018, -8.192198435999956, 0.0 ], [ 114.440763246000074, -8.19338554899997, 0.0 ], [ 114.441386844000021, -8.194288077999943, 0.0 ], [ 114.441341475000058, -8.195395161999954, 0.0 ], [ 114.441685545000041, -8.195802049999941, 0.0 ], [ 114.441895414000101, -8.196564428999977, 0.0 ], [ 114.442049913, -8.197995143999947, 0.0 ], [ 114.442590698000117, -8.199260243999959, 0.0 ], [ 114.44259592700007, -8.200165790999961, 0.0 ], [ 114.442811506000112, -8.200619791999941, 0.0 ], [ 114.442932621000068, -8.201355074999981, 0.0 ], [ 114.443087335000087, -8.202734953999936, 0.0 ], [ 114.443044311000108, -8.203200486999947, 0.0 ], [ 114.443123394000054, -8.203477815999975, 0.0 ], [ 114.443289956000058, -8.20357775399998, 0.0 ], [ 114.443213814000046, -8.203887083999973, 0.0 ], [ 114.443568829000014, -8.204342036999947, 0.0 ], [ 114.444981545000019, -8.208337597999957, 0.0 ], [ 114.446033267000075, -8.210498147999942, 0.0 ], [ 114.446043815000053, -8.211512785999957, 0.0 ], [ 114.446489964000079, -8.212637080999968, 0.0 ], [ 114.446555644000114, -8.213091917999975, 0.0 ], [ 114.446871160000114, -8.214015624999945, 0.0 ], [ 114.447099588000015, -8.214305442999944, 0.0 ], [ 114.447088167000061, -8.214488185999926, 0.0 ], [ 114.446972525000092, -8.21455100299994, 0.0 ], [ 114.446956821000072, -8.214675210999928, 0.0 ], [ 114.447183821000067, -8.215087809999943, 0.0 ], [ 114.447109582000053, -8.215287683999975, 0.0 ], [ 114.447234980000076, -8.215458529999978, 0.0 ], [ 114.447144560000083, -8.215558466999937, 0.0 ], [ 114.447256395000068, -8.215805930999977, 0.0 ], [ 114.447346101000107, -8.216453857999966, 0.0 ], [ 114.447665900000061, -8.216798403999974, 0.0 ], [ 114.447641154000053, -8.217135335999956, 0.0 ], [ 114.447950079000066, -8.218034759999966, 0.0 ], [ 114.447928664000074, -8.218430940999951, 0.0 ], [ 114.448147574000018, -8.218799756999942, 0.0 ], [ 114.448241563000011, -8.219140019999941, 0.0 ], [ 114.448952706000114, -8.21975761799996, 0.0 ], [ 114.449443500000029, -8.220749582999929, 0.0 ], [ 114.450567057000058, -8.222129648999953, 0.0 ], [ 114.450891164000041, -8.22273310099996, 0.0 ], [ 114.451162423000028, -8.222942493999938, 0.0 ], [ 114.453366607000021, -8.225807397999972, 0.0 ], [ 114.453795817000014, -8.226828658999978, 0.0 ], [ 114.453765161000092, -8.22706594999994, 0.0 ], [ 114.453892145000054, -8.227133272999936, 0.0 ], [ 114.453798513000038, -8.22727294699996, 0.0 ], [ 114.453899362000016, -8.227446171999929, 0.0 ], [ 114.453891308000038, -8.227956777999964, 0.0 ], [ 114.454003618000115, -8.227992945999972, 0.0 ], [ 114.453907107000077, -8.228147991999947, 0.0 ], [ 114.45411269300007, -8.228649105999978, 0.0 ], [ 114.454079476000061, -8.229403299999944, 0.0 ], [ 114.454156094000041, -8.229672654999945, 0.0 ], [ 114.454388092000045, -8.229887996999935, 0.0 ], [ 114.45465816, -8.23034604299994, 0.0 ], [ 114.454991285, -8.230454307999935, 0.0 ], [ 114.455294726000034, -8.230791774999943, 0.0 ], [ 114.455884832000038, -8.23097142499995, 0.0 ], [ 114.455962165000074, -8.231127278999963, 0.0 ], [ 114.456508251000059, -8.231342619999964, 0.0 ], [ 114.456977243000097, -8.23179995299995, 0.0 ], [ 114.457165696000061, -8.231858963999969, 0.0 ], [ 114.457264681000083, -8.232061693999981, 0.0 ], [ 114.457878582000035, -8.232401480999954, 0.0 ], [ 114.458721911000112, -8.233493700999929, 0.0 ], [ 114.460100333000014, -8.234526862999928, 0.0 ], [ 114.461008097000104, -8.235989041999972, 0.0 ], [ 114.46133051400011, -8.236200813999972, 0.0 ], [ 114.461435748000099, -8.236462618999951, 0.0 ], [ 114.461833770000112, -8.23672072599993, 0.0 ], [ 114.462002712000071, -8.236997932999941, 0.0 ], [ 114.462840282000116, -8.237672271999941, 0.0 ], [ 114.462948220000044, -8.238120632999937, 0.0 ], [ 114.463119541000083, -8.238158703999943, 0.0 ], [ 114.463052916000038, -8.238267207999968, 0.0 ], [ 114.463180456000032, -8.238398553999957, 0.0 ], [ 114.463188704000117, -8.238611626999955, 0.0 ], [ 114.463345749000041, -8.238835295999934, 0.0 ], [ 114.463478999000017, -8.238892402999966, 0.0 ], [ 114.463464722000026, -8.239101795999943, 0.0 ], [ 114.463664597000047, -8.239530098999978, 0.0 ], [ 114.463884013000097, -8.239837868999928, 0.0 ], [ 114.464078415000017, -8.239915915999973, 0.0 ], [ 114.464074893000088, -8.240060300999971, 0.0 ], [ 114.464733052000042, -8.240841239999952, 0.0 ], [ 114.464973042000111, -8.241009463999944, 0.0 ], [ 114.465415880000023, -8.241871487999958, 0.0 ], [ 114.465773391000084, -8.242081221999968, 0.0 ], [ 114.466114583000035, -8.242580554999961, 0.0 ], [ 114.466309889000058, -8.242604634999964, 0.0 ], [ 114.46662428500008, -8.243031154999926, 0.0 ], [ 114.46688162800001, -8.243627529999969, 0.0 ], [ 114.467081503000031, -8.243732226999953, 0.0 ], [ 114.467414627000039, -8.244136734999927, 0.0 ], [ 114.467876242000102, -8.244484135999926, 0.0 ], [ 114.468973699000117, -8.245809713999961, 0.0 ], [ 114.469466559000011, -8.246897763999925, 0.0 ], [ 114.469623604000049, -8.247079078999946, 0.0 ], [ 114.469682138000053, -8.24733034999997, 0.0 ], [ 114.469909139000038, -8.24746883399996, 0.0 ], [ 114.46980777400006, -8.247684413999934, 0.0 ], [ 114.470003366000014, -8.248041332999946, 0.0 ], [ 114.470395977000067, -8.249494707999929, 0.0 ], [ 114.470768600000042, -8.250255658999947, 0.0 ], [ 114.470897091000097, -8.250806741999952, 0.0 ], [ 114.471432617, -8.252168057999938, 0.0 ], [ 114.471464470000114, -8.252479124999979, 0.0 ], [ 114.471616371000096, -8.252574871999968, 0.0 ], [ 114.471866214000102, -8.253287520999947, 0.0 ], [ 114.472083935000114, -8.25351, 0.0 ], [ 114.472057761000087, -8.253714633999948, 0.0 ], [ 114.472288568000067, -8.254166731999931, 0.0 ], [ 114.472500297000011, -8.254384855999945, 0.0 ], [ 114.472614634000024, -8.254698144999963, 0.0 ], [ 114.472911590000081, -8.255065057999957, 0.0 ], [ 114.473062924000033, -8.255477655999925, 0.0 ], [ 114.473910311000054, -8.256822310999951, 0.0 ], [ 114.474929613000086, -8.258007794999969, 0.0 ], [ 114.475991089000104, -8.259081111999933, 0.0 ], [ 114.476953343000105, -8.260408850999966, 0.0 ], [ 114.477513270000031, -8.260875304999956, 0.0 ], [ 114.477506131000041, -8.261071609999931, 0.0 ], [ 114.477604879000069, -8.26125363899996, 0.0 ], [ 114.477989162000085, -8.261518948999935, 0.0 ], [ 114.478739763000021, -8.262716828999942, 0.0 ], [ 114.47886397100001, -8.263045194999961, 0.0 ], [ 114.478947674000096, -8.263818618999949, 0.0 ], [ 114.478802051000116, -8.264115575999938, 0.0 ], [ 114.478810617000022, -8.26448391699995, 0.0 ], [ 114.479031907000035, -8.265303164999978, 0.0 ], [ 114.479039045000036, -8.265629150999928, 0.0 ], [ 114.47935472100005, -8.266399858999932, 0.0 ], [ 114.479330926000102, -8.266559282999935, 0.0 ], [ 114.479703946000086, -8.266940947999956, 0.0 ], [ 114.47986065200007, -8.267574632999981, 0.0 ], [ 114.480847991000019, -8.26880168699995, 0.0 ], [ 114.48088653800005, -8.269011554999963, 0.0 ], [ 114.48106357000006, -8.269158605999962, 0.0 ], [ 114.481366238000078, -8.269818191999946, 0.0 ], [ 114.481477596000104, -8.269902424999941, 0.0 ], [ 114.481474741000056, -8.270139419999964, 0.0 ], [ 114.481762903000117, -8.270999959999926, 0.0 ], [ 114.481846660000087, -8.271673822999958, 0.0 ], [ 114.482239242000105, -8.27275689399994, 0.0 ], [ 114.482133594000061, -8.272853975999965, 0.0 ], [ 114.48211931700007, -8.273156642999936, 0.0 ], [ 114.482293494000032, -8.273516417999929, 0.0 ], [ 114.482367923000083, -8.273924733999934, 0.0 ], [ 114.483730878000074, -8.275994864999973, 0.0 ], [ 114.485441906, -8.277567356999953, 0.0 ], [ 114.487006470000097, -8.27845375499993, 0.0 ], [ 114.487677388000066, -8.279041194999934, 0.0 ], [ 114.487970062000045, -8.279398114999935, 0.0 ], [ 114.488355820000038, -8.280183853999972, 0.0 ], [ 114.488790260000087, -8.281777734999935, 0.0 ], [ 114.48895755500007, -8.281986156999949, 0.0 ], [ 114.489271644000041, -8.282133683999973, 0.0 ], [ 114.489454862000116, -8.282340696999938, 0.0 ], [ 114.489604768000049, -8.28233236899996, 0.0 ], [ 114.489763002000018, -8.282503689999942, 0.0 ], [ 114.490259120000019, -8.28266787299998, 0.0 ], [ 114.490467323000075, -8.282880833999968, 0.0 ], [ 114.490666008000062, -8.282923664999942, 0.0 ], [ 114.491884768000091, -8.28361061499993, 0.0 ], [ 114.492133183000078, -8.283906619999925, 0.0 ], [ 114.492463453000028, -8.284046531999934, 0.0 ], [ 114.49324819900005, -8.284706594999932, 0.0 ], [ 114.493612161000101, -8.284827185999973, 0.0 ], [ 114.493747315000064, -8.285010879999959, 0.0 ], [ 114.494026187000031, -8.285139370999957, 0.0 ], [ 114.494180376000031, -8.285363040999925, 0.0 ], [ 114.494480189000114, -8.285486296999977, 0.0 ], [ 114.494555142000081, -8.285623828999974, 0.0 ], [ 114.494843056000036, -8.285798719999946, 0.0 ], [ 114.495028654000066, -8.286156828999935, 0.0 ], [ 114.495619950000105, -8.286823077999941, 0.0 ], [ 114.496776368000042, -8.287736790999929, 0.0 ], [ 114.496808491000024, -8.287962839999977, 0.0 ], [ 114.497216569000102, -8.28820316499997, 0.0 ], [ 114.497375993000105, -8.288487510999971, 0.0 ], [ 114.497628867000117, -8.288619325999946, 0.0 ], [ 114.498079123000025, -8.289287009999953, 0.0 ], [ 114.498530031000087, -8.289598718999969, 0.0 ], [ 114.49930886900006, -8.290669270999956, 0.0 ], [ 114.501936388000104, -8.292719703999978, 0.0 ], [ 114.503450372000088, -8.294579724999949, 0.0 ], [ 114.504424320000112, -8.296102050999934, 0.0 ], [ 114.505202404000102, -8.296894411999972, 0.0 ], [ 114.504916055000081, -8.297203842999977, 0.0 ], [ 114.505583013000091, -8.29784830899996, 0.0 ], [ 114.505730776000064, -8.298370861999956, 0.0 ], [ 114.506616967000014, -8.299257012999931, 0.0 ], [ 114.509401836000052, -8.301063295999938, 0.0 ], [ 114.510642175000044, -8.301584459999958, 0.0 ], [ 114.511239895000017, -8.301940188999936, 0.0 ], [ 114.51141597600008, -8.301940188999936, 0.0 ], [ 114.513544403000083, -8.303114452999978, 0.0 ], [ 114.51359960700006, -8.303206061999958, 0.0 ], [ 114.513809951000098, -8.303197495999939, 0.0 ], [ 114.514071692000016, -8.303403081999932, 0.0 ], [ 114.514134510000076, -8.30355155999996, 0.0 ], [ 114.514698918000022, -8.303881828999977, 0.0 ], [ 114.515106282000033, -8.304303469999979, 0.0 ], [ 114.515482236000025, -8.304515717999948, 0.0 ], [ 114.515713520000077, -8.304798397999946, 0.0 ], [ 114.515944804000014, -8.304916418999937, 0.0 ], [ 114.516723244000104, -8.305913293999936, 0.0 ], [ 114.517119425000033, -8.306302335999931, 0.0 ], [ 114.51727646900008, -8.306631890999938, 0.0 ], [ 114.517589368000017, -8.306824627999958, 0.0 ], [ 114.517585799000017, -8.307029260999968, 0.0 ], [ 114.517818986000066, -8.307223186999977, 0.0 ], [ 114.518231823000065, -8.30812500299993, 0.0 ], [ 114.518714470000077, -8.308876318999978, 0.0 ], [ 114.519199479, -8.309948719999966, 0.0 ], [ 114.51944177900009, -8.310186805999933, 0.0 ], [ 114.519470332000083, -8.310534206999932, 0.0 ], [ 114.51967258600007, -8.311139779999962, 0.0 ], [ 114.51968695000005, -8.311612749999938, 0.0 ], [ 114.519492937000109, -8.312488934999976, 0.0 ], [ 114.519362190000038, -8.312768566999978, 0.0 ], [ 114.519122028000083, -8.313236010999958, 0.0 ], [ 114.518714003000014, -8.313681789999976, 0.0 ], [ 114.518334364000111, -8.315355220999948, 0.0 ], [ 114.517497332000062, -8.317259317999969, 0.0 ], [ 114.516868616000011, -8.319238500999973, 0.0 ], [ 114.516868616000011, -8.319790535999971, 0.0 ], [ 114.517223590000071, -8.320483871999954, 0.0 ], [ 114.517042751000076, -8.320732287999931, 0.0 ], [ 114.517119131000072, -8.321242325999947, 0.0 ], [ 114.516949170000089, -8.321673347999933, 0.0 ], [ 114.516741347000107, -8.323087414999975, 0.0 ], [ 114.516785963000075, -8.324582756999973, 0.0 ], [ 114.517149490000065, -8.326905290999946, 0.0 ], [ 114.517650198000069, -8.328488896999943, 0.0 ], [ 114.518072571000062, -8.32941120299995, 0.0 ], [ 114.519053633000112, -8.330843450999964, 0.0 ], [ 114.520573157000058, -8.33226446499998, 0.0 ], [ 114.521867146000091, -8.333197880999933, 0.0 ], [ 114.522324440000034, -8.333665491999966, 0.0 ], [ 114.522592844000087, -8.334112829999981, 0.0 ], [ 114.52311691400007, -8.334634322999932, 0.0 ], [ 114.528196892000096, -8.338300684999979, 0.0 ], [ 114.528762310000047, -8.338654745999975, 0.0 ], [ 114.529209369000114, -8.33883321999997, 0.0 ], [ 114.529375259000062, -8.338987869999926, 0.0 ], [ 114.529744552000011, -8.339053542999977, 0.0 ], [ 114.529758828000013, -8.339163473999974, 0.0 ], [ 114.529938716000061, -8.339119215999972, 0.0 ], [ 114.530151793000073, -8.339220430999944, 0.0 ], [ 114.530344176000085, -8.33940475199995, 0.0 ], [ 114.530713008000021, -8.339420461999964, 0.0 ], [ 114.530942372000027, -8.339607481999963, 0.0 ], [ 114.531252178000045, -8.339681720999977, 0.0 ], [ 114.531279304, -8.339587493999943, 0.0 ], [ 114.531386380000072, -8.339760242999944, 0.0 ], [ 114.531574833000036, -8.339825915999938, 0.0 ], [ 114.532278678000011, -8.339757387999953, 0.0 ], [ 114.532535659000018, -8.340132866999966, 0.0 ], [ 114.532854031000056, -8.340045778999979, 0.0 ], [ 114.533270913000024, -8.340092891999973, 0.0 ], [ 114.53342993900003, -8.340161545999933, 0.0 ], [ 114.533513618000029, -8.340374143999952, 0.0 ], [ 114.533823625000082, -8.340289063999933, 0.0 ], [ 114.534578427000042, -8.340494663999948, 0.0 ], [ 114.534848892000014, -8.340700248999951, 0.0 ], [ 114.534777508000047, -8.34083587899994, 0.0 ], [ 114.535214377000102, -8.341007199999979, 0.0 ], [ 114.535254352000038, -8.340951519999976, 0.0 ], [ 114.535853976000112, -8.341087149999964, 0.0 ], [ 114.536190164000118, -8.341326017999961, 0.0 ], [ 114.536495211000101, -8.341308885999979, 0.0 ], [ 114.536491404000117, -8.341430713999955, 0.0 ], [ 114.536627747000011, -8.341523274999929, 0.0 ], [ 114.536918042000025, -8.341556587999946, 0.0 ], [ 114.537069137000117, -8.341472116999967, 0.0 ], [ 114.537060809000081, -8.341624401999979, 0.0 ], [ 114.537364176000096, -8.341868802999954, 0.0 ], [ 114.537913831000083, -8.34211864599996, 0.0 ], [ 114.53803257300001, -8.342028385999981, 0.0 ], [ 114.538256473000047, -8.342278069999963, 0.0 ], [ 114.538604157, -8.342326174999926, 0.0 ], [ 114.538575321000053, -8.342466046999959, 0.0 ], [ 114.538696674000107, -8.342579071999978, 0.0 ], [ 114.538882272000023, -8.342496979999964, 0.0 ], [ 114.53909047500008, -8.342669490999981, 0.0 ], [ 114.539234432000057, -8.342681388999949, 0.0 ], [ 114.539175041000021, -8.342826852999963, 0.0 ], [ 114.539239821000024, -8.342957137999974, 0.0 ], [ 114.539644329000112, -8.343137976999969, 0.0 ], [ 114.539763302000097, -8.343442547999928, 0.0 ], [ 114.539944141000092, -8.343556761999935, 0.0 ], [ 114.540166593000095, -8.343533110999942, 0.0 ], [ 114.540646534000075, -8.344028109999954, 0.0 ], [ 114.54089637900006, -8.344012364999969, 0.0 ], [ 114.54096400100002, -8.344184106999933, 0.0 ], [ 114.541289102000064, -8.344274698999925, 0.0 ], [ 114.541376838000019, -8.344557682999948, 0.0 ], [ 114.541694176000078, -8.344555680999974, 0.0 ], [ 114.541856299000074, -8.344746849999979, 0.0 ], [ 114.542190614000106, -8.34484202799996, 0.0 ], [ 114.542438078000032, -8.34514897899993, 0.0 ], [ 114.542750977000082, -8.345146598999975, 0.0 ], [ 114.543761058000086, -8.345855678999953, 0.0 ], [ 114.545762185000058, -8.347811595999929, 0.0 ], [ 114.546204318000036, -8.348543517999929, 0.0 ], [ 114.54593443400006, -8.349099716999945, 0.0 ], [ 114.545827358000111, -8.350786753999955, 0.0 ], [ 114.545458324000037, -8.351969107999935, 0.0 ], [ 114.545543985000108, -8.35206261999997, 0.0 ], [ 114.545701525000027, -8.352988309999944, 0.0 ], [ 114.545967747000077, -8.35334467499996, 0.0 ], [ 114.545972506000112, -8.354170347999968, 0.0 ], [ 114.546143827000037, -8.354329771999971, 0.0 ], [ 114.546186657000021, -8.354562958999963, 0.0 ], [ 114.546826732000113, -8.355236346999959, 0.0 ], [ 114.546855286000095, -8.355421943999943, 0.0 ], [ 114.549923878000072, -8.357284069999935, 0.0 ], [ 114.552467046000061, -8.359128627999951, 0.0 ], [ 114.552739257000098, -8.359252359999971, 0.0 ], [ 114.55392903500001, -8.36032718599995, 0.0 ], [ 114.554115033000016, -8.360646356999951, 0.0 ], [ 114.555333317000077, -8.361798015999966, 0.0 ], [ 114.5555474680001, -8.362278666999941, 0.0 ], [ 114.555463086000032, -8.362443624999969, 0.0 ], [ 114.555307131000063, -8.362536532999968, 0.0 ], [ 114.556573004000029, -8.363919, 0.0 ], [ 114.556777638000085, -8.364380614999959, 0.0 ], [ 114.556799053000077, -8.365080176999982, 0.0 ], [ 114.556463549000114, -8.365468028999942, 0.0 ], [ 114.556175634000056, -8.36553465399993, 0.0 ], [ 114.55618426, -8.365657195999972, 0.0 ], [ 114.556098599000052, -8.365741666999952, 0.0 ], [ 114.556362719000049, -8.366147364999961, 0.0 ], [ 114.557501133000073, -8.366840362999937, 0.0 ], [ 114.557853293000107, -8.367140174999975, 0.0 ], [ 114.559642648000022, -8.367953950999947, 0.0 ], [ 114.559937701000081, -8.368277557999932, 0.0 ], [ 114.560935885000049, -8.368999128999974, 0.0 ], [ 114.561495058000105, -8.369268007999949, 0.0 ], [ 114.564236197000014, -8.371140643999979, 0.0 ], [ 114.564411088000043, -8.371340518999943, 0.0 ], [ 114.564875083000061, -8.371540393999965, 0.0 ], [ 114.565474707000021, -8.371950850999951, 0.0 ], [ 114.565606767000077, -8.372172139999975, 0.0 ], [ 114.565606767000077, -8.372532628999977, 0.0 ], [ 114.56601471700003, -8.373266779999938, 0.0 ], [ 114.56656199300005, -8.373718877999977, 0.0 ], [ 114.566615531000025, -8.373927080999977, 0.0 ], [ 114.566808255000069, -8.373791059999974, 0.0 ], [ 114.567305702000112, -8.374393485999974, 0.0 ], [ 114.567405639000071, -8.374678069999959, 0.0 ], [ 114.567719728000043, -8.374996917999965, 0.0 ], [ 114.567848219000098, -8.375096854999981, 0.0 ], [ 114.568162308000069, -8.375153961999956, 0.0 ], [ 114.568195620000097, -8.375339559999929, 0.0 ], [ 114.56835266500002, -8.375501362999955, 0.0 ], [ 114.568376459000092, -8.375786898999934, 0.0 ], [ 114.568595370000025, -8.37607243399998, 0.0 ], [ 114.568547781, -8.37631037999995, 0.0 ], [ 114.569837449000033, -8.377452520999952, 0.0 ], [ 114.57031647000008, -8.378076653999926, 0.0 ], [ 114.570919663000041, -8.37914931499995, 0.0 ], [ 114.573546985, -8.381564963999949, 0.0 ], [ 114.569718432000059, -8.384503597999981, 0.0 ], [ 114.569180674000108, -8.385165087999951, 0.0 ], [ 114.568847549000111, -8.386126389999959, 0.0 ], [ 114.568602465000026, -8.386254880999957, 0.0 ], [ 114.568923692000112, -8.386173979999967, 0.0 ], [ 114.569187812000109, -8.385422069999947, 0.0 ], [ 114.569763642000112, -8.384682057999953, 0.0 ], [ 114.572887874000116, -8.382252627999947, 0.0 ], [ 114.574986559000081, -8.384941418999972, 0.0 ], [ 114.574189439000065, -8.38551248899995, 0.0 ], [ 114.574222752000082, -8.38555531999998, 0.0 ], [ 114.573865198000021, -8.385870835999981, 0.0 ], [ 114.574191819000021, -8.38635243899995, 0.0 ], [ 114.574267961000032, -8.386335782999936, 0.0 ], [ 114.574815237000053, -8.38704962099996, 0.0 ], [ 114.574858068000026, -8.387011549999954, 0.0 ], [ 114.57502463000003, -8.387301843999978, 0.0 ], [ 114.575364893000028, -8.387052000999972, 0.0 ], [ 114.575588562, -8.387347053999974, 0.0 ], [ 114.575667084000088, -8.387301843999978, 0.0 ], [ 114.575776540000106, -8.387420816999963, 0.0 ], [ 114.57538630800002, -8.387708731999965, 0.0 ], [ 114.575807473000054, -8.38825124899995, 0.0 ], [ 114.573601712000027, -8.388867528999981, 0.0 ], [ 114.572535714000082, -8.388822319999974, 0.0 ], [ 114.571802840000032, -8.388548681999964, 0.0 ], [ 114.571257943000091, -8.388122757999952, 0.0 ], [ 114.570774119000021, -8.387542260999965, 0.0 ], [ 114.570477163000078, -8.387037814999928, 0.0 ], [ 114.570416248000015, -8.387079693999965, 0.0 ], [ 114.570461934000036, -8.387209135999967, 0.0 ], [ 114.56754399700003, -8.388368029999981, 0.0 ], [ 114.567508305000047, -8.388465587999974, 0.0 ], [ 114.569137407000085, -8.387910944999931, 0.0 ], [ 114.569177858000103, -8.388022779999972, 0.0 ], [ 114.569452686000091, -8.388097732999938, 0.0 ], [ 114.569619248000095, -8.388251207999929, 0.0 ], [ 114.570017808000102, -8.388352334999979, 0.0 ], [ 114.570748302000084, -8.388896041999942, 0.0 ], [ 114.573015929, -8.389749078999955, 0.0 ], [ 114.573909416000106, -8.390210694999951, 0.0 ], [ 114.575145546000044, -8.391014951999978, 0.0 ], [ 114.575511983000069, -8.391133924999963, 0.0 ], [ 114.577628007000044, -8.392611802999966, 0.0 ], [ 114.57906213900003, -8.393769177999957, 0.0 ], [ 114.57955111800004, -8.393989278999982, 0.0 ], [ 114.579784220000079, -8.394223887999942, 0.0 ], [ 114.579924694000056, -8.394588902999942, 0.0 ], [ 114.580037718000085, -8.394681701999957, 0.0 ], [ 114.580369653000048, -8.394662665999931, 0.0 ], [ 114.580331582000099, -8.394804243999943, 0.0 ], [ 114.58069682900009, -8.395179008999946, 0.0 ], [ 114.580782489000057, -8.395909503999974, 0.0 ], [ 114.580881237000085, -8.396085583999934, 0.0 ], [ 114.580851335000034, -8.396724706999976, 0.0 ], [ 114.581376720000094, -8.397644130999936, 0.0 ], [ 114.581612370000016, -8.397822659999974, 0.0 ], [ 114.58206343300003, -8.397825921999981, 0.0 ], [ 114.582375074000083, -8.397924669999952, 0.0 ], [ 114.582409382000037, -8.398070678999943, 0.0 ], [ 114.582626504000018, -8.398143104999974, 0.0 ], [ 114.582534304000092, -8.398366920999933, 0.0 ], [ 114.583333639000102, -8.398729665999952, 0.0 ], [ 114.583980027000052, -8.399359973999935, 0.0 ], [ 114.587633032000099, -8.401386971999955, 0.0 ], [ 114.588324987000078, -8.401568042999941, 0.0 ], [ 114.590007025000091, -8.401753008999947, 0.0 ], [ 114.592168998000034, -8.402229961999979, 0.0 ], [ 114.596435034000024, -8.403380011999957, 0.0 ], [ 114.597107979000043, -8.403392976999953, 0.0 ], [ 114.598692021000033, -8.403076, 0.0 ], [ 114.600999358000081, -8.401923333999946, 0.0 ], [ 114.602943004000053, -8.402518018999956, 0.0 ], [ 114.604108029000031, -8.402991998999937, 0.0 ], [ 114.609316032000038, -8.404503039999952, 0.0 ], [ 114.612055001000044, -8.405092011999955, 0.0 ], [ 114.614784971000063, -8.405220980999957, 0.0 ], [ 114.615718999000023, -8.405363989999955, 0.0 ], [ 114.617250989000013, -8.405900973999962, 0.0 ], [ 114.618255971000053, -8.406105038999954, 0.0 ], [ 114.621724977000099, -8.407283000999939, 0.0 ], [ 114.62301702700006, -8.40757797599997, 0.0 ], [ 114.625000970000087, -8.407519028999957, 0.0 ], [ 114.626351980000095, -8.407301011999948, 0.0 ], [ 114.628372038000066, -8.407321963999948, 0.0 ], [ 114.629476016000012, -8.40738400999993, 0.0 ], [ 114.630190023000068, -8.407515992999947, 0.0 ], [ 114.630878984000105, -8.407422011999927, 0.0 ], [ 114.632560015000081, -8.407430958999953, 0.0 ], [ 114.635455969000077, -8.406942990999937, 0.0 ], [ 114.638508002000094, -8.406684007999957, 0.0 ], [ 114.643553999, -8.405775954999967, 0.0 ], [ 114.646661971000071, -8.404904044999967, 0.0 ], [ 114.652401985000097, -8.403743026999962, 0.0 ], [ 114.65620897000008, -8.402744988999928, 0.0 ], [ 114.657949966000047, -8.40249104399993, 0.0 ], [ 114.659829996000099, -8.40201598699997, 0.0 ], [ 114.662566979000076, -8.401612968999927, 0.0 ], [ 114.670195036000109, -8.400281964999976, 0.0 ], [ 114.673843033000026, -8.399796960999936, 0.0 ], [ 114.67819901900009, -8.399062988999958, 0.0 ], [ 114.679697969000017, -8.398909983999943, 0.0 ], [ 114.680321031000062, -8.398746030999973, 0.0 ], [ 114.684414492000087, -8.398737272999938, 0.0 ], [ 114.691041526000049, -8.397884610999938, 0.0 ], [ 114.694191463000038, -8.397640542999966, 0.0 ], [ 114.697180020000019, -8.39714297699993, 0.0 ], [ 114.700302025000042, -8.397001004999936, 0.0 ], [ 114.702751980000016, -8.396713032999969, 0.0 ], [ 114.705930974000012, -8.396680959999969, 0.0 ], [ 114.711759995000079, -8.396207016999938, 0.0 ], [ 114.718924006000066, -8.396027991999972, 0.0 ], [ 114.726657017000093, -8.396181958999932, 0.0 ], [ 114.729597984000065, -8.396418967999978, 0.0 ], [ 114.729921980000086, -8.396690038999964, 0.0 ], [ 114.732358993000048, -8.396095998999954, 0.0 ], [ 114.732939977000115, -8.396178956999961, 0.0 ], [ 114.734960981000086, -8.396865989999981, 0.0 ], [ 114.737919978000036, -8.396914988999981, 0.0 ], [ 114.739053967000018, -8.397119043999965, 0.0 ], [ 114.740622974000075, -8.397527022999952, 0.0 ], [ 114.745761006000066, -8.398396981999952, 0.0 ], [ 114.748505013000113, -8.398951004999958, 0.0 ], [ 114.756838994000077, -8.400739977999933, 0.0 ], [ 114.76493, -8.403168039999969, 0.0 ], [ 114.765862990000073, -8.403582980999943, 0.0 ], [ 114.7671320070001, -8.403979041999946, 0.0 ], [ 114.770996017000016, -8.404816984999968, 0.0 ], [ 114.774782017, -8.406135038999935, 0.0 ], [ 114.775881009000045, -8.40613601299998, 0.0 ], [ 114.776977012000089, -8.406596043999969, 0.0 ], [ 114.778791987000091, -8.406889967999973, 0.0 ], [ 114.784030032000032, -8.408368957999926, 0.0 ], [ 114.789533744000096, -8.409752130999948, 0.0 ], [ 114.791189849000034, -8.410247057999982, 0.0 ], [ 114.791739967000012, -8.41021901199997, 0.0 ], [ 114.796031019000111, -8.411534034999931, 0.0 ], [ 114.799686009000084, -8.412826027999927, 0.0 ], [ 114.800493031000087, -8.413200975999928, 0.0 ], [ 114.802410990000112, -8.414333028999977, 0.0 ], [ 114.803981984000075, -8.416162971999938, 0.0 ], [ 114.804992035000055, -8.417769994999958, 0.0 ], [ 114.805106022000018, -8.41864904199997, 0.0 ], [ 114.805100989000039, -8.419966988999931, 0.0 ], [ 114.805188988000054, -8.420304022999971, 0.0 ], [ 114.80564197700005, -8.420997985999975, 0.0 ], [ 114.806587963000084, -8.421861978999971, 0.0 ], [ 114.807679973000063, -8.422529957999927, 0.0 ], [ 114.808418035000045, -8.422700994999957, 0.0 ], [ 114.812797987000067, -8.424581019999948, 0.0 ], [ 114.813367980000066, -8.424743972999977, 0.0 ], [ 114.815058018000059, -8.424865986999976, 0.0 ], [ 114.815678014000014, -8.425096, 0.0 ], [ 114.81689299300001, -8.426812957999971, 0.0 ], [ 114.817245963, -8.427501025999959, 0.0 ], [ 114.817416011000091, -8.428171988999964, 0.0 ], [ 114.817388151000046, -8.429399236999927, 0.0 ], [ 114.817307844000084, -8.42958067099994, 0.0 ], [ 114.81669721500009, -8.43015412099993, 0.0 ], [ 114.816559206000079, -8.430549110999948, 0.0 ], [ 114.816535412, -8.431134458999963, 0.0 ], [ 114.816673421000019, -8.431586555999957, 0.0 ], [ 114.817401536000034, -8.431486618999941, 0.0 ], [ 114.817610928000022, -8.431053556999927, 0.0 ], [ 114.818272418000106, -8.431434270999944, 0.0 ], [ 114.81897673900005, -8.431167770999934, 0.0 ], [ 114.820364197000117, -8.431434688999957, 0.0 ], [ 114.821277982000083, -8.432128980999948, 0.0 ], [ 114.822573015000103, -8.433460035999929, 0.0 ], [ 114.824083008000116, -8.434168983999939, 0.0 ], [ 114.824704985000039, -8.434650955999928, 0.0 ], [ 114.825013988000023, -8.434771961999957, 0.0 ], [ 114.827102965000108, -8.435126959999934, 0.0 ], [ 114.829463996000072, -8.435130005999952, 0.0 ], [ 114.834927028000038, -8.435346016999972, 0.0 ], [ 114.836628025000095, -8.435772026999928, 0.0 ], [ 114.838143016000117, -8.436034964999976, 0.0 ], [ 114.840032964000102, -8.436554996999973, 0.0 ], [ 114.843039003000058, -8.437231002999965, 0.0 ], [ 114.844911025000101, -8.437800982999931, 0.0 ], [ 114.849067965000017, -8.438867994999953, 0.0 ], [ 114.849406986000076, -8.438815991999945, 0.0 ], [ 114.853799998000113, -8.440680992999944, 0.0 ], [ 114.856155002000037, -8.441368979999936, 0.0 ], [ 114.863308031000088, -8.44419701299995, 0.0 ], [ 114.86409396800002, -8.444445039999948, 0.0 ], [ 114.86496997100005, -8.44485496599998, 0.0 ], [ 114.868266968000057, -8.446040024999945, 0.0 ], [ 114.869698990000074, -8.446692010999925, 0.0 ], [ 114.874450030000048, -8.448263967999935, 0.0 ], [ 114.877577967000093, -8.44954899399994, 0.0 ], [ 114.880366037000044, -8.45039898999994, 0.0 ], [ 114.88091002200008, -8.450487973999941, 0.0 ], [ 114.881155976000059, -8.450481984999954, 0.0 ], [ 114.882421983000086, -8.450082960999964, 0.0 ], [ 114.884246983000025, -8.450092014999939, 0.0 ], [ 114.884850999000037, -8.450430030999939, 0.0 ], [ 114.88575, -8.451230013999975, 0.0 ], [ 114.886387004000085, -8.451655961999961, 0.0 ], [ 114.887764007000101, -8.452264034999928, 0.0 ], [ 114.889542011000117, -8.453623031999939, 0.0 ], [ 114.891579022000087, -8.454533979999951, 0.0 ], [ 114.894204998000077, -8.455402991999961, 0.0 ], [ 114.895824034000043, -8.456209998999952, 0.0 ], [ 114.90108602600003, -8.458387968999943, 0.0 ], [ 114.902563013000076, -8.459082033999948, 0.0 ], [ 114.903543988000024, -8.459659017999968, 0.0 ], [ 114.907605035000074, -8.461752031999936, 0.0 ], [ 114.909968976000073, -8.46340502299995, 0.0 ], [ 114.912009015000081, -8.464692956999954, 0.0 ], [ 114.913805, -8.465676002999942, 0.0 ], [ 114.914254983000092, -8.465989031999925, 0.0 ], [ 114.915197, -8.467079040999977, 0.0 ], [ 114.915313025000046, -8.467138042999977, 0.0 ], [ 114.915563911000049, -8.467107038999927, 0.0 ], [ 114.915272415000118, -8.466107146999946, 0.0 ], [ 114.915335018000064, -8.465907668999932, 0.0 ], [ 114.916773287000069, -8.46418775799998, 0.0 ], [ 114.917874328000039, -8.463275898999939, 0.0 ], [ 114.918155092, -8.462578434999955, 0.0 ], [ 114.918126132000111, -8.461442391999981, 0.0 ], [ 114.916861862000019, -8.460982953999974, 0.0 ], [ 114.916657966000116, -8.46079287699996, 0.0 ], [ 114.916516983000065, -8.460262938999961, 0.0 ], [ 114.916631357000028, -8.459677810999949, 0.0 ], [ 114.916886376000093, -8.459493043999942, 0.0 ], [ 114.918288097000072, -8.459452761999955, 0.0 ], [ 114.918353067000112, -8.459361455999954, 0.0 ], [ 114.918350697000051, -8.45904201999997, 0.0 ], [ 114.917805058000113, -8.457764296999926, 0.0 ], [ 114.919084137000027, -8.45729857699996, 0.0 ], [ 114.920265603000075, -8.456169522999971, 0.0 ], [ 114.920384954000042, -8.455900830999951, 0.0 ], [ 114.920400492000113, -8.455720699999972, 0.0 ], [ 114.919733690000044, -8.454872375999969, 0.0 ], [ 114.919760391000068, -8.454466178999951, 0.0 ], [ 114.919997228000057, -8.454345845999967, 0.0 ], [ 114.921111465000081, -8.454388053999935, 0.0 ], [ 114.921272525000063, -8.45433604599998, 0.0 ], [ 114.9214007920001, -8.454067129999942, 0.0 ], [ 114.921177155, -8.45295600299994, 0.0 ], [ 114.921367409000027, -8.452569222999955, 0.0 ], [ 114.921524541000053, -8.452487552999969, 0.0 ], [ 114.922642449000023, -8.452648898999939, 0.0 ], [ 114.922882067000046, -8.452619191999929, 0.0 ], [ 114.923467806000076, -8.451213826999947, 0.0 ], [ 114.923827110000047, -8.450086628999941, 0.0 ], [ 114.923991540000088, -8.449993171999949, 0.0 ], [ 114.924885366000012, -8.449906448999968, 0.0 ], [ 114.925113840000108, -8.449734667999962, 0.0 ], [ 114.925640881000049, -8.449069250999969, 0.0 ], [ 114.926029679000067, -8.448343845999943, 0.0 ], [ 114.925978367000084, -8.447872662999941, 0.0 ], [ 114.925850771000114, -8.447709724999982, 0.0 ], [ 114.925235576000091, -8.44751562099998, 0.0 ], [ 114.92491300100005, -8.447133821999955, 0.0 ], [ 114.924628652000024, -8.446168661999934, 0.0 ], [ 114.924631637000061, -8.445396312999947, 0.0 ], [ 114.924811015000046, -8.444628812999952, 0.0 ], [ 114.925293371000066, -8.443266652999966, 0.0 ], [ 114.925338080000074, -8.441683342999966, 0.0 ], [ 114.925401267000098, -8.441600368999957, 0.0 ], [ 114.926467864000074, -8.441337934999979, 0.0 ], [ 114.927079135000099, -8.441095244999929, 0.0 ], [ 114.927189064000117, -8.440747537999925, 0.0 ], [ 114.926871284000072, -8.43903015799998, 0.0 ], [ 114.927091709000024, -8.438801607999949, 0.0 ], [ 114.927940481000064, -8.438345036999976, 0.0 ], [ 114.928104793000102, -8.437678236999943, 0.0 ], [ 114.928097600000115, -8.437276791999977, 0.0 ], [ 114.927915735000056, -8.436542904999953, 0.0 ], [ 114.92661304100011, -8.434499536999965, 0.0 ], [ 114.92639495200001, -8.434249756999975, 0.0 ], [ 114.925404156000013, -8.433581231999938, 0.0 ], [ 114.925162602000114, -8.433046949999948, 0.0 ], [ 114.925162335000095, -8.432947313999932, 0.0 ], [ 114.92534863800006, -8.432770127999959, 0.0 ], [ 114.926158450000116, -8.432507468999972, 0.0 ], [ 114.926436676000094, -8.432115136999926, 0.0 ], [ 114.926515083000027, -8.431717598999967, 0.0 ], [ 114.926488366000058, -8.430925483999943, 0.0 ], [ 114.926654854000049, -8.429648680999946, 0.0 ], [ 114.926594044000012, -8.429121166999948, 0.0 ], [ 114.926139814000067, -8.428095224999936, 0.0 ], [ 114.92613481300009, -8.42766753199993, 0.0 ], [ 114.926698719000115, -8.425563674999978, 0.0 ], [ 114.925995175000025, -8.424124524999968, 0.0 ], [ 114.92568372900007, -8.423090984999931, 0.0 ], [ 114.925439090000054, -8.42277160499998, 0.0 ], [ 114.924573473, -8.422144279999941, 0.0 ], [ 114.924335346000021, -8.42180246199996, 0.0 ], [ 114.924139560000071, -8.421309245999964, 0.0 ], [ 114.924132125000028, -8.420629786999939, 0.0 ], [ 114.924405843000045, -8.419473407999931, 0.0 ], [ 114.924924214000043, -8.418222337999964, 0.0 ], [ 114.925417862000018, -8.416500431999964, 0.0 ], [ 114.925394392000044, -8.415921191999928, 0.0 ], [ 114.925205, -8.415444461999925, 0.0 ], [ 114.925153641000065, -8.414931967999962, 0.0 ], [ 114.92554283700008, -8.414424158999964, 0.0 ], [ 114.926133771000082, -8.412619064999944, 0.0 ], [ 114.926381903000106, -8.412328871999932, 0.0 ], [ 114.927635699, -8.411432383999966, 0.0 ], [ 114.928022799000018, -8.410901002999935, 0.0 ], [ 114.928136928000072, -8.410349189999977, 0.0 ], [ 114.928250123000112, -8.408681396999953, 0.0 ], [ 114.928454629000043, -8.407615800999963, 0.0 ], [ 114.92873927800008, -8.40755102199995, 0.0 ], [ 114.929672997000011, -8.407631336999941, 0.0 ], [ 114.929846955000016, -8.40757899099998, 0.0 ], [ 114.930093735000014, -8.407352660999948, 0.0 ], [ 114.930248311000014, -8.407048981999935, 0.0 ], [ 114.930334333000019, -8.405886624999937, 0.0 ], [ 114.931937328000117, -8.404799007999941, 0.0 ], [ 114.931943162000039, -8.404544381999926, 0.0 ], [ 114.931710162000059, -8.403651354999965, 0.0 ], [ 114.931836237000084, -8.403219521999972, 0.0 ], [ 114.932645330000014, -8.402144206999935, 0.0 ], [ 114.933489682000072, -8.401278668999964, 0.0 ], [ 114.935150810000096, -8.40017848399998, 0.0 ], [ 114.93533323500003, -8.399983622999969, 0.0 ], [ 114.935708518000069, -8.396220430999961, 0.0 ], [ 114.936312655000052, -8.394134299999962, 0.0 ], [ 114.936310318000096, -8.39291480199995, 0.0 ], [ 114.936628026000108, -8.392064371999936, 0.0 ], [ 114.936637666000024, -8.391846076999968, 0.0 ], [ 114.936272724000105, -8.391278965999959, 0.0 ], [ 114.93553917600002, -8.390739348999944, 0.0 ], [ 114.934247725000091, -8.390315389999955, 0.0 ], [ 114.933673771000031, -8.389936292999948, 0.0 ], [ 114.933586200000036, -8.389762777999977, 0.0 ], [ 114.933736994000014, -8.388803433999954, 0.0 ], [ 114.93363454100006, -8.388330110999959, 0.0 ], [ 114.932494600000041, -8.387896736999949, 0.0 ], [ 114.932064263000029, -8.387568212999952, 0.0 ], [ 114.931841912000095, -8.386594633999948, 0.0 ], [ 114.931403837000062, -8.386095567999973, 0.0 ], [ 114.932151369000053, -8.385277146999954, 0.0 ], [ 114.932214642000076, -8.38505345699997, 0.0 ], [ 114.932187247000115, -8.384654987999966, 0.0 ], [ 114.931681464, -8.383453833999965, 0.0 ], [ 114.931667842000024, -8.383192315999963, 0.0 ], [ 114.932352940000101, -8.381511746999934, 0.0 ], [ 114.933077783000044, -8.380674534999969, 0.0 ], [ 114.932799899000088, -8.380802609999932, 0.0 ], [ 114.931479, -8.381802695999966, 0.0 ], [ 114.929498712000054, -8.382606992999968, 0.0 ], [ 114.927462006000042, -8.38281324999997, 0.0 ], [ 114.926615560000073, -8.382808801999943, 0.0 ], [ 114.925948358000028, -8.382460271999946, 0.0 ], [ 114.925466617000097, -8.38206936499995, 0.0 ], [ 114.924196458000097, -8.381497009999975, 0.0 ], [ 114.922209379000037, -8.380068145999928, 0.0 ], [ 114.919397405000041, -8.378869785999939, 0.0 ], [ 114.918347102000098, -8.378515376999928, 0.0 ], [ 114.917250331000105, -8.378297234999934, 0.0 ], [ 114.913486669, -8.377761636999935, 0.0 ], [ 114.91188159, -8.377282931999957, 0.0 ], [ 114.91094501300006, -8.376090615999942, 0.0 ], [ 114.910656713000094, -8.375460502999942, 0.0 ], [ 114.90949058700005, -8.374675377999949, 0.0 ], [ 114.908982519, -8.374237511999979, 0.0 ], [ 114.905215198000064, -8.372762756999975, 0.0 ], [ 114.904600289000086, -8.372452840999927, 0.0 ], [ 114.903083879000064, -8.371381085999928, 0.0 ], [ 114.902634693000095, -8.370707896999932, 0.0 ], [ 114.901699019000034, -8.371314231999975, 0.0 ], [ 114.90103956400003, -8.369925434999971, 0.0 ], [ 114.90061515900004, -8.36928947499996, 0.0 ], [ 114.900130397000112, -8.368087249999974, 0.0 ], [ 114.899465717000112, -8.367862670999955, 0.0 ], [ 114.898819563000075, -8.366510977999951, 0.0 ], [ 114.898059346000082, -8.36549417699996, 0.0 ], [ 114.897547726000084, -8.363131216999932, 0.0 ], [ 114.897268773000064, -8.361407700999962, 0.0 ], [ 114.89710479200005, -8.359742195999956, 0.0 ], [ 114.896625500000027, -8.35775930799997, 0.0 ], [ 114.896368137000081, -8.357384832999969, 0.0 ], [ 114.895938193, -8.356952040999943, 0.0 ], [ 114.895163032000028, -8.356402612999943, 0.0 ], [ 114.892317805000062, -8.354952436999952, 0.0 ], [ 114.891467269000032, -8.354441128999952, 0.0 ], [ 114.889226496000106, -8.353716197999972, 0.0 ], [ 114.888651544000027, -8.353454824999972, 0.0 ], [ 114.888364615000114, -8.353223697999965, 0.0 ], [ 114.886961069000108, -8.351637683999968, 0.0 ], [ 114.886560566000071, -8.351090242999931, 0.0 ], [ 114.886189796000053, -8.350370754999972, 0.0 ], [ 114.88579315700008, -8.349105818999931, 0.0 ], [ 114.885048250000068, -8.348298233999969, 0.0 ], [ 114.884272211000052, -8.347920985999963, 0.0 ], [ 114.882923694000056, -8.346823168999947, 0.0 ], [ 114.882262933000106, -8.346446533999938, 0.0 ], [ 114.879041047000101, -8.345396087999973, 0.0 ], [ 114.877690865000091, -8.344613945999981, 0.0 ], [ 114.876945366000086, -8.343921146999946, 0.0 ], [ 114.8756870630001, -8.342134991999956, 0.0 ], [ 114.873573958000065, -8.340374736999934, 0.0 ], [ 114.872814919, -8.339524013999949, 0.0 ], [ 114.871928144000094, -8.338313845999949, 0.0 ], [ 114.871411486000056, -8.337937970999974, 0.0 ], [ 114.870261970000115, -8.337357802999975, 0.0 ], [ 114.869628645000034, -8.337239594999971, 0.0 ], [ 114.867385071000058, -8.336481335999963, 0.0 ], [ 114.866666387, -8.336161769999933, 0.0 ], [ 114.86469541800011, -8.335581874999946, 0.0 ], [ 114.864289390000067, -8.336012676999928, 0.0 ], [ 114.863837882000098, -8.336243432999936, 0.0 ], [ 114.862810259000071, -8.336435208999944, 0.0 ], [ 114.862232488000018, -8.336701156999936, 0.0 ], [ 114.861933816000032, -8.336926299999959, 0.0 ], [ 114.861840160000042, -8.337589481999942, 0.0 ], [ 114.860907714000064, -8.340149507999968, 0.0 ], [ 114.860363808000102, -8.340810257999976, 0.0 ], [ 114.860056861000089, -8.340952099999981, 0.0 ], [ 114.858669224000096, -8.341106042999968, 0.0 ], [ 114.858305607000034, -8.34173188799997, 0.0 ], [ 114.858349005000036, -8.342070201999945, 0.0 ], [ 114.856303731000025, -8.340465037999934, 0.0 ], [ 114.854011525000033, -8.339523656999972, 0.0 ], [ 114.853099077000024, -8.338968210999951, 0.0 ], [ 114.852549741000075, -8.338195018999954, 0.0 ], [ 114.852005544, -8.337589382999965, 0.0 ], [ 114.851057922000109, -8.336981550999951, 0.0 ], [ 114.850107963000028, -8.33680419999996, 0.0 ], [ 114.849560007000036, -8.336887334999972, 0.0 ], [ 114.848896155000034, -8.337084626999967, 0.0 ], [ 114.847624827000118, -8.337709123999957, 0.0 ], [ 114.846874377000063, -8.337934650999955, 0.0 ], [ 114.846667476000107, -8.337836252999978, 0.0 ], [ 114.845293326000046, -8.336557223999932, 0.0 ], [ 114.844362436000097, -8.335529740999959, 0.0 ], [ 114.844113253000046, -8.334990268999945, 0.0 ], [ 114.843265239000061, -8.335272654999926, 0.0 ], [ 114.842995, -8.335289122999939, 0.0 ], [ 114.84220928000002, -8.335706374999972, 0.0 ], [ 114.840832495000086, -8.337169732999939, 0.0 ], [ 114.840142522000065, -8.338188396999954, 0.0 ], [ 114.83843089100003, -8.338003507999929, 0.0 ], [ 114.837770034000073, -8.33765551099998, 0.0 ], [ 114.835875196000075, -8.336382393999941, 0.0 ], [ 114.835587356000019, -8.336323424999932, 0.0 ], [ 114.834924294000075, -8.336377203999973, 0.0 ], [ 114.834118266000019, -8.336229309999965, 0.0 ], [ 114.833543236000082, -8.335996569999963, 0.0 ], [ 114.831203769000012, -8.334362274999933, 0.0 ], [ 114.830599755000094, -8.33415807199998, 0.0 ], [ 114.829131168000117, -8.333977845999925, 0.0 ], [ 114.826565232, -8.334222083999975, 0.0 ], [ 114.82578787500006, -8.334103029999937, 0.0 ], [ 114.824982336000062, -8.333869016999927, 0.0 ], [ 114.824436292000087, -8.333607735999976, 0.0 ], [ 114.823949296000023, -8.333088473999965, 0.0 ], [ 114.823492229000067, -8.33236848599995, 0.0 ], [ 114.823350541000082, -8.331937221999965, 0.0 ], [ 114.823303541000087, -8.330014118999941, 0.0 ], [ 114.823064249000026, -8.328993982999975, 0.0 ], [ 114.822325719000105, -8.32706707899996, 0.0 ], [ 114.822017341000105, -8.325515632999952, 0.0 ], [ 114.822020990000055, -8.324855569999954, 0.0 ], [ 114.822408732000099, -8.322475657999973, 0.0 ], [ 114.822878474000049, -8.320899778999944, 0.0 ], [ 114.823534454000082, -8.319511458999955, 0.0 ], [ 114.824328371000092, -8.318336245999944, 0.0 ], [ 114.82431353100003, -8.317762178999942, 0.0 ], [ 114.823815400000058, -8.317685402999928, 0.0 ], [ 114.823621819000095, -8.317764916999977, 0.0 ], [ 114.821046132000106, -8.31784048999998, 0.0 ], [ 114.820614627000054, -8.317712565999955, 0.0 ], [ 114.819723845000112, -8.316840879999972, 0.0 ], [ 114.818651995000096, -8.316024690999939, 0.0 ], [ 114.818398931000047, -8.315494107999939, 0.0 ], [ 114.818315502000019, -8.314948369999968, 0.0 ], [ 114.818293830000016, -8.313656785999967, 0.0 ], [ 114.81844487300009, -8.312394856999958, 0.0 ], [ 114.818558179000092, -8.310142587999962, 0.0 ], [ 114.819260471, -8.308194896999964, 0.0 ], [ 114.819783212000061, -8.307451583999978, 0.0 ], [ 114.82019260800007, -8.30636325699993, 0.0 ], [ 114.820256415000017, -8.305244330999926, 0.0 ], [ 114.820116951000045, -8.30441129299993, 0.0 ], [ 114.820148762000031, -8.303866177999964, 0.0 ], [ 114.820355515000074, -8.302948940999954, 0.0 ], [ 114.820403249000037, -8.302131276999944, 0.0 ], [ 114.820441667000068, -8.300807427999928, 0.0 ], [ 114.820346615000062, -8.300015602999963, 0.0 ], [ 114.819543459000101, -8.299014750999959, 0.0 ], [ 114.818616659000099, -8.298098681999932, 0.0 ], [ 114.81854867800007, -8.297909234999963, 0.0 ], [ 114.818751915, -8.295478163999974, 0.0 ], [ 114.818462263000015, -8.294806222999966, 0.0 ], [ 114.817997156000047, -8.294340620999947, 0.0 ], [ 114.816606884000066, -8.293300656999975, 0.0 ], [ 114.816126189000101, -8.292851121999945, 0.0 ], [ 114.815943968000056, -8.291475038999977, 0.0 ], [ 114.815554063000036, -8.290209543999936, 0.0 ], [ 114.815525721000085, -8.28909213299994, 0.0 ], [ 114.816271601000039, -8.288391486999956, 0.0 ], [ 114.816428229000053, -8.288151703999972, 0.0 ], [ 114.816551294000078, -8.287739852999948, 0.0 ], [ 114.816469731000097, -8.287196538999979, 0.0 ], [ 114.816921388000083, -8.286341009999944, 0.0 ], [ 114.817079342000056, -8.285860593999928, 0.0 ], [ 114.81716808300007, -8.28541417699995, 0.0 ], [ 114.816956557000026, -8.283092562999968, 0.0 ], [ 114.816855868000061, -8.282576353999957, 0.0 ], [ 114.81646692400011, -8.281747295999935, 0.0 ], [ 114.815759322000076, -8.280707890999963, 0.0 ], [ 114.815184707000071, -8.280103577999967, 0.0 ], [ 114.81382402700001, -8.279129030999968, 0.0 ], [ 114.81354835500008, -8.278586017999942, 0.0 ], [ 114.813398872000107, -8.278061716999957, 0.0 ], [ 114.813332177, -8.277388848999976, 0.0 ], [ 114.812999027000046, -8.276518374999966, 0.0 ], [ 114.812958074000107, -8.275529430999939, 0.0 ], [ 114.81336727300004, -8.274469803999978, 0.0 ], [ 114.813488061000044, -8.273465993999935, 0.0 ], [ 114.813408114000026, -8.272288895999964, 0.0 ], [ 114.81256380800005, -8.269996289999938, 0.0 ], [ 114.812301670000011, -8.268261482999947, 0.0 ], [ 114.811831940000047, -8.266493734999926, 0.0 ], [ 114.81156313800011, -8.265967480999961, 0.0 ], [ 114.811332675000017, -8.264822534999951, 0.0 ], [ 114.811354953000091, -8.264387531999944, 0.0 ], [ 114.811754023000049, -8.26411281999998, 0.0 ], [ 114.812388519000024, -8.263874471999941, 0.0 ], [ 114.813108124000109, -8.263993209999967, 0.0 ], [ 114.813732292000054, -8.263890283999956, 0.0 ], [ 114.815153440000017, -8.262889386999973, 0.0 ], [ 114.815446788000031, -8.26253799899996, 0.0 ], [ 114.815827991000106, -8.262338372999977, 0.0 ], [ 114.816095997000048, -8.261986845999957, 0.0 ], [ 114.816173334000041, -8.26174773799994, 0.0 ], [ 114.816182537000032, -8.261118745999966, 0.0 ], [ 114.815669429000081, -8.260060826999961, 0.0 ], [ 114.815580132000036, -8.25895937699994, 0.0 ], [ 114.815242657000113, -8.258310106999943, 0.0 ], [ 114.814568746000077, -8.256497544999945, 0.0 ], [ 114.814039903000094, -8.254355744999941, 0.0 ], [ 114.813531035000096, -8.253030214999967, 0.0 ], [ 114.812495207000097, -8.251795005999952, 0.0 ], [ 114.811610811000037, -8.251111358999935, 0.0 ], [ 114.810203432000094, -8.251208979999944, 0.0 ], [ 114.808843925000019, -8.251626457999976, 0.0 ], [ 114.807853422000107, -8.251753032999943, 0.0 ], [ 114.807181926000112, -8.251393986999972, 0.0 ], [ 114.806674255000075, -8.250934303999941, 0.0 ], [ 114.806027477000043, -8.250743843999942, 0.0 ], [ 114.804951791, -8.251107734999948, 0.0 ], [ 114.804135682000037, -8.251209872999937, 0.0 ], [ 114.803049882000096, -8.251611886999967, 0.0 ], [ 114.801435993000041, -8.251717824999957, 0.0 ], [ 114.799329357000033, -8.252366331999951, 0.0 ], [ 114.798809214000016, -8.252650463999942, 0.0 ], [ 114.798432962000106, -8.252964083999927, 0.0 ], [ 114.797763851000013, -8.254137055999934, 0.0 ], [ 114.796051905000013, -8.256337444999929, 0.0 ], [ 114.795719101000032, -8.256608252999968, 0.0 ], [ 114.795350067000072, -8.256670013999951, 0.0 ], [ 114.794991639000045, -8.256501171999957, 0.0 ], [ 114.794299932000058, -8.255949081999972, 0.0 ], [ 114.792196280000098, -8.254780711999956, 0.0 ], [ 114.790330169000072, -8.254317493999963, 0.0 ], [ 114.789888295000083, -8.254076672999929, 0.0 ], [ 114.789206907000107, -8.253473799999938, 0.0 ], [ 114.78803588300002, -8.252954813999963, 0.0 ], [ 114.786961154000096, -8.252352923999979, 0.0 ], [ 114.786469646000114, -8.252421722999941, 0.0 ], [ 114.785928897000076, -8.252728627999943, 0.0 ], [ 114.785615801000063, -8.253024873999948, 0.0 ], [ 114.784405943000024, -8.254416534999962, 0.0 ], [ 114.783153614000071, -8.255589585999928, 0.0 ], [ 114.782525950000036, -8.256444278999936, 0.0 ], [ 114.781936146000021, -8.256953529999976, 0.0 ], [ 114.781332807000013, -8.257157671999948, 0.0 ], [ 114.779943783000022, -8.257066537999947, 0.0 ], [ 114.778201526000089, -8.257703076999974, 0.0 ], [ 114.776722038000116, -8.258364270999948, 0.0 ], [ 114.775848309000025, -8.258899536999934, 0.0 ], [ 114.775230012000065, -8.259049695999977, 0.0 ], [ 114.774761611000031, -8.259013537999977, 0.0 ], [ 114.773809152000013, -8.258685382999943, 0.0 ], [ 114.772462495000013, -8.258014239999966, 0.0 ], [ 114.771958657000027, -8.257957626999939, 0.0 ], [ 114.771710606000056, -8.257681073999947, 0.0 ], [ 114.771141263000118, -8.257275713999945, 0.0 ], [ 114.770830985000089, -8.256097356999931, 0.0 ], [ 114.770172428000024, -8.255376230999957, 0.0 ], [ 114.769339096000067, -8.25499851099994, 0.0 ], [ 114.767181427000082, -8.254469910999944, 0.0 ], [ 114.765916953000101, -8.253917593999972, 0.0 ], [ 114.765544232000025, -8.253599833999942, 0.0 ], [ 114.765171834000057, -8.253224677999981, 0.0 ], [ 114.764887303000023, -8.252591726999981, 0.0 ], [ 114.763540271000011, -8.25140460199998, 0.0 ], [ 114.762610083000027, -8.250327720999962, 0.0 ], [ 114.762086336000039, -8.249507618999928, 0.0 ], [ 114.760804026000073, -8.24694169299994, 0.0 ], [ 114.760541126000021, -8.245899334999933, 0.0 ], [ 114.760163438000063, -8.243372875999967, 0.0 ], [ 114.759764765000114, -8.24185573099993, 0.0 ], [ 114.759869900000012, -8.240389690999962, 0.0 ], [ 114.759668195000017, -8.239609264999956, 0.0 ], [ 114.757793793000019, -8.238011441999959, 0.0 ], [ 114.756695263000097, -8.236864533999949, 0.0 ], [ 114.756024804000049, -8.23645858499998, 0.0 ], [ 114.755638087000079, -8.235897768999962, 0.0 ], [ 114.755437806000032, -8.235462138999935, 0.0 ], [ 114.755240061000109, -8.234576498999957, 0.0 ], [ 114.755322319000015, -8.233816568999941, 0.0 ], [ 114.755232948000071, -8.233071196999958, 0.0 ], [ 114.755300485000021, -8.232156002999943, 0.0 ], [ 114.755539110000086, -8.230833719999964, 0.0 ], [ 114.755306795000024, -8.229946886999926, 0.0 ], [ 114.754718342000047, -8.229054060999943, 0.0 ], [ 114.754352132, -8.228134580999949, 0.0 ], [ 114.753958519000093, -8.227533500999925, 0.0 ], [ 114.753086810000013, -8.226553701999933, 0.0 ], [ 114.752675642000099, -8.225291767999977, 0.0 ], [ 114.752427535000038, -8.224231074999977, 0.0 ], [ 114.751742161000038, -8.223447230999966, 0.0 ], [ 114.750851853000086, -8.222865041999967, 0.0 ], [ 114.74960270400004, -8.222271751999926, 0.0 ], [ 114.748839776000068, -8.222004163999941, 0.0 ], [ 114.747273017000111, -8.22177107899995, 0.0 ], [ 114.746156077000023, -8.221716054999945, 0.0 ], [ 114.745319647000088, -8.222316014999933, 0.0 ], [ 114.744040249000022, -8.222962493999944, 0.0 ], [ 114.743213515000093, -8.222810791999962, 0.0 ], [ 114.741597957000067, -8.222772304999978, 0.0 ], [ 114.737830021000036, -8.223649622999972, 0.0 ], [ 114.737128759000029, -8.223589820999962, 0.0 ], [ 114.736625128000014, -8.223321683999927, 0.0 ], [ 114.736050628000044, -8.223178815999972, 0.0 ], [ 114.735520045000044, -8.222715039999969, 0.0 ], [ 114.734805468000104, -8.222529490999932, 0.0 ], [ 114.732251301000019, -8.222538128999929, 0.0 ], [ 114.731248215000051, -8.222375686999953, 0.0 ], [ 114.730242267000108, -8.221104412999978, 0.0 ], [ 114.72991183900001, -8.22059334599993, 0.0 ], [ 114.729636601000038, -8.21997102399996, 0.0 ], [ 114.72851649800009, -8.218995858999961, 0.0 ], [ 114.727931944000034, -8.21870877899994, 0.0 ], [ 114.72727033700005, -8.218042892999961, 0.0 ], [ 114.726109551000036, -8.217794604999938, 0.0 ], [ 114.724684462000027, -8.217660419999959, 0.0 ], [ 114.723799990000089, -8.217182453999953, 0.0 ], [ 114.72345550700004, -8.216471063999961, 0.0 ], [ 114.722653308000076, -8.215457538999942, 0.0 ], [ 114.72221404600009, -8.214698315999954, 0.0 ], [ 114.720969985000011, -8.213382746999969, 0.0 ], [ 114.71913208400008, -8.212550058999966, 0.0 ], [ 114.718525965000026, -8.212007734999929, 0.0 ], [ 114.717533070000059, -8.212024558999929, 0.0 ], [ 114.715158425000027, -8.21122984699997, 0.0 ], [ 114.713659178000057, -8.209921858999962, 0.0 ], [ 114.713122724000073, -8.208879233999937, 0.0 ], [ 114.711887625000031, -8.207052953999948, 0.0 ], [ 114.710284868000031, -8.206284152999956, 0.0 ], [ 114.70742377900001, -8.204552507999949, 0.0 ], [ 114.706123891000061, -8.204050823999978, 0.0 ], [ 114.705251648000058, -8.203439594999963, 0.0 ], [ 114.704151033000016, -8.202814431999968, 0.0 ], [ 114.703393237000114, -8.202165960999935, 0.0 ], [ 114.702570391000108, -8.201794986999971, 0.0 ], [ 114.701921173000073, -8.201242119999961, 0.0 ], [ 114.701540202000047, -8.201078102999929, 0.0 ], [ 114.701200568000104, -8.201269872999944, 0.0 ], [ 114.699942029000113, -8.20269163599994, 0.0 ], [ 114.69959257000005, -8.203452682999966, 0.0 ], [ 114.698423387000048, -8.205028975999937, 0.0 ], [ 114.697926199000108, -8.205852296999979, 0.0 ], [ 114.697125179000068, -8.206507884999951, 0.0 ], [ 114.695642974000066, -8.207437732999949, 0.0 ], [ 114.694527845000039, -8.207488030999968, 0.0 ], [ 114.693873401000019, -8.207634364999933, 0.0 ], [ 114.69256986500011, -8.207615813999951, 0.0 ], [ 114.692198090000034, -8.207805246999953, 0.0 ], [ 114.691905771000052, -8.21167861899994, 0.0 ], [ 114.691616319000104, -8.212694619999979, 0.0 ], [ 114.691484624000054, -8.213842816999943, 0.0 ], [ 114.691590767000093, -8.215184249999936, 0.0 ], [ 114.69255750100001, -8.21632594099998, 0.0 ], [ 114.693134274000045, -8.217236447999937, 0.0 ], [ 114.692879933000086, -8.21829403199996, 0.0 ], [ 114.692182400000092, -8.219168227999944, 0.0 ], [ 114.689117117000023, -8.22131312199997, 0.0 ], [ 114.688225618000047, -8.222226604999946, 0.0 ], [ 114.68801699900007, -8.223180757999955, 0.0 ], [ 114.688197843000012, -8.224857873999952, 0.0 ], [ 114.686960684000042, -8.228202267999961, 0.0 ], [ 114.686512801000049, -8.229029627999978, 0.0 ], [ 114.685198876000072, -8.230379073999927, 0.0 ], [ 114.684502580000071, -8.230860628999949, 0.0 ], [ 114.68426510300003, -8.231655867999962, 0.0 ], [ 114.683143044000076, -8.231711483999959, 0.0 ], [ 114.682282147000024, -8.231086746999949, 0.0 ], [ 114.6806840590001, -8.229347721999943, 0.0 ], [ 114.679663418000018, -8.228405855999938, 0.0 ], [ 114.678763098000104, -8.228400653999927, 0.0 ], [ 114.677899532000083, -8.228526316999933, 0.0 ], [ 114.676925383000025, -8.228315367999926, 0.0 ], [ 114.674896698000111, -8.225597198999935, 0.0 ], [ 114.674274042000093, -8.224073674999943, 0.0 ], [ 114.673846942000068, -8.223440656999969, 0.0 ], [ 114.672659564000014, -8.222994795999966, 0.0 ], [ 114.671319702, -8.223128540999937, 0.0 ], [ 114.670538713000042, -8.222935338999946, 0.0 ], [ 114.670374950000109, -8.222568832999968, 0.0 ], [ 114.669856793, -8.222011595999959, 0.0 ], [ 114.66900333000001, -8.222053815999971, 0.0 ], [ 114.668101227000079, -8.222308010999939, 0.0 ], [ 114.665422856000077, -8.223233970999956, 0.0 ], [ 114.662145355, -8.224635383999953, 0.0 ], [ 114.660083984000039, -8.225145814999962, 0.0 ], [ 114.659063871000058, -8.225699064999958, 0.0 ], [ 114.656565299000022, -8.227388704999953, 0.0 ], [ 114.655841248000115, -8.227650761999939, 0.0 ], [ 114.654919089000032, -8.227472295999974, 0.0 ], [ 114.653886868000086, -8.226817801999971, 0.0 ], [ 114.653348140000048, -8.226595946999964, 0.0 ], [ 114.652861757000096, -8.226102159999925, 0.0 ], [ 114.652459357000112, -8.225956322999934, 0.0 ], [ 114.651575745000059, -8.22437287799994, 0.0 ], [ 114.650870994000115, -8.222315472999981, 0.0 ], [ 114.650163599000052, -8.221667950999972, 0.0 ], [ 114.647506014000101, -8.220905548999951, 0.0 ], [ 114.645754962000069, -8.219890935999956, 0.0 ], [ 114.644950689000098, -8.219513178999932, 0.0 ], [ 114.644145742000092, -8.219250196999951, 0.0 ], [ 114.642219197000031, -8.218693685999938, 0.0 ], [ 114.641672448, -8.218604393999954, 0.0 ], [ 114.640332374000081, -8.218725659999961, 0.0 ], [ 114.639900844000067, -8.218637041999955, 0.0 ], [ 114.638378566000029, -8.21791070699993, 0.0 ], [ 114.637202075, -8.217157706999956, 0.0 ], [ 114.636485761000017, -8.216522187999942, 0.0 ], [ 114.636229256000092, -8.216061549999949, 0.0 ], [ 114.635634416000016, -8.215669757999933, 0.0 ], [ 114.633290808000083, -8.21475570399997, 0.0 ], [ 114.632758496000065, -8.214418710999951, 0.0 ], [ 114.632163176000063, -8.214229730999932, 0.0 ], [ 114.631517392000092, -8.212074386999973, 0.0 ], [ 114.630681275000029, -8.210698609999952, 0.0 ], [ 114.63017697600003, -8.210047322999969, 0.0 ], [ 114.629894791000083, -8.209293613999932, 0.0 ], [ 114.629730333000111, -8.20846279899996, 0.0 ], [ 114.629284661000042, -8.207843507999939, 0.0 ], [ 114.627240111000106, -8.206529112999931, 0.0 ], [ 114.626440233000039, -8.205687435999948, 0.0 ], [ 114.6259312090001, -8.20468275099995, 0.0 ], [ 114.624441277000074, -8.203299562999973, 0.0 ], [ 114.623718824000093, -8.202759517999937, 0.0 ], [ 114.623254271000064, -8.202151108999942, 0.0 ], [ 114.622698582000112, -8.201122852999958, 0.0 ], [ 114.62156685900004, -8.19862399799996, 0.0 ], [ 114.621057774000064, -8.19731672599994, 0.0 ], [ 114.620864009000115, -8.196550000999935, 0.0 ], [ 114.620425882000063, -8.195829071999981, 0.0 ], [ 114.619454092000069, -8.194604163999941, 0.0 ], [ 114.61781907000011, -8.193297662999953, 0.0 ], [ 114.61580625900001, -8.192391691999944, 0.0 ], [ 114.614831188000039, -8.191751681999961, 0.0 ], [ 114.613642585000093, -8.190465141999937, 0.0 ], [ 114.612385564000078, -8.188947236999979, 0.0 ], [ 114.612153777000117, -8.188445186999957, 0.0 ], [ 114.611937744000102, -8.187175525999976, 0.0 ], [ 114.611968459000082, -8.185773810999933, 0.0 ], [ 114.61187079900003, -8.18520056899996, 0.0 ], [ 114.61165178400006, -8.18443156799998, 0.0 ], [ 114.611309198000072, -8.183761970999967, 0.0 ], [ 114.610821150000106, -8.183113765999963, 0.0 ], [ 114.610533778000104, -8.182852731999958, 0.0 ], [ 114.609500084000047, -8.182330093999951, 0.0 ], [ 114.609186194000017, -8.181840418999968, 0.0 ], [ 114.608155586000066, -8.180801284999973, 0.0 ], [ 114.607064141000023, -8.180307004999975, 0.0 ], [ 114.606174963000058, -8.179699133999975, 0.0 ], [ 114.60528122900007, -8.17895597699993, 0.0 ], [ 114.604552899000055, -8.177918595999927, 0.0 ], [ 114.603566092000051, -8.177703693999945, 0.0 ], [ 114.60322034, -8.177730344999929, 0.0 ], [ 114.602266714000052, -8.178269890999957, 0.0 ], [ 114.601279692000048, -8.178543514999944, 0.0 ], [ 114.600779714000055, -8.178572844999962, 0.0 ], [ 114.600034382000104, -8.178328371999953, 0.0 ], [ 114.597322292000058, -8.176579881999942, 0.0 ], [ 114.596328460000109, -8.176785504999941, 0.0 ], [ 114.595781637000073, -8.176724863999937, 0.0 ], [ 114.59514923200004, -8.176863796999953, 0.0 ], [ 114.593968166000082, -8.177290725999967, 0.0 ], [ 114.592716955000014, -8.177623403999974, 0.0 ], [ 114.592220663000035, -8.177843290999931, 0.0 ], [ 114.591134926000109, -8.177972193999949, 0.0 ], [ 114.589276900000073, -8.178384945999937, 0.0 ], [ 114.587921134000112, -8.178826451999953, 0.0 ], [ 114.587204970000016, -8.178776206999942, 0.0 ], [ 114.586505257000113, -8.178591910999955, 0.0 ], [ 114.586164592000046, -8.179552852999961, 0.0 ], [ 114.586011211000027, -8.182375193999974, 0.0 ], [ 114.585669396000071, -8.183284714999957, 0.0 ], [ 114.585259895000036, -8.183925185999954, 0.0 ], [ 114.584729846000073, -8.184624743999962, 0.0 ], [ 114.584216801000025, -8.184995464999929, 0.0 ], [ 114.583506380000017, -8.185708890999933, 0.0 ], [ 114.580786581000098, -8.187230552999949, 0.0 ], [ 114.580009743, -8.188337242999978, 0.0 ], [ 114.579040021000083, -8.189500256999963, 0.0 ], [ 114.578654148000055, -8.189632069999959, 0.0 ], [ 114.577883671000109, -8.189684927999963, 0.0 ], [ 114.577094407000118, -8.189661027999932, 0.0 ], [ 114.576094288000036, -8.189482570999928, 0.0 ], [ 114.57430119300011, -8.189893337999933, 0.0 ], [ 114.572433290000049, -8.18993958599998, 0.0 ], [ 114.569352974000026, -8.19074272499995, 0.0 ], [ 114.56339193000008, -8.191753200999926, 0.0 ], [ 114.562035940000101, -8.192146726999965, 0.0 ], [ 114.561631533000082, -8.19234514599998, 0.0 ], [ 114.561168474000056, -8.192715370999963, 0.0 ], [ 114.560921567000037, -8.193086903999927, 0.0 ], [ 114.560704621000014, -8.193768359999979, 0.0 ], [ 114.560041346000048, -8.194544658999973, 0.0 ], [ 114.55926875900002, -8.194898986999931, 0.0 ], [ 114.558574263000082, -8.19543996799996, 0.0 ], [ 114.556697593000081, -8.196203350999951, 0.0 ], [ 114.553087174000098, -8.197903100999952, 0.0 ], [ 114.552424454000061, -8.197956462999969, 0.0 ], [ 114.551628522000101, -8.197712584999977, 0.0 ], [ 114.551199414000052, -8.19604807099995, 0.0 ], [ 114.551009391000093, -8.194618283999944, 0.0 ], [ 114.549703407000038, -8.19148933799994, 0.0 ], [ 114.548933809, -8.190935188999958, 0.0 ], [ 114.547744336000051, -8.190422444999967, 0.0 ], [ 114.546838603000083, -8.190460895999934, 0.0 ], [ 114.545377928000107, -8.190957524999931, 0.0 ], [ 114.544380621000073, -8.191522905999932, 0.0 ], [ 114.543666366000025, -8.19274937199998, 0.0 ], [ 114.54240147400003, -8.193730713999969, 0.0 ], [ 114.540852717, -8.194182826999963, 0.0 ], [ 114.539640631000111, -8.193757835999975, 0.0 ], [ 114.53887807600006, -8.19206081699997, 0.0 ], [ 114.538335002000053, -8.191519630999949, 0.0 ], [ 114.536662201000013, -8.191570498999965, 0.0 ], [ 114.535033457000054, -8.191942296999969, 0.0 ], [ 114.533033283, -8.192928421999966, 0.0 ], [ 114.532177727000089, -8.192902273999948, 0.0 ], [ 114.528408187000082, -8.19515574199994, 0.0 ], [ 114.527045802000089, -8.196582065999962, 0.0 ], [ 114.525420134000115, -8.198666719999949, 0.0 ], [ 114.524725412000066, -8.199236326999937, 0.0 ], [ 114.523916743000086, -8.199604374999979, 0.0 ], [ 114.523163365000073, -8.20034577399997, 0.0 ], [ 114.521563780000065, -8.202860961999932, 0.0 ], [ 114.52041831400004, -8.204130773999964, 0.0 ], [ 114.51906752900004, -8.204556772999979, 0.0 ], [ 114.515182795000101, -8.205477038999959, 0.0 ], [ 114.51412911500006, -8.205870987999958, 0.0 ], [ 114.513091641000074, -8.205979352999975, 0.0 ], [ 114.511425850000023, -8.20684872399994, 0.0 ], [ 114.510018803000094, -8.206999031999942, 0.0 ], [ 114.506686276000096, -8.208441282999956, 0.0 ], [ 114.505307807, -8.209132376999946, 0.0 ], [ 114.504665314000022, -8.209669021999957, 0.0 ], [ 114.504441225000051, -8.209731235999925, 0.0 ], [ 114.503576458000111, -8.204923837999957, 0.0 ], [ 114.503140801000086, -8.203044844999965, 0.0 ], [ 114.502665443000069, -8.202405865999935, 0.0 ], [ 114.502220454000053, -8.202021489999936, 0.0 ], [ 114.501994836000108, -8.201616706999971, 0.0 ], [ 114.50058281400004, -8.200682969999946, 0.0 ], [ 114.500043907000077, -8.200633817999972, 0.0 ], [ 114.499272446000077, -8.199904046999961, 0.0 ], [ 114.498421115000042, -8.199284103999958, 0.0 ], [ 114.497807335000061, -8.198665633999951, 0.0 ], [ 114.497178311000084, -8.197952505999979, 0.0 ], [ 114.496867596000016, -8.196989187999975, 0.0 ], [ 114.496168343000022, -8.195853349999936, 0.0 ], [ 114.495843181000055, -8.195503138999925, 0.0 ], [ 114.495370236000099, -8.195300182999972, 0.0 ], [ 114.494558789000052, -8.194577427999945, 0.0 ], [ 114.494287506000092, -8.194469850999951, 0.0 ], [ 114.493930437000017, -8.194055829999968, 0.0 ], [ 114.492551132000017, -8.19307009399995, 0.0 ], [ 114.491182871000092, -8.191841856999929, 0.0 ], [ 114.490742446000013, -8.191866089999962, 0.0 ], [ 114.490068800000017, -8.192838719999941, 0.0 ], [ 114.48930752900003, -8.194254412999953, 0.0 ], [ 114.488796375000106, -8.194856498999968, 0.0 ], [ 114.486342801000092, -8.196079286999975, 0.0 ], [ 114.486067779000109, -8.196158905999937, 0.0 ], [ 114.485681054000111, -8.19612938299997, 0.0 ], [ 114.484646417000022, -8.195933149999973, 0.0 ], [ 114.483996659000013, -8.19608272499994, 0.0 ], [ 114.483646496, -8.196188983999946, 0.0 ], [ 114.481555741000079, -8.19725133399993, 0.0 ], [ 114.481218646000116, -8.197285375999968, 0.0 ], [ 114.479622746000018, -8.197049474999972, 0.0 ], [ 114.47627133900005, -8.196179026999971, 0.0 ], [ 114.475660165000022, -8.196120978999943, 0.0 ], [ 114.474823340000057, -8.196224180999934, 0.0 ], [ 114.472972753000022, -8.196799987999952, 0.0 ], [ 114.471762048000073, -8.196837580999954, 0.0 ], [ 114.469867173000011, -8.196527471999957, 0.0 ], [ 114.46752717600009, -8.195563898999978, 0.0 ], [ 114.465668471000072, -8.195452812999974, 0.0 ], [ 114.463282663000086, -8.195817357999942, 0.0 ], [ 114.462299113000086, -8.195458728999938, 0.0 ], [ 114.461700305000022, -8.195418810999968, 0.0 ], [ 114.459930743000086, -8.195019079999952, 0.0 ], [ 114.459109465000097, -8.194661466999946, 0.0 ], [ 114.458064886000102, -8.193887242999949, 0.0 ], [ 114.457421367000052, -8.193241072999967, 0.0 ], [ 114.456878188000019, -8.192297813999971, 0.0 ], [ 114.456509717000017, -8.191382766999936, 0.0 ], [ 114.456342158000098, -8.190252102999978, 0.0 ], [ 114.456444699000031, -8.185887944999934, 0.0 ], [ 114.455974072000117, -8.184335800999975, 0.0 ], [ 114.455802808000044, -8.182784255999934, 0.0 ], [ 114.455801775000054, -8.182946991999927, 0.0 ], [ 114.455623530000025, -8.182495309999979, 0.0 ], [ 114.455264776000035, -8.180187286999967, 0.0 ], [ 114.455292834000034, -8.179196480999963, 0.0 ], [ 114.455704415000014, -8.178303909999954, 0.0 ], [ 114.455852987000071, -8.177470590999974, 0.0 ], [ 114.456232402000069, -8.176807401999952, 0.0 ], [ 114.456709659000012, -8.176183642999945, 0.0 ], [ 114.457378810000023, -8.175576456999977, 0.0 ], [ 114.458275990000061, -8.174576272999957, 0.0 ], [ 114.458626516000095, -8.173738046999972, 0.0 ], [ 114.458943217000069, -8.172081667999976, 0.0 ], [ 114.458764159000111, -8.172017471999936, 0.0 ], [ 114.458512888000087, -8.172125975999961, 0.0 ], [ 114.458459588000096, -8.171830922999959, 0.0 ], [ 114.458699438000053, -8.171257948999937, 0.0 ], [ 114.458922155000096, -8.171033326999975, 0.0 ], [ 114.458897409000087, -8.170898173999944, 0.0 ], [ 114.459055405000072, -8.170683070999928, 0.0 ], [ 114.45904017600003, -8.170553627999936, 0.0 ], [ 114.459152487000097, -8.170490809999933, 0.0 ], [ 114.459116319000032, -8.170368981999957, 0.0 ], [ 114.459209594000072, -8.170298549999927, 0.0 ], [ 114.459240051000052, -8.170092963999934, 0.0 ], [ 114.459321905000024, -8.170098674999963, 0.0 ], [ 114.459337133000076, -8.169971135999958, 0.0 ], [ 114.459418987000049, -8.169929256999978, 0.0 ], [ 114.459474190000037, -8.169638010999961, 0.0 ], [ 114.459411372000091, -8.169489532999933, 0.0 ], [ 114.459493226000063, -8.169481918999963, 0.0 ], [ 114.459548429000051, -8.169276332999971, 0.0 ], [ 114.459413276000078, -8.169095493999976, 0.0 ], [ 114.459420890000047, -8.168967954999971, 0.0 ], [ 114.459573176000049, -8.168967954999971, 0.0 ], [ 114.459615054000096, -8.168686226999966, 0.0 ], [ 114.459561754000106, -8.168621505999965, 0.0 ], [ 114.459681679000028, -8.168598662999955, 0.0 ], [ 114.459500840000032, -8.168145613999968, 0.0 ], [ 114.45959601800007, -8.168031398999972, 0.0 ], [ 114.459474190000037, -8.167851987999939, 0.0 ], [ 114.459619813000018, -8.167750622999961, 0.0 ], [ 114.45941993800011, -8.16759786199998, 0.0 ], [ 114.459511548000023, -8.167150760999959, 0.0 ], [ 114.4593545030001, -8.166923521999934, 0.0 ], [ 114.459458010000048, -8.166871173999937, 0.0 ], [ 114.459315242000116, -8.166843809999932, 0.0 ], [ 114.459316432000037, -8.166636796999967, 0.0 ], [ 114.459018999000023, -8.166640365999967, 0.0 ], [ 114.458639475000041, -8.16686165599998, 0.0 ], [ 114.458639475000041, -8.16697230099993, 0.0 ], [ 114.458324197000024, -8.167111499999976, 0.0 ], [ 114.458307540000078, -8.167259025999954, 0.0 ], [ 114.458174489000044, -8.167179363999935, 0.0 ], [ 114.45819709400007, -8.167369720999943, 0.0 ], [ 114.458029342000032, -8.167485124999928, 0.0 ], [ 114.458130469000025, -8.167539851999948, 0.0 ], [ 114.458088828000086, -8.167620753999927, 0.0 ], [ 114.457774739000115, -8.167769469999939, 0.0 ], [ 114.45781875900002, -8.168086969999933, 0.0 ], [ 114.457478021000043, -8.168173581999952, 0.0 ], [ 114.45745708100003, -8.168283036999981, 0.0 ], [ 114.457625547000021, -8.168255435999981, 0.0 ], [ 114.457568440000045, -8.16843722599998, 0.0 ], [ 114.457189606000043, -8.168635934999941, 0.0 ], [ 114.456949281000107, -8.168885778999936, 0.0 ], [ 114.456942737000077, -8.16901228699993, 0.0 ], [ 114.457065279000062, -8.169037270999979, 0.0 ], [ 114.456987947000016, -8.169109843999934, 0.0 ], [ 114.457052192000106, -8.169178848999934, 0.0 ], [ 114.45686540500003, -8.169329944999959, 0.0 ], [ 114.456860646000109, -8.16942869199994, 0.0 ], [ 114.456660771000088, -8.169444158999966, 0.0 ], [ 114.456673858000045, -8.169517921999955, 0.0 ], [ 114.456822574000057, -8.169542905999947, 0.0 ], [ 114.456692894000071, -8.169728503999977, 0.0 ], [ 114.456683376000115, -8.169885548999957, 0.0 ], [ 114.456506106, -8.169943845999967, 0.0 ], [ 114.456497778000085, -8.170100889999958, 0.0 ], [ 114.456356200000073, -8.170124684999962, 0.0 ], [ 114.456533470000068, -8.170301953999967, 0.0 ], [ 114.456239606000054, -8.170682667999927, 0.0 ], [ 114.456237227000088, -8.170802830999946, 0.0 ], [ 114.456144428000016, -8.170834953999929, 0.0 ], [ 114.456246745000044, -8.170927752999944, 0.0 ], [ 114.456181309000044, -8.17118116499995, 0.0 ], [ 114.456045680000102, -8.171164508999937, 0.0 ], [ 114.456102787000077, -8.171272774999977, 0.0 ], [ 114.455924328000037, -8.171438146999947, 0.0 ], [ 114.455993332000048, -8.171618985999942, 0.0 ], [ 114.455875549000098, -8.17180934299995, 0.0 ], [ 114.455957392000073, -8.171889599999929, 0.0 ], [ 114.455762276000087, -8.171936, 0.0 ], [ 114.455544556000063, -8.172479706999979, 0.0 ], [ 114.45556716100009, -8.172624853999935, 0.0 ], [ 114.455475551000063, -8.172529674999964, 0.0 ], [ 114.455399409000051, -8.172577263999926, 0.0 ], [ 114.455486259000054, -8.172706944999959, 0.0 ], [ 114.455406547000052, -8.172930613999938, 0.0 ], [ 114.455450567000071, -8.173120970999946, 0.0 ], [ 114.455074612000089, -8.17304958699998, 0.0 ], [ 114.455061525000019, -8.173200682999948, 0.0 ], [ 114.454874738000058, -8.173273256999948, 0.0 ], [ 114.454944932000103, -8.173471941999935, 0.0 ], [ 114.454825959000118, -8.173401747999947, 0.0 ], [ 114.454821200000083, -8.173527858999933, 0.0 ], [ 114.454564218000087, -8.173515961999954, 0.0 ], [ 114.454583254000113, -8.17365278099993, 0.0 ], [ 114.454491644000086, -8.17377294399995, 0.0 ], [ 114.454560649000086, -8.174018027999978, 0.0 ], [ 114.454209678000097, -8.174164364999967, 0.0 ], [ 114.454181125000105, -8.174326167999936, 0.0 ], [ 114.454085946000077, -8.174133431999962, 0.0 ], [ 114.453897969000082, -8.17421552299993, 0.0 ], [ 114.453957455000022, -8.174305942999979, 0.0 ], [ 114.453730217000043, -8.17467832899996, 0.0 ], [ 114.453785420000031, -8.175160644999949, 0.0 ], [ 114.453622665000012, -8.175192053999979, 0.0 ], [ 114.453529866000054, -8.175538979999942, 0.0 ], [ 114.453305721000106, -8.17569174099998, 0.0 ], [ 114.453362828000081, -8.175777401999937, 0.0 ], [ 114.45350987900008, -8.175677463999932, 0.0 ], [ 114.453519872000015, -8.175898753999945, 0.0 ], [ 114.453337130000023, -8.175908747999927, 0.0 ], [ 114.453342841000108, -8.175992980999979, 0.0 ], [ 114.453264318000038, -8.175898753999945, 0.0 ], [ 114.453043028000025, -8.175861634999933, 0.0 ], [ 114.45282316600003, -8.176187144999972, 0.0 ], [ 114.452673260000097, -8.176219980999974, 0.0 ], [ 114.452753210000083, -8.176459830999931, 0.0 ], [ 114.452721801000052, -8.176634007999951, 0.0 ], [ 114.452591883000082, -8.176408434999928, 0.0 ], [ 114.452286360000016, -8.176479817999962, 0.0 ], [ 114.452027950000115, -8.177028045999975, 0.0 ], [ 114.451711006000096, -8.177177951999965, 0.0 ], [ 114.45160678600007, -8.177460631999963, 0.0 ], [ 114.451643905000083, -8.177561996999941, 0.0 ], [ 114.451516842000046, -8.177607682999962, 0.0 ], [ 114.451505421000093, -8.177784714999973, 0.0 ], [ 114.451409766000097, -8.177853242999959, 0.0 ], [ 114.451501138000026, -8.177868947999968, 0.0 ], [ 114.451495427000054, -8.178075960999934, 0.0 ], [ 114.451209892000065, -8.17818303699994, 0.0 ], [ 114.45111423700007, -8.178087381999944, 0.0 ], [ 114.451185621000036, -8.178001721999976, 0.0 ], [ 114.451049992000094, -8.17789892899998, 0.0 ], [ 114.450715916000036, -8.177941758999964, 0.0 ], [ 114.450578859000075, -8.178281545999937, 0.0 ], [ 114.450433236000094, -8.178237287999934, 0.0 ], [ 114.450303317000021, -8.178728408999973, 0.0 ], [ 114.450127713000029, -8.178427168999974, 0.0 ], [ 114.450009216000012, -8.178371489999961, 0.0 ], [ 114.449655152000105, -8.178458577999947, 0.0 ], [ 114.449695127000041, -8.178645603999939, 0.0 ], [ 114.449570919000053, -8.178789798999958, 0.0 ], [ 114.449552359000108, -8.17850283599995, 0.0 ], [ 114.44919544000004, -8.17850997499994, 0.0 ], [ 114.449265396000101, -8.178338652999969, 0.0 ], [ 114.449138333000064, -8.178261558999964, 0.0 ], [ 114.449055528000031, -8.178424313999926, 0.0 ], [ 114.449152610000056, -8.178557087999934, 0.0 ], [ 114.448872785000049, -8.178554232999943, 0.0 ], [ 114.448779986000091, -8.178437162999955, 0.0 ], [ 114.448727162000068, -8.178497125999968, 0.0 ], [ 114.448828527000046, -8.17869557299997, 0.0 ], [ 114.448460187000023, -8.178701282999953, 0.0 ], [ 114.447899110000094, -8.179025365999962, 0.0 ], [ 114.44763213400006, -8.178962547999959, 0.0 ], [ 114.447563606000017, -8.179088183999966, 0.0 ], [ 114.447125309000057, -8.179091038999957, 0.0 ], [ 114.446958271000085, -8.179218101999936, 0.0 ], [ 114.446979686000077, -8.179026793999981, 0.0 ], [ 114.446688622000011, -8.178947186999949, 0.0 ], [ 114.446644571000093, -8.179098866999936, 0.0 ], [ 114.446273375000033, -8.179241634999926, 0.0 ], [ 114.445795579000105, -8.179643287999966, 0.0 ], [ 114.445584283000017, -8.179633769999953, 0.0 ], [ 114.445550018000063, -8.179799380999953, 0.0 ], [ 114.445426287000032, -8.17978224899997, 0.0 ], [ 114.445395829000063, -8.179972604999932, 0.0 ], [ 114.445234026000094, -8.180083011999955, 0.0 ], [ 114.444918034000011, -8.180071590999944, 0.0 ], [ 114.444790495, -8.180147733999945, 0.0 ], [ 114.444434527000112, -8.18007920499997, 0.0 ], [ 114.444421202000058, -8.180153444999974, 0.0 ], [ 114.444168028000036, -8.180147733999945, 0.0 ], [ 114.444000513000105, -8.180263851999939, 0.0 ], [ 114.443954828000074, -8.180503700999964, 0.0 ], [ 114.443800639000074, -8.180541772999959, 0.0 ], [ 114.44366548500011, -8.180513218999977, 0.0 ], [ 114.443671196000082, -8.180393293999941, 0.0 ], [ 114.443777796000063, -8.180374258999962, 0.0 ], [ 114.443794928000102, -8.180290500999945, 0.0 ], [ 114.443619800000079, -8.180140119999976, 0.0 ], [ 114.443296193000037, -8.180170576999956, 0.0 ], [ 114.44304682500001, -8.180461822999973, 0.0 ], [ 114.443128679000097, -8.180560807999939, 0.0 ], [ 114.442860276000033, -8.180598879999934, 0.0 ], [ 114.442603294000037, -8.180787332999955, 0.0 ], [ 114.442441491000068, -8.18076068299996, 0.0 ], [ 114.442336794000084, -8.180865378999954, 0.0 ], [ 114.442171184000017, -8.180536061999931, 0.0 ], [ 114.441938948000029, -8.180587457999934, 0.0 ], [ 114.441929431000062, -8.180235297999957, 0.0 ], [ 114.442011284000046, -8.180168672999969, 0.0 ], [ 114.441910395000036, -8.179905980999933, 0.0 ], [ 114.441790470000115, -8.179810801999963, 0.0 ], [ 114.44183805900002, -8.179683262999959, 0.0 ], [ 114.441666738000094, -8.179696587999956, 0.0 ], [ 114.441640088000099, -8.179951665999965, 0.0 ], [ 114.441518260000066, -8.17980128399995, 0.0 ], [ 114.441665786000044, -8.179494809999937, 0.0 ], [ 114.441584885000111, -8.179280657999925, 0.0 ], [ 114.441370919000065, -8.179270513999938, 0.0 ], [ 114.441351884000028, -8.179127745999949, 0.0 ], [ 114.441437544000109, -8.178996875999928, 0.0 ], [ 114.441309053000055, -8.178766067999959, 0.0 ], [ 114.441506362000041, -8.178095686999939, 0.0 ], [ 114.44138501000009, -8.177938641999958, 0.0 ], [ 114.441434979000064, -8.177745905999927, 0.0 ], [ 114.441337421000071, -8.177657865999947, 0.0 ], [ 114.441413563000083, -8.177472267999974, 0.0 ], [ 114.441242242000044, -8.177384227999937, 0.0 ], [ 114.441494465, -8.177170075999982, 0.0 ], [ 114.441661027, -8.17715579999998, 0.0 ], [ 114.441687201000036, -8.176982098999929, 0.0 ], [ 114.441801416000089, -8.176955924999959, 0.0 ], [ 114.441889456000013, -8.176784603999977, 0.0 ], [ 114.442098848000114, -8.176832192999939, 0.0 ], [ 114.442148817000088, -8.176703701999941, 0.0 ], [ 114.442272549000108, -8.176722737999967, 0.0 ], [ 114.442446250000103, -8.176532380999959, 0.0 ], [ 114.442596156000036, -8.176687045999927, 0.0 ], [ 114.44294831600007, -8.176675147999958, 0.0 ], [ 114.443276681000043, -8.176834571999962, 0.0 ], [ 114.443388516000027, -8.176656112999979, 0.0 ], [ 114.443621703000076, -8.176622799999961, 0.0 ], [ 114.443676431000085, -8.176387233999947, 0.0 ], [ 114.443876306000107, -8.176468134999936, 0.0 ], [ 114.443966725000109, -8.176294434999932, 0.0 ], [ 114.444592888000102, -8.176100357999928, 0.0 ], [ 114.444939575000035, -8.175856462999946, 0.0 ], [ 114.444917565000083, -8.175772586999926, 0.0 ], [ 114.445033564000028, -8.175613163999969, 0.0 ], [ 114.444984329000022, -8.175470514999972, 0.0 ], [ 114.44510948900006, -8.175422925999953, 0.0 ], [ 114.445126621000099, -8.175338216999933, 0.0 ], [ 114.445083315000034, -8.175240182999971, 0.0 ], [ 114.444984329000022, -8.175287771999933, 0.0 ], [ 114.444957203000058, -8.175116926999976, 0.0 ], [ 114.444767322000075, -8.175095035999959, 0.0 ], [ 114.444749714000068, -8.174903250999932, 0.0 ], [ 114.444556978000037, -8.174753344999942, 0.0 ], [ 114.444661198000063, -8.174686719999954, 0.0 ], [ 114.444658819000097, -8.174496363999936, 0.0 ], [ 114.444874874000107, -8.174210351999932, 0.0 ], [ 114.444859645000065, -8.173947659999953, 0.0 ], [ 114.44498718400007, -8.173899118999941, 0.0 ], [ 114.444888199000047, -8.173852480999926, 0.0 ], [ 114.44500050900001, -8.173784904999934, 0.0 ], [ 114.444899144000033, -8.173605492999968, 0.0 ], [ 114.444971004000081, -8.173451303999968, 0.0 ], [ 114.444783800000096, -8.173264397999958, 0.0 ], [ 114.444839372000047, -8.173093756999947, 0.0 ], [ 114.44495263500005, -8.173066630999926, 0.0 ], [ 114.444939786000077, -8.172983349999981, 0.0 ], [ 114.444793588000039, -8.172998880999955, 0.0 ], [ 114.444797157000039, -8.172595562999959, 0.0 ], [ 114.445186199000091, -8.171132193999938, 0.0 ], [ 114.445082692000028, -8.170760997999935, 0.0 ], [ 114.445125523000115, -8.170586107999952, 0.0 ], [ 114.445022016000053, -8.170496877999938, 0.0 ], [ 114.445029154000053, -8.170393370999932, 0.0 ], [ 114.444806814000117, -8.170427884999981, 0.0 ], [ 114.444560309000053, -8.170042500999955, 0.0 ], [ 114.444516068000098, -8.16977243599996, 0.0 ], [ 114.444384603000117, -8.169566612999972, 0.0 ], [ 114.444628498000043, -8.169682610999928, 0.0 ], [ 114.444618980000087, -8.169878321999931, 0.0 ], [ 114.44473503800009, -8.16990291999997, 0.0 ], [ 114.444797142000084, -8.169782280999925, 0.0 ], [ 114.444918495000024, -8.169865799999968, 0.0 ], [ 114.444992020000086, -8.169740164999951, 0.0 ], [ 114.444921350000072, -8.169529581999939, 0.0 ], [ 114.445006297000077, -8.169503883999937, 0.0 ], [ 114.44503128100007, -8.169344697999975, 0.0 ], [ 114.444876378000117, -8.169350408999946, 0.0 ], [ 114.444800711000084, -8.169024898999965, 0.0 ], [ 114.444551582000031, -8.168850721999945, 0.0 ], [ 114.444520887000067, -8.168991347999963, 0.0 ], [ 114.444229569000072, -8.169146615999978, 0.0 ], [ 114.444268830000055, -8.169316509999931, 0.0 ], [ 114.444107979000023, -8.169424536999941, 0.0 ], [ 114.444006614000045, -8.169435244999931, 0.0 ], [ 114.443905249000068, -8.169308180999963, 0.0 ], [ 114.443720365000104, -8.169344586999955, 0.0 ], [ 114.443885563000094, -8.169093593999946, 0.0 ], [ 114.443895081000051, -8.168954632999942, 0.0 ], [ 114.443797999000026, -8.168911802999958, 0.0 ], [ 114.443879852, -8.168876586999943, 0.0 ], [ 114.443686176000028, -8.168785084999968, 0.0 ], [ 114.443583383000032, -8.168858609999972, 0.0 ], [ 114.443489156000055, -8.168796505999978, 0.0 ], [ 114.443568392000088, -8.168630895999968, 0.0 ], [ 114.443477021000035, -8.168662304999941, 0.0 ], [ 114.443384222000077, -8.16849098299997, 0.0 ], [ 114.443576245000031, -8.16848955599994, 0.0 ], [ 114.443528417000039, -8.168276831999947, 0.0 ], [ 114.443671899000037, -8.168169755999941, 0.0 ], [ 114.443529131000105, -8.168040550999933, 0.0 ], [ 114.443365662000019, -8.168141202999948, 0.0 ], [ 114.443427290000045, -8.16797868499998, 0.0 ], [ 114.443296896000106, -8.167843531999949, 0.0 ], [ 114.442991373000041, -8.167755967999938, 0.0 ], [ 114.442933314000015, -8.167790231999959, 0.0 ], [ 114.442971386000067, -8.167915867999966, 0.0 ], [ 114.442811486000096, -8.167942517999961, 0.0 ], [ 114.442735343000095, -8.167797845999928, 0.0 ], [ 114.44257544300001, -8.167768340999942, 0.0 ], [ 114.442578299000047, -8.167839724999965, 0.0 ], [ 114.442447904, -8.167899686999931, 0.0 ], [ 114.442383183000061, -8.168207113999927, 0.0 ], [ 114.4422937060001, -8.168086894999931, 0.0 ], [ 114.442293194000058, -8.167900257999975, 0.0 ], [ 114.442148618000033, -8.168162283999948, 0.0 ], [ 114.442057961000046, -8.168128875999969, 0.0 ], [ 114.442158612000071, -8.167822353999952, 0.0 ], [ 114.442223, -8.167843911999967, 0.0 ], [ 114.442367624000099, -8.16768486899997, 0.0 ], [ 114.442380039000113, -8.167413758999942, 0.0 ], [ 114.442308357000115, -8.167365871999948, 0.0 ], [ 114.442306870000039, -8.167183248999947, 0.0 ], [ 114.442204851000042, -8.167224293999936, 0.0 ], [ 114.442087960000094, -8.166847149999967, 0.0 ], [ 114.441958577000037, -8.166915261999975, 0.0 ], [ 114.441857182000035, -8.166803724999966, 0.0 ], [ 114.441698353000106, -8.166839654999933, 0.0 ], [ 114.44144682000001, -8.166572222999946, 0.0 ], [ 114.441482750000091, -8.16645467799998, 0.0 ], [ 114.44139988500001, -8.166301790999967, 0.0 ], [ 114.44154495600003, -8.165928577999978, 0.0 ], [ 114.441456916000107, -8.165667431999964, 0.0 ], [ 114.441210632000093, -8.165547713999956, 0.0 ], [ 114.441174099000023, -8.16543386799998, 0.0 ], [ 114.441027542000029, -8.165507071999969, 0.0 ], [ 114.440837423000062, -8.165334322999968, 0.0 ], [ 114.440570329000025, -8.165281974999971, 0.0 ], [ 114.440559621000034, -8.165177278999977, 0.0 ], [ 114.440297241000053, -8.165198990999954, 0.0 ], [ 114.440184244000079, -8.165117874999964, 0.0 ], [ 114.439867691000018, -8.165179780999949, 0.0 ], [ 114.43910250700003, -8.164948291999963, 0.0 ], [ 114.438693240000021, -8.164669894999975, 0.0 ], [ 114.438347028000067, -8.164293939999936, 0.0 ], [ 114.43835857800002, -8.164128418999951, 0.0 ], [ 114.438215954000043, -8.163992865999944, 0.0 ], [ 114.438429153000016, -8.16391862699993, 0.0 ], [ 114.438196283000025, -8.163963360999958, 0.0 ], [ 114.438143935000085, -8.163853905999929, 0.0 ], [ 114.438126121000096, -8.163172774999964, 0.0 ], [ 114.43875188700008, -8.161782187999961, 0.0 ], [ 114.43887918900009, -8.161717942999928, 0.0 ], [ 114.438832789000116, -8.16164774899994, 0.0 ], [ 114.43893034700011, -8.161383628999943, 0.0 ], [ 114.439027905000103, -8.161333659999968, 0.0 ], [ 114.439013628000112, -8.161189701999945, 0.0 ], [ 114.439184949000037, -8.160770916999979, 0.0 ] ] ] ] } },
{ "type": "Feature", "properties": { "OBJECTID": 901, "NAMOBJ": "Karangasem", "FCODE": "BA03050040", "REMARK": " ", "METADATA": "TASWIL5000020230907KABKOTA", "SRS_ID": "4326", "KDBBPS": " ", "KDCBPS": " ", "KDCPUM": " ", "KDEBPS": " ", "KDEPUM": null, "KDPBPS": " ", "KDPKAB": "51.07", "KDPPUM": "51", "LUASWH": 839.31744743000002, "TIPADM": 4, "WADMKC": " ", "WADMKD": " ", "WADMKK": "Karangasem", "WADMPR": "Bali", "WIADKC": " ", "WIADKK": " ", "WIADPR": " ", "WIADKD": 0, "SHAPE_Length": 1.4757493126909405, "SHAPE_Area": 0.068902251676856457 }, "geometry": { "type": "MultiPolygon", "coordinates": [ [ [ [ 115.458368281000048, -8.169315862999952, 0.0 ], [ 115.457368907000046, -8.167238593999969, 0.0 ], [ 115.4571863970001, -8.166599266999981, 0.0 ], [ 115.455171302000053, -8.166985175999969, 0.0 ], [ 115.454015781000066, -8.167707682999946, 0.0 ], [ 115.452862665000112, -8.167443060999972, 0.0 ], [ 115.451506360000053, -8.16851390599993, 0.0 ], [ 115.45120506, -8.169189028999938, 0.0 ], [ 115.450010213000041, -8.170140924999941, 0.0 ], [ 115.448970539000015, -8.170710822999979, 0.0 ], [ 115.445855643000073, -8.171349266999925, 0.0 ], [ 115.444507824000084, -8.172109260999946, 0.0 ], [ 115.442930194000041, -8.172677071999942, 0.0 ], [ 115.441810835000069, -8.173973556999954, 0.0 ], [ 115.441306410000038, -8.175234149999937, 0.0 ], [ 115.442032620000077, -8.176231675999929, 0.0 ], [ 115.44175934000009, -8.177340125999933, 0.0 ], [ 115.439218680000067, -8.178516340999977, 0.0 ], [ 115.438139203000105, -8.179430375999971, 0.0 ], [ 115.437242661000028, -8.179599088999964, 0.0 ], [ 115.437798472000054, -8.180201693999948, 0.0 ], [ 115.437589930000058, -8.180552526999975, 0.0 ], [ 115.43706975300006, -8.180916412999977, 0.0 ], [ 115.436442478000117, -8.181021407999935, 0.0 ], [ 115.435061489000077, -8.180349031999981, 0.0 ], [ 115.434694093000076, -8.180326084999933, 0.0 ], [ 115.43428214100004, -8.180561245999968, 0.0 ], [ 115.437781079000047, -8.183750552999982, 0.0 ], [ 115.438985535000029, -8.184635535999973, 0.0 ], [ 115.441810783000051, -8.187307591999968, 0.0 ], [ 115.443304910000052, -8.188563459999955, 0.0 ], [ 115.444529006000039, -8.189217952999968, 0.0 ], [ 115.445093765000024, -8.189278882999929, 0.0 ], [ 115.446605008, -8.188982403999944, 0.0 ], [ 115.447245852000037, -8.189026946999945, 0.0 ], [ 115.448452555000017, -8.189637734999963, 0.0 ], [ 115.448882130000015, -8.189982597999972, 0.0 ], [ 115.451626027000088, -8.193962764999981, 0.0 ], [ 115.452140123000049, -8.195174513999973, 0.0 ], [ 115.452330701000051, -8.196076516999938, 0.0 ], [ 115.452264067000101, -8.196612603999938, 0.0 ], [ 115.452369887000032, -8.197106498999972, 0.0 ], [ 115.452905510000051, -8.197988302999931, 0.0 ], [ 115.453744039000071, -8.198485008999967, 0.0 ], [ 115.45326556100008, -8.199620428999935, 0.0 ], [ 115.452918359000023, -8.200198485999977, 0.0 ], [ 115.452507674000117, -8.200497268999925, 0.0 ], [ 115.451839275000111, -8.200559078999959, 0.0 ], [ 115.451234616000079, -8.200438473999952, 0.0 ], [ 115.450889405000112, -8.200501523999947, 0.0 ], [ 115.450692847000028, -8.20114453399998, 0.0 ], [ 115.449549398000045, -8.201354595999931, 0.0 ], [ 115.449225213000091, -8.201610853999966, 0.0 ], [ 115.448857359000044, -8.201995696999973, 0.0 ], [ 115.448697797000023, -8.202357684999981, 0.0 ], [ 115.447921690000044, -8.203495827999973, 0.0 ], [ 115.447801417000051, -8.203577385999949, 0.0 ], [ 115.447120999000049, -8.203585234999935, 0.0 ], [ 115.446411807000118, -8.204214436999962, 0.0 ], [ 115.44606422600009, -8.204296475999968, 0.0 ], [ 115.445605754000098, -8.20528963199996, 0.0 ], [ 115.445431239000072, -8.205860782999935, 0.0 ], [ 115.445219622000081, -8.206050574999949, 0.0 ], [ 115.445237241000086, -8.206431859999952, 0.0 ], [ 115.445006533000083, -8.206716977999974, 0.0 ], [ 115.444718659000046, -8.206868275999966, 0.0 ], [ 115.444676811000022, -8.207706944999927, 0.0 ], [ 115.444541249000054, -8.208182844999953, 0.0 ], [ 115.443867902000079, -8.208923673999948, 0.0 ], [ 115.443674504000114, -8.209437548999972, 0.0 ], [ 115.443708994000076, -8.210390916999927, 0.0 ], [ 115.443229053000096, -8.210713075999934, 0.0 ], [ 115.443079553000075, -8.211039613999958, 0.0 ], [ 115.44307802700007, -8.211431294999954, 0.0 ], [ 115.442955574000052, -8.211777134999977, 0.0 ], [ 115.442590798000083, -8.212152479999929, 0.0 ], [ 115.44187781800008, -8.212571461999971, 0.0 ], [ 115.441241242000046, -8.212794895999934, 0.0 ], [ 115.440967974000046, -8.213019929999973, 0.0 ], [ 115.440155634, -8.215011473999937, 0.0 ], [ 115.43978955700004, -8.21571819299993, 0.0 ], [ 115.439393711000093, -8.216319116999955, 0.0 ], [ 115.439044503000105, -8.216619088999948, 0.0 ], [ 115.438254374000053, -8.217029425999954, 0.0 ], [ 115.438103750000096, -8.21744592899995, 0.0 ], [ 115.439263397000104, -8.219163377999962, 0.0 ], [ 115.440330157000062, -8.220309610999948, 0.0 ], [ 115.441222236000044, -8.221969011999931, 0.0 ], [ 115.442251084000077, -8.223239387999968, 0.0 ], [ 115.442650154000034, -8.223869183999966, 0.0 ], [ 115.444845323000095, -8.224962577999975, 0.0 ], [ 115.444938310000111, -8.225609996999935, 0.0 ], [ 115.444918568000048, -8.22636207599993, 0.0 ], [ 115.444558756000106, -8.230357828999956, 0.0 ], [ 115.444305885000063, -8.23142274199995, 0.0 ], [ 115.443568814000059, -8.233598593999943, 0.0 ], [ 115.444482566000033, -8.234706032999952, 0.0 ], [ 115.446695027000032, -8.237063364999926, 0.0 ], [ 115.447379182000077, -8.238170104999938, 0.0 ], [ 115.448593245000097, -8.239475899999945, 0.0 ], [ 115.448619103000055, -8.239703449999979, 0.0 ], [ 115.448495540000067, -8.240331998999977, 0.0 ], [ 115.447846753000022, -8.241226103999963, 0.0 ], [ 115.447372152000071, -8.242422015999978, 0.0 ], [ 115.447844172000032, -8.243945605999954, 0.0 ], [ 115.447922927000036, -8.245206095999947, 0.0 ], [ 115.448005532000025, -8.245479820999947, 0.0 ], [ 115.448207942000067, -8.245599661999961, 0.0 ], [ 115.44841129100007, -8.245576598999946, 0.0 ], [ 115.451893816000052, -8.244008766999968, 0.0 ], [ 115.454896269000074, -8.242190850999975, 0.0 ], [ 115.45568580600002, -8.24194433599996, 0.0 ], [ 115.458219625000083, -8.241656825999939, 0.0 ], [ 115.458970049000072, -8.243222976999959, 0.0 ], [ 115.458982772000013, -8.243884048999973, 0.0 ], [ 115.458275166000021, -8.247734424999976, 0.0 ], [ 115.45812262000004, -8.248154418999945, 0.0 ], [ 115.455183619000081, -8.249758137999947, 0.0 ], [ 115.453515099000015, -8.25182474099995, 0.0 ], [ 115.45285501, -8.251397539999971, 0.0 ], [ 115.452198479000117, -8.251234838999949, 0.0 ], [ 115.451527918000011, -8.251338895999936, 0.0 ], [ 115.450125983000021, -8.252151752999964, 0.0 ], [ 115.449280191000071, -8.252415292999956, 0.0 ], [ 115.448997618000021, -8.252667825999936, 0.0 ], [ 115.44876754500001, -8.25317399599993, 0.0 ], [ 115.448550346000047, -8.253416116999972, 0.0 ], [ 115.447770215000105, -8.253986857999962, 0.0 ], [ 115.447001698, -8.255104839999944, 0.0 ], [ 115.446287918000053, -8.255902895999952, 0.0 ], [ 115.445315019000077, -8.256718170999932, 0.0 ], [ 115.444078439, -8.257447294999963, 0.0 ], [ 115.442716119000011, -8.258769464999943, 0.0 ], [ 115.441475915000069, -8.260419413999955, 0.0 ], [ 115.441232559000014, -8.260898959999963, 0.0 ], [ 115.44008863900001, -8.26196194299996, 0.0 ], [ 115.439579562000063, -8.262290757999949, 0.0 ], [ 115.439149988000054, -8.262417057999926, 0.0 ], [ 115.43820736300006, -8.262328062999927, 0.0 ], [ 115.436360781000076, -8.263003584999979, 0.0 ], [ 115.434985134000044, -8.263915562999955, 0.0 ], [ 115.434016016000101, -8.265021089999948, 0.0 ], [ 115.433285414000011, -8.265423680999959, 0.0 ], [ 115.431776403000072, -8.266045818999942, 0.0 ], [ 115.430465431000016, -8.266830054999957, 0.0 ], [ 115.429905914000074, -8.26744660199995, 0.0 ], [ 115.429472787, -8.268468901999938, 0.0 ], [ 115.429233412000031, -8.269385314999965, 0.0 ], [ 115.428821974000016, -8.270429220999972, 0.0 ], [ 115.428753172000029, -8.271207469999979, 0.0 ], [ 115.428447151000114, -8.272742362999963, 0.0 ], [ 115.428531977000034, -8.272934659999976, 0.0 ], [ 115.429773209000018, -8.273558281999954, 0.0 ], [ 115.431524680000052, -8.275207904999945, 0.0 ], [ 115.431609086000094, -8.275506846999974, 0.0 ], [ 115.431543028000078, -8.275882176999971, 0.0 ], [ 115.43106819500008, -8.276627031999965, 0.0 ], [ 115.429452171000094, -8.278690203999929, 0.0 ], [ 115.429489722000085, -8.280013155999939, 0.0 ], [ 115.428335835000098, -8.28163952899996, 0.0 ], [ 115.42757674500001, -8.282374920999928, 0.0 ], [ 115.426548468000078, -8.283926546999965, 0.0 ], [ 115.426048766, -8.284866747999956, 0.0 ], [ 115.425819227000034, -8.285897983999973, 0.0 ], [ 115.425784580000027, -8.286923783999953, 0.0 ], [ 115.425883614000099, -8.288347610999949, 0.0 ], [ 115.425336468000069, -8.289781296999934, 0.0 ], [ 115.424852751000117, -8.290542390999974, 0.0 ], [ 115.424352354, -8.291557430999944, 0.0 ], [ 115.423818496000081, -8.293105566999941, 0.0 ], [ 115.423604739000098, -8.293912517999956, 0.0 ], [ 115.42363027500005, -8.29507932599995, 0.0 ], [ 115.423223288000031, -8.295376906999934, 0.0 ], [ 115.422663962000115, -8.296122379999929, 0.0 ], [ 115.422721277000051, -8.297176462999971, 0.0 ], [ 115.422394849000057, -8.299596422999969, 0.0 ], [ 115.422412207000093, -8.30252305099998, 0.0 ], [ 115.421307369000033, -8.304183317999957, 0.0 ], [ 115.420421995000083, -8.304758214999936, 0.0 ], [ 115.419271435000041, -8.305140481999956, 0.0 ], [ 115.419001349000041, -8.305122539999957, 0.0 ], [ 115.418763812000066, -8.305373668999948, 0.0 ], [ 115.418694899000116, -8.305692944999976, 0.0 ], [ 115.418792591000056, -8.306584503999943, 0.0 ], [ 115.418673307000063, -8.306886515999963, 0.0 ], [ 115.41830002800009, -8.307254996999973, 0.0 ], [ 115.418433815000071, -8.307625491999943, 0.0 ], [ 115.418686080000043, -8.307895434999978, 0.0 ], [ 115.419462360000011, -8.308133914999928, 0.0 ], [ 115.419848964000039, -8.308446273999948, 0.0 ], [ 115.419898776000082, -8.308698737999975, 0.0 ], [ 115.419708917000094, -8.30963937599995, 0.0 ], [ 115.419792871000027, -8.309858429999963, 0.0 ], [ 115.420769459000098, -8.310652455999957, 0.0 ], [ 115.421172597, -8.31113105299994, 0.0 ], [ 115.421373955000035, -8.311518685999943, 0.0 ], [ 115.421473939000066, -8.311838438999928, 0.0 ], [ 115.42147185500005, -8.312359637999975, 0.0 ], [ 115.421351896000033, -8.312829954999927, 0.0 ], [ 115.420808976000103, -8.31338255199995, 0.0 ], [ 115.419963702000018, -8.313480217999938, 0.0 ], [ 115.418442996000067, -8.313440434999961, 0.0 ], [ 115.417732455000078, -8.313673004999941, 0.0 ], [ 115.416392804000111, -8.31479423899998, 0.0 ], [ 115.415726409000058, -8.315927262999935, 0.0 ], [ 115.415742007000063, -8.316230004999966, 0.0 ], [ 115.415876468000079, -8.316432197999973, 0.0 ], [ 115.416686793000054, -8.316569992999973, 0.0 ], [ 115.416888891000099, -8.316772648999972, 0.0 ], [ 115.41755812100007, -8.318456629999957, 0.0 ], [ 115.418129488000091, -8.319198636999943, 0.0 ], [ 115.418769954000027, -8.319671977999974, 0.0 ], [ 115.419055189, -8.320202850999976, 0.0 ], [ 115.41896750300009, -8.321009518999972, 0.0 ], [ 115.41931876600006, -8.32194222399994, 0.0 ], [ 115.417374257, -8.32256466299998, 0.0 ], [ 115.416212038000026, -8.32279116199993, 0.0 ], [ 115.413673863000099, -8.322894467999959, 0.0 ], [ 115.409002153000074, -8.322544023999967, 0.0 ], [ 115.40887916600002, -8.32328655799995, 0.0 ], [ 115.408943352000051, -8.323857463999957, 0.0 ], [ 115.40910116200007, -8.324428550999926, 0.0 ], [ 115.409405601000117, -8.32502698299993, 0.0 ], [ 115.409599168000113, -8.32601723199997, 0.0 ], [ 115.409381742000051, -8.327055860999963, 0.0 ], [ 115.408625193000034, -8.329683280999973, 0.0 ], [ 115.408706895000023, -8.330553250999969, 0.0 ], [ 115.408831356000064, -8.331338657999936, 0.0 ], [ 115.409128145000068, -8.332223450999948, 0.0 ], [ 115.409211389, -8.332711831999973, 0.0 ], [ 115.40903697300007, -8.33360191099996, 0.0 ], [ 115.409097657000075, -8.33447199099993, 0.0 ], [ 115.409286147000103, -8.335300118999953, 0.0 ], [ 115.410522525000033, -8.338199424999971, 0.0 ], [ 115.409593659000052, -8.338732222999965, 0.0 ], [ 115.408581465000111, -8.339080285999955, 0.0 ], [ 115.406785631000048, -8.339485499999967, 0.0 ], [ 115.402795139000091, -8.339412827999979, 0.0 ], [ 115.402453808000018, -8.339618537999968, 0.0 ], [ 115.402130668000041, -8.340050019999978, 0.0 ], [ 115.401976128000115, -8.340839731999949, 0.0 ], [ 115.402181797000026, -8.341386193999938, 0.0 ], [ 115.402841914000078, -8.341915872999948, 0.0 ], [ 115.403312259000018, -8.34250101799995, 0.0 ], [ 115.403402791000076, -8.342981090999956, 0.0 ], [ 115.403379938000057, -8.343997226999932, 0.0 ], [ 115.403244200000017, -8.34486224799997, 0.0 ], [ 115.402505152000117, -8.34494671799996, 0.0 ], [ 115.401362733000042, -8.344891890999975, 0.0 ], [ 115.400338697000052, -8.344670591999943, 0.0 ], [ 115.399684649000051, -8.344433913999978, 0.0 ], [ 115.398610104000113, -8.344228887999975, 0.0 ], [ 115.39861888300004, -8.346201459999975, 0.0 ], [ 115.398464827000112, -8.346869595999976, 0.0 ], [ 115.398711601000059, -8.348675406999973, 0.0 ], [ 115.398651074000099, -8.34908642299996, 0.0 ], [ 115.398508145000051, -8.349367967999967, 0.0 ], [ 115.397963048000065, -8.349777217999929, 0.0 ], [ 115.397796378000066, -8.35007030099996, 0.0 ], [ 115.397794892000093, -8.350434630999928, 0.0 ], [ 115.397840696000117, -8.350822807999975, 0.0 ], [ 115.398663665000072, -8.351903634999928, 0.0 ], [ 115.398803767000118, -8.352315654999927, 0.0 ], [ 115.398801993, -8.352750563999962, 0.0 ], [ 115.398300731000063, -8.354029627999978, 0.0 ], [ 115.398346104000098, -8.354523478999965, 0.0 ], [ 115.398738995000031, -8.355641150999929, 0.0 ], [ 115.398747526000079, -8.35589209099993, 0.0 ], [ 115.398653294000042, -8.356133114999977, 0.0 ], [ 115.398381813000015, -8.356262121999976, 0.0 ], [ 115.396893462000094, -8.356685969999944, 0.0 ], [ 115.395761599000025, -8.35722022899995, 0.0 ], [ 115.396308571000077, -8.358132800999954, 0.0 ], [ 115.396518010000023, -8.358971486999963, 0.0 ], [ 115.39649592, -8.35979469199998, 0.0 ], [ 115.395982826000022, -8.361064975999966, 0.0 ], [ 115.395943920000036, -8.361420234999969, 0.0 ], [ 115.396463161000042, -8.363040619999936, 0.0 ], [ 115.396572381000055, -8.363901779999935, 0.0 ], [ 115.397185753000031, -8.365681737999978, 0.0 ], [ 115.397692353000025, -8.366001979999965, 0.0 ], [ 115.398292051000112, -8.366546939999978, 0.0 ], [ 115.399058705000016, -8.368322088999946, 0.0 ], [ 115.399406864000071, -8.370568849999927, 0.0 ], [ 115.399930900000072, -8.371207155999969, 0.0 ], [ 115.400943968000092, -8.371884862999934, 0.0 ], [ 115.401411599000085, -8.372485515999927, 0.0 ], [ 115.40249153700006, -8.375416406999932, 0.0 ], [ 115.402716335000036, -8.375585814999965, 0.0 ], [ 115.403656189000117, -8.375757920999945, 0.0 ], [ 115.403899639000088, -8.376039670999944, 0.0 ], [ 115.404046785000105, -8.376788717999943, 0.0 ], [ 115.403927407000083, -8.378416019999975, 0.0 ], [ 115.403435676000072, -8.379505103999975, 0.0 ], [ 115.403314402000092, -8.380096587999958, 0.0 ], [ 115.40337944700002, -8.380359971999951, 0.0 ], [ 115.40384039300011, -8.380822153999929, 0.0 ], [ 115.404009954000117, -8.38132290599998, 0.0 ], [ 115.406163366000101, -8.382880866999926, 0.0 ], [ 115.407768703000102, -8.384821109999962, 0.0 ], [ 115.407847074000074, -8.385097733999942, 0.0 ], [ 115.407753024000044, -8.38538684599996, 0.0 ], [ 115.406956413000103, -8.386166208999953, 0.0 ], [ 115.406795976000012, -8.386520590999964, 0.0 ], [ 115.406715469, -8.386862303999976, 0.0 ], [ 115.406670683000016, -8.388098814999978, 0.0 ], [ 115.406759206000061, -8.389072741999939, 0.0 ], [ 115.406863227000031, -8.389619958999958, 0.0 ], [ 115.407596629000068, -8.391412033999927, 0.0 ], [ 115.408222487000103, -8.393709945999944, 0.0 ], [ 115.408827509000048, -8.394462199999964, 0.0 ], [ 115.408691411000063, -8.395408849999967, 0.0 ], [ 115.408822472000111, -8.395698871999969, 0.0 ], [ 115.409627741, -8.396083717999943, 0.0 ], [ 115.410510574000114, -8.397226248999971, 0.0 ], [ 115.410879802000068, -8.397504045999938, 0.0 ], [ 115.412042536000058, -8.398053593999975, 0.0 ], [ 115.412024986, -8.399079641999947, 0.0 ], [ 115.41260632500007, -8.399174087999938, 0.0 ], [ 115.412950522000074, -8.399122734999935, 0.0 ], [ 115.413374956000098, -8.398795589999963, 0.0 ], [ 115.413546627000073, -8.398875198999974, 0.0 ], [ 115.413982034000014, -8.399140074999934, 0.0 ], [ 115.414178901000014, -8.399509278999972, 0.0 ], [ 115.415036502000021, -8.399999420999961, 0.0 ], [ 115.415339348000089, -8.400342679999937, 0.0 ], [ 115.4155884810001, -8.400830565999968, 0.0 ], [ 115.415719123000031, -8.401225677999946, 0.0 ], [ 115.415693550000015, -8.401876110999979, 0.0 ], [ 115.41624252500003, -8.403448523999941, 0.0 ], [ 115.416217026000027, -8.403892646999964, 0.0 ], [ 115.415851122000049, -8.404300109999951, 0.0 ], [ 115.41553189800004, -8.404883240999936, 0.0 ], [ 115.415502156000116, -8.406654204999938, 0.0 ], [ 115.415300313000103, -8.407132519999948, 0.0 ], [ 115.415473617000089, -8.40784618899994, 0.0 ], [ 115.415848717000017, -8.408093176999955, 0.0 ], [ 115.416035484000076, -8.408409404999929, 0.0 ], [ 115.416021927000088, -8.408830112999965, 0.0 ], [ 115.415821035000022, -8.409168241999964, 0.0 ], [ 115.415248051000049, -8.409553539999933, 0.0 ], [ 115.414986116000023, -8.409863888999951, 0.0 ], [ 115.415106881000042, -8.410902515999965, 0.0 ], [ 115.415052916000036, -8.411390344999973, 0.0 ], [ 115.41432893800004, -8.412342577999937, 0.0 ], [ 115.414117138000051, -8.413012230999925, 0.0 ], [ 115.413241072, -8.417709023999976, 0.0 ], [ 115.413153984000019, -8.418539144999954, 0.0 ], [ 115.413256217000026, -8.419152280999981, 0.0 ], [ 115.413731950000056, -8.42031352999993, 0.0 ], [ 115.414649546000078, -8.420535371999961, 0.0 ], [ 115.414857396000116, -8.420743682999955, 0.0 ], [ 115.414866533, -8.421034569999961, 0.0 ], [ 115.414505800000029, -8.422326038999927, 0.0 ], [ 115.414142764000076, -8.424369829999932, 0.0 ], [ 115.414151900000093, -8.424660522999943, 0.0 ], [ 115.414693438000086, -8.424963835999961, 0.0 ], [ 115.414817285000026, -8.425244715999952, 0.0 ], [ 115.414826804000086, -8.425535409999952, 0.0 ], [ 115.414532554000061, -8.425987171999964, 0.0 ], [ 115.414499647000071, -8.42637115499997, 0.0 ], [ 115.414706695000064, -8.426776853999968, 0.0 ], [ 115.414223779000054, -8.427470616999926, 0.0 ], [ 115.414170400000103, -8.427813021999953, 0.0 ], [ 115.413843535000069, -8.428294511999979, 0.0 ], [ 115.413571644000058, -8.428511355999944, 0.0 ], [ 115.4133503380001, -8.428977759999952, 0.0 ], [ 115.413401603000011, -8.429247875999977, 0.0 ], [ 115.413941198000089, -8.429935298999965, 0.0 ], [ 115.414106880000077, -8.430268118999948, 0.0 ], [ 115.413986919000081, -8.431565405999947, 0.0 ], [ 115.414350610000042, -8.432458814999961, 0.0 ], [ 115.414524743000015, -8.433344283999929, 0.0 ], [ 115.414447343, -8.434140123999953, 0.0 ], [ 115.414254395000057, -8.434213025999952, 0.0 ], [ 115.413409569, -8.434135927999932, 0.0 ], [ 115.412770694000073, -8.434546154999964, 0.0 ], [ 115.412542934000044, -8.43584280999994, 0.0 ], [ 115.412230948000115, -8.436048049999954, 0.0 ], [ 115.411593614000026, -8.43598652299994, 0.0 ], [ 115.411267384000098, -8.436029410999936, 0.0 ], [ 115.411059166000086, -8.436190666999948, 0.0 ], [ 115.411102803000063, -8.436456291999946, 0.0 ], [ 115.41154451500006, -8.437151078999932, 0.0 ], [ 115.411795387000097, -8.437402806999955, 0.0 ], [ 115.412165679000054, -8.437522197999954, 0.0 ], [ 115.412802814000088, -8.43753951399998, 0.0 ], [ 115.413173099, -8.437847762999979, 0.0 ], [ 115.41311845700011, -8.43868576999995, 0.0 ], [ 115.412993280000023, -8.438823900999978, 0.0 ], [ 115.412363083000059, -8.438792070999966, 0.0 ], [ 115.411842271000069, -8.439586887999951, 0.0 ], [ 115.411594974000081, -8.440517572999966, 0.0 ], [ 115.410656649000089, -8.440960901999972, 0.0 ], [ 115.410487089000071, -8.441202393999959, 0.0 ], [ 115.410635023000054, -8.441668740999944, 0.0 ], [ 115.411495536000075, -8.441933024999969, 0.0 ], [ 115.411569111000063, -8.442168716999959, 0.0 ], [ 115.411553462000029, -8.44263032799995, 0.0 ], [ 115.411481294000055, -8.442798339999968, 0.0 ], [ 115.411266287000103, -8.442842840999958, 0.0 ], [ 115.410537121000061, -8.442801103999955, 0.0 ], [ 115.410373649, -8.442955753999968, 0.0 ], [ 115.410294319000059, -8.443285836999962, 0.0 ], [ 115.410117611000032, -8.443498796999961, 0.0 ], [ 115.409667279000018, -8.44378839999996, 0.0 ], [ 115.409162477000109, -8.444590644999948, 0.0 ], [ 115.408972528000049, -8.444769811999947, 0.0 ], [ 115.408804474000021, -8.445669209999949, 0.0 ], [ 115.408579545000066, -8.446082076999971, 0.0 ], [ 115.408737715000029, -8.447501479999971, 0.0 ], [ 115.408553880000113, -8.44814699899996, 0.0 ], [ 115.408189305000064, -8.448775688999945, 0.0 ], [ 115.406787799000085, -8.450209494999967, 0.0 ], [ 115.405391033000114, -8.450487288999966, 0.0 ], [ 115.405489869, -8.451272787999926, 0.0 ], [ 115.405671511000037, -8.451535096999976, 0.0 ], [ 115.405602496000029, -8.451864831999956, 0.0 ], [ 115.405368437000106, -8.451892963999967, 0.0 ], [ 115.405157087000021, -8.451790499999959, 0.0 ], [ 115.404893744000105, -8.451782057999935, 0.0 ], [ 115.404520569000056, -8.451896876999967, 0.0 ], [ 115.404280258000085, -8.45177238399998, 0.0 ], [ 115.404010759000016, -8.45149497899996, 0.0 ], [ 115.403769767000085, -8.451443194999968, 0.0 ], [ 115.403594277000025, -8.451544081999941, 0.0 ], [ 115.403451967000024, -8.452314054999931, 0.0 ], [ 115.403808823000077, -8.452635249999958, 0.0 ], [ 115.403903017000061, -8.452875485999925, 0.0 ], [ 115.403836940000019, -8.45295529699996, 0.0 ], [ 115.403105981000067, -8.452974031999929, 0.0 ], [ 115.402973857, -8.453126090999945, 0.0 ], [ 115.40304573100002, -8.453402689999962, 0.0 ], [ 115.403372597000043, -8.453859103999946, 0.0 ], [ 115.403948480000054, -8.454275620999965, 0.0 ], [ 115.404064320000089, -8.45445777599997, 0.0 ], [ 115.404056399000069, -8.45461770999998, 0.0 ], [ 115.403953978000118, -8.454704546999949, 0.0 ], [ 115.403734772, -8.454652850999935, 0.0 ], [ 115.403253795000069, -8.45439649399998, 0.0 ], [ 115.402639713000099, -8.454437614999961, 0.0 ], [ 115.402270310000063, -8.455028078999931, 0.0 ], [ 115.402224993000118, -8.455821326999967, 0.0 ], [ 115.402281733000109, -8.456478986999969, 0.0 ], [ 115.402452857000071, -8.456478986999969, 0.0 ], [ 115.402312416000086, -8.45741869699998, 0.0 ], [ 115.402571435000027, -8.457668652999928, 0.0 ], [ 115.402435697000101, -8.458229974999938, 0.0 ], [ 115.402531310000086, -8.458553199999926, 0.0 ], [ 115.4021841980001, -8.459105935999958, 0.0 ], [ 115.402417472000025, -8.459684073999938, 0.0 ], [ 115.402339895000068, -8.459911803999944, 0.0 ], [ 115.401907167000104, -8.460528894999982, 0.0 ], [ 115.401885309000022, -8.460735504999946, 0.0 ], [ 115.401925087000109, -8.461074604999965, 0.0 ], [ 115.40203434600005, -8.461143290999928, 0.0 ], [ 115.4026980430001, -8.461181465999971, 0.0 ], [ 115.402928284000041, -8.461292618999948, 0.0 ], [ 115.403151749000017, -8.461642360999974, 0.0 ], [ 115.403170405000083, -8.461919491999936, 0.0 ], [ 115.402967240000066, -8.462126654999963, 0.0 ], [ 115.402116369000055, -8.462163559999965, 0.0 ], [ 115.401070008000033, -8.462635773999978, 0.0 ], [ 115.400695325000015, -8.462934477999966, 0.0 ], [ 115.400973080000085, -8.465028267999969, 0.0 ], [ 115.40062084300007, -8.466001774999938, 0.0 ], [ 115.399380645000065, -8.467145502999927, 0.0 ], [ 115.39900453000007, -8.467722483999978, 0.0 ], [ 115.398896898000089, -8.467798293999977, 0.0 ], [ 115.398120095000081, -8.467859397999973, 0.0 ], [ 115.396908682000117, -8.46914792299998, 0.0 ], [ 115.396513752000033, -8.469773323999959, 0.0 ], [ 115.396317092000118, -8.469892647999927, 0.0 ], [ 115.39589267000008, -8.469959333999952, 0.0 ], [ 115.394558753000069, -8.47149853999997, 0.0 ], [ 115.394436276000079, -8.471831312999939, 0.0 ], [ 115.394426994000014, -8.472153347999949, 0.0 ], [ 115.394697376000067, -8.472681304999981, 0.0 ], [ 115.394642443000066, -8.472923772999934, 0.0 ], [ 115.394280736000042, -8.473454682999943, 0.0 ], [ 115.393939062000072, -8.474283606999961, 0.0 ], [ 115.393750649000026, -8.475677483999959, 0.0 ], [ 115.393323230000078, -8.476858190999963, 0.0 ], [ 115.392947321000065, -8.477699592999954, 0.0 ], [ 115.39147287600008, -8.478984910999941, 0.0 ], [ 115.391095136000104, -8.479845878999981, 0.0 ], [ 115.390563372000088, -8.480571748999978, 0.0 ], [ 115.390107897, -8.481408270999964, 0.0 ], [ 115.389995433000081, -8.481873165999957, 0.0 ], [ 115.390157775000034, -8.482660408999948, 0.0 ], [ 115.390647419000061, -8.483038807999947, 0.0 ], [ 115.39273791800008, -8.483834963999925, 0.0 ], [ 115.393582308000077, -8.482940486999951, 0.0 ], [ 115.39449103600009, -8.481376043999944, 0.0 ], [ 115.395655121000118, -8.481199551999964, 0.0 ], [ 115.39629878300002, -8.480989070999954, 0.0 ], [ 115.397291711000094, -8.480513621999933, 0.0 ], [ 115.399895832000084, -8.479019107999932, 0.0 ], [ 115.400553757000012, -8.478595558999928, 0.0 ], [ 115.401171952000027, -8.478065277999974, 0.0 ], [ 115.401642729000059, -8.477561028999958, 0.0 ], [ 115.402006715000084, -8.476976419999971, 0.0 ], [ 115.402976652, -8.47609564399994, 0.0 ], [ 115.403260603000035, -8.476495093999972, 0.0 ], [ 115.403508098000088, -8.476663843999972, 0.0 ], [ 115.403707274000112, -8.477077803999975, 0.0 ], [ 115.403856331000043, -8.477094399999942, 0.0 ], [ 115.404185498000061, -8.477338621999934, 0.0 ], [ 115.404366542000048, -8.477659166999956, 0.0 ], [ 115.404338557000074, -8.477866791999929, 0.0 ], [ 115.405772469000112, -8.476413630999957, 0.0 ], [ 115.406064923000031, -8.475548071999981, 0.0 ], [ 115.406282996000073, -8.474073483999973, 0.0 ], [ 115.40812521600003, -8.474044297999967, 0.0 ], [ 115.41184059200009, -8.472580863999951, 0.0 ], [ 115.412094916000115, -8.472608535999939, 0.0 ], [ 115.412454393000075, -8.473116177999941, 0.0 ], [ 115.412708008000095, -8.47331700999996, 0.0 ], [ 115.413791641000103, -8.473574498999938, 0.0 ], [ 115.414324883000063, -8.474162767999928, 0.0 ], [ 115.414416433000042, -8.474695957999927, 0.0 ], [ 115.414172827000016, -8.475321027999939, 0.0 ], [ 115.413018787000055, -8.47590244099996, 0.0 ], [ 115.412964566000028, -8.476062064999951, 0.0 ], [ 115.41316986400011, -8.478247445999955, 0.0 ], [ 115.413087713000095, -8.478686688999971, 0.0 ], [ 115.412926636000066, -8.478779274999965, 0.0 ], [ 115.412217780000105, -8.478563270999928, 0.0 ], [ 115.411668088000056, -8.47872087899998, 0.0 ], [ 115.411413158000073, -8.478839719999939, 0.0 ], [ 115.41045866200011, -8.479741622999938, 0.0 ], [ 115.410363833000019, -8.480007648999958, 0.0 ], [ 115.410375687000055, -8.480380661999959, 0.0 ], [ 115.410508067000023, -8.480754173999969, 0.0 ], [ 115.410734628000114, -8.481021509999948, 0.0 ], [ 115.4110418570001, -8.481209242999967, 0.0 ], [ 115.411764332000075, -8.481372029999932, 0.0 ], [ 115.411857464000036, -8.481518933999951, 0.0 ], [ 115.411856480000097, -8.481758696999975, 0.0 ], [ 115.411680372000092, -8.482250840999939, 0.0 ], [ 115.41086060300006, -8.482953481999971, 0.0 ], [ 115.410645136000085, -8.483245654999962, 0.0 ], [ 115.410576915000092, -8.483551745999932, 0.0 ], [ 115.410575272000074, -8.483951349999927, 0.0 ], [ 115.410694101000104, -8.484364763999963, 0.0 ], [ 115.411320701000022, -8.485046659999966, 0.0 ], [ 115.411439741000095, -8.485406798999975, 0.0 ], [ 115.411291837000022, -8.485552721999966, 0.0 ], [ 115.410755960000074, -8.485603812999955, 0.0 ], [ 115.409923333000052, -8.486173200999929, 0.0 ], [ 115.409680806000097, -8.48653186599995, 0.0 ], [ 115.409665500000074, -8.486998016999962, 0.0 ], [ 115.409969883000031, -8.487878400999932, 0.0 ], [ 115.410074439000027, -8.488504884999941, 0.0 ], [ 115.410720975000118, -8.490851918999965, 0.0 ], [ 115.410972352000044, -8.491598888999931, 0.0 ], [ 115.41161016600006, -8.492813639999952, 0.0 ], [ 115.412257043000068, -8.495080752999968, 0.0 ], [ 115.412309405000087, -8.495374016999961, 0.0 ], [ 115.411833243000046, -8.497183646999929, 0.0 ], [ 115.412003331000051, -8.498156732999973, 0.0 ], [ 115.412176444000011, -8.498397205999936, 0.0 ], [ 115.413886987000069, -8.49928332199994, 0.0 ], [ 115.414006916000062, -8.499430335999932, 0.0 ], [ 115.414607152000031, -8.501311426999962, 0.0 ], [ 115.415037068000061, -8.502307987999927, 0.0 ], [ 115.415241399000024, -8.503097163999939, 0.0 ], [ 115.415240088000019, -8.503416250999976, 0.0 ], [ 115.414295211000081, -8.503750264999951, 0.0 ], [ 115.413990976000036, -8.504312123999966, 0.0 ], [ 115.413931894000029, -8.504912523999963, 0.0 ], [ 115.414062909000108, -8.505175836999967, 0.0 ], [ 115.414664967000022, -8.50561000099998, 0.0 ], [ 115.414908347000051, -8.506080244999964, 0.0 ], [ 115.415373922000072, -8.507583745999966, 0.0 ], [ 115.415157236000027, -8.508542082999952, 0.0 ], [ 115.415055645000052, -8.508897859999934, 0.0 ], [ 115.414134110000077, -8.509524492999958, 0.0 ], [ 115.410528878000036, -8.511621570999978, 0.0 ], [ 115.408575996000081, -8.512606442999981, 0.0 ], [ 115.407338944000116, -8.512900809999962, 0.0 ], [ 115.406118498000069, -8.513075804999971, 0.0 ], [ 115.405349845000046, -8.513749785999948, 0.0 ], [ 115.405263006000041, -8.514172646999953, 0.0 ], [ 115.405260553000062, -8.514765128999954, 0.0 ], [ 115.405511275000094, -8.515866499999959, 0.0 ], [ 115.407799024000042, -8.518245850999961, 0.0 ], [ 115.408133101000089, -8.519770781999966, 0.0 ], [ 115.40761902600002, -8.520615091999957, 0.0 ], [ 115.407187180000051, -8.521873479999954, 0.0 ], [ 115.406551475000015, -8.522725082999955, 0.0 ], [ 115.406454281000038, -8.523151789999929, 0.0 ], [ 115.40645005500005, -8.524172074999967, 0.0 ], [ 115.406661593000081, -8.525774317999947, 0.0 ], [ 115.407593451000025, -8.526793852999958, 0.0 ], [ 115.408691649000048, -8.528745117999961, 0.0 ], [ 115.409776015000034, -8.530127386999936, 0.0 ], [ 115.409990909000044, -8.529926803999956, 0.0 ], [ 115.410139971000035, -8.53001091699997, 0.0 ], [ 115.410337994000088, -8.529354350999938, 0.0 ], [ 115.411761409000064, -8.527416716999937, 0.0 ], [ 115.411832902000015, -8.527185978999967, 0.0 ], [ 115.411568488000057, -8.526740166999957, 0.0 ], [ 115.412649599000019, -8.525622960999954, 0.0 ], [ 115.412677098000017, -8.525516331999938, 0.0 ], [ 115.412389006000012, -8.525074429999961, 0.0 ], [ 115.412875082000028, -8.524541376999935, 0.0 ], [ 115.412654652000015, -8.523799901999951, 0.0 ], [ 115.412656123000033, -8.523720663999939, 0.0 ], [ 115.412864424000077, -8.523600072999955, 0.0 ], [ 115.414029366000022, -8.523269800999969, 0.0 ], [ 115.414472814000078, -8.523251565999942, 0.0 ], [ 115.414717087000099, -8.523513523999952, 0.0 ], [ 115.414797363000048, -8.524236704999964, 0.0 ], [ 115.414948920000029, -8.524334551999971, 0.0 ], [ 115.415307792000021, -8.524174074999962, 0.0 ], [ 115.415673120000065, -8.523872930999971, 0.0 ], [ 115.415915968000036, -8.524029190999954, 0.0 ], [ 115.416350474000069, -8.524080549999951, 0.0 ], [ 115.41732231200001, -8.523908754999979, 0.0 ], [ 115.417461078000088, -8.523850411999945, 0.0 ], [ 115.417958776000091, -8.523161974999937, 0.0 ], [ 115.418192905000069, -8.523119256999962, 0.0 ], [ 115.418696437000108, -8.523194104999959, 0.0 ], [ 115.419442907000075, -8.523465610999949, 0.0 ], [ 115.420856852000043, -8.523002445999964, 0.0 ], [ 115.421314215000052, -8.52298213499995, 0.0 ], [ 115.421634628000106, -8.522876587999974, 0.0 ], [ 115.42188154300004, -8.522770461999926, 0.0 ], [ 115.422286432000078, -8.522391636999942, 0.0 ], [ 115.422746493000091, -8.522158476999948, 0.0 ], [ 115.424083508000081, -8.522138334999966, 0.0 ], [ 115.424811969000075, -8.521546930999932, 0.0 ], [ 115.426255014000049, -8.52108390799998, 0.0 ], [ 115.426687736000076, -8.520745273999978, 0.0 ], [ 115.428153431000055, -8.520079646999932, 0.0 ], [ 115.429612707000047, -8.519550341999945, 0.0 ], [ 115.430206307000049, -8.519680939999944, 0.0 ], [ 115.430833672000063, -8.519703837999941, 0.0 ], [ 115.432968764000066, -8.519236284999977, 0.0 ], [ 115.434067798000115, -8.519374738999943, 0.0 ], [ 115.434730287000093, -8.519060899999943, 0.0 ], [ 115.436107395000022, -8.518630609999946, 0.0 ], [ 115.436476524000113, -8.518600963999972, 0.0 ], [ 115.438682310000104, -8.516995841999972, 0.0 ], [ 115.439275360000011, -8.516260895999949, 0.0 ], [ 115.439491612000097, -8.515654967999978, 0.0 ], [ 115.439815114000112, -8.515107746999945, 0.0 ], [ 115.440263457000015, -8.514695680999978, 0.0 ], [ 115.440706476000059, -8.514014888999952, 0.0 ], [ 115.441216768000118, -8.513646416999961, 0.0 ], [ 115.44213073800006, -8.513369224999963, 0.0 ], [ 115.443498773000101, -8.512644645999956, 0.0 ], [ 115.446498540000107, -8.510390174999941, 0.0 ], [ 115.44665236600008, -8.510041500999932, 0.0 ], [ 115.446775018000039, -8.509418210999968, 0.0 ], [ 115.447258806000036, -8.508848616999956, 0.0 ], [ 115.448872149000067, -8.507850347999977, 0.0 ], [ 115.449404694, -8.507631842999956, 0.0 ], [ 115.449979836000011, -8.507454106999944, 0.0 ], [ 115.451215574000116, -8.507516202999966, 0.0 ], [ 115.455141221000076, -8.505265831999964, 0.0 ], [ 115.457004055000084, -8.503881760999946, 0.0 ], [ 115.458316980000063, -8.503299024999933, 0.0 ], [ 115.459265408000078, -8.503139515999976, 0.0 ], [ 115.460634643000049, -8.503448589999948, 0.0 ], [ 115.461499859000014, -8.503469950999943, 0.0 ], [ 115.462835372000086, -8.503699665999932, 0.0 ], [ 115.463654768000083, -8.504003563999959, 0.0 ], [ 115.465297459000112, -8.50512975099997, 0.0 ], [ 115.466287670000042, -8.505939144999957, 0.0 ], [ 115.46921898800008, -8.50897619899996, 0.0 ], [ 115.469701815, -8.509974822999936, 0.0 ], [ 115.469843447000017, -8.510791349999977, 0.0 ], [ 115.469641405000061, -8.511301006999929, 0.0 ], [ 115.469665339000017, -8.512503914999968, 0.0 ], [ 115.469792839000092, -8.512933460999932, 0.0 ], [ 115.470394728000088, -8.513452872999949, 0.0 ], [ 115.472285122000017, -8.514583758999947, 0.0 ], [ 115.472629565000034, -8.51492901599994, 0.0 ], [ 115.473947745000032, -8.516384821999964, 0.0 ], [ 115.476340491000087, -8.519976558999929, 0.0 ], [ 115.47645237800009, -8.520428820999939, 0.0 ], [ 115.476331625000057, -8.521791400999973, 0.0 ], [ 115.476455224, -8.522509071999934, 0.0 ], [ 115.476424600000087, -8.523069759999942, 0.0 ], [ 115.476290868000092, -8.523619681999946, 0.0 ], [ 115.475553049000041, -8.525477722999938, 0.0 ], [ 115.475331699000094, -8.526794279999933, 0.0 ], [ 115.474985392, -8.527809265999963, 0.0 ], [ 115.47502402900011, -8.52878144899995, 0.0 ], [ 115.475611561000051, -8.530677345999948, 0.0 ], [ 115.475596845000041, -8.532037836999962, 0.0 ], [ 115.475806269000032, -8.533029055999975, 0.0 ], [ 115.475364089000095, -8.534881255999949, 0.0 ], [ 115.474933346000057, -8.535693072999948, 0.0 ], [ 115.474901481000074, -8.536999494999975, 0.0 ], [ 115.475090304000105, -8.537440639999943, 0.0 ], [ 115.475467776000073, -8.537990074999925, 0.0 ], [ 115.476032726000085, -8.538590222999972, 0.0 ], [ 115.477336894000018, -8.539822280999942, 0.0 ], [ 115.478041419000078, -8.540326856999968, 0.0 ], [ 115.478654105000032, -8.541063682999948, 0.0 ], [ 115.479524688000083, -8.541833827999938, 0.0 ], [ 115.4798475340001, -8.542379944999936, 0.0 ], [ 115.480295110000043, -8.543442681999977, 0.0 ], [ 115.480315610000048, -8.543700194999928, 0.0 ], [ 115.480027775000053, -8.54487783999997, 0.0 ], [ 115.480010193000112, -8.54609675599994, 0.0 ], [ 115.479945194000038, -8.546714655999949, 0.0 ], [ 115.479760579000072, -8.547400779999975, 0.0 ], [ 115.479546375000041, -8.550037306999968, 0.0 ], [ 115.479447979000042, -8.550424063999969, 0.0 ], [ 115.47927091300005, -8.550538891999963, 0.0 ], [ 115.479184150000037, -8.550722181999959, 0.0 ], [ 115.48403698900006, -8.549686018999978, 0.0 ], [ 115.486615012000016, -8.548924958999976, 0.0 ], [ 115.488581995000118, -8.548152995999942, 0.0 ], [ 115.490103966000106, -8.547664964999967, 0.0 ], [ 115.494399033000036, -8.545792956999946, 0.0 ], [ 115.495969972000012, -8.545344958999976, 0.0 ], [ 115.497224010000082, -8.544488992999959, 0.0 ], [ 115.50054603500007, -8.543242980999935, 0.0 ], [ 115.501073013000109, -8.542929958999935, 0.0 ], [ 115.501752963000058, -8.542689038999981, 0.0 ], [ 115.502940033000073, -8.542117024999925, 0.0 ], [ 115.503935009000088, -8.541938972999958, 0.0 ], [ 115.504513007000014, -8.541680024999948, 0.0 ], [ 115.505175015000077, -8.54150601799995, 0.0 ], [ 115.50718801000005, -8.541251965999948, 0.0 ], [ 115.507949971000016, -8.541339971999946, 0.0 ], [ 115.50838300800001, -8.540835008999977, 0.0 ], [ 115.509179, -8.540357025999981, 0.0 ], [ 115.509229005000066, -8.53943897299996, 0.0 ], [ 115.509077007000087, -8.53901899799996, 0.0 ], [ 115.508704972000032, -8.538514008999925, 0.0 ], [ 115.508889984, -8.537723042999971, 0.0 ], [ 115.508842029000107, -8.53645402099994, 0.0 ], [ 115.509064024000054, -8.536073002999956, 0.0 ], [ 115.509436992000019, -8.535892993999937, 0.0 ], [ 115.510076987000048, -8.535771959999977, 0.0 ], [ 115.510338967000052, -8.535645042999931, 0.0 ], [ 115.510447970000087, -8.535504971999956, 0.0 ], [ 115.510181971000065, -8.535181021999961, 0.0 ], [ 115.50983002800001, -8.534980958999938, 0.0 ], [ 115.508783002000087, -8.535046002999934, 0.0 ], [ 115.507910029000072, -8.534981982999966, 0.0 ], [ 115.507830020000029, -8.534907994999969, 0.0 ], [ 115.507504595000114, -8.534188312999959, 0.0 ], [ 115.507837492000021, -8.533840949999956, 0.0 ], [ 115.508801173000052, -8.534461988999965, 0.0 ], [ 115.509150954, -8.534590479999963, 0.0 ], [ 115.509493597000073, -8.534169315999975, 0.0 ], [ 115.509429351000108, -8.534026547999929, 0.0 ], [ 115.50793485600002, -8.533045221999942, 0.0 ], [ 115.508984007000095, -8.531618969999954, 0.0 ], [ 115.509944997000048, -8.530867959999966, 0.0 ], [ 115.510961028000111, -8.530621980999967, 0.0 ], [ 115.511948987000096, -8.530603983999981, 0.0 ], [ 115.512266018000105, -8.530999005999945, 0.0 ], [ 115.512407035000024, -8.53137301199996, 0.0 ], [ 115.512538028000108, -8.532904981999934, 0.0 ], [ 115.513071984000021, -8.534092966999935, 0.0 ], [ 115.513615979000065, -8.533944979999944, 0.0 ], [ 115.514387966000072, -8.53294796299997, 0.0 ], [ 115.513676024, -8.532790008999939, 0.0 ], [ 115.513537978000045, -8.531938041999979, 0.0 ], [ 115.5139540240001, -8.531270002999975, 0.0 ], [ 115.513954009000031, -8.53092501499998, 0.0 ], [ 115.513748985, -8.530503030999967, 0.0 ], [ 115.513330033000102, -8.530102013999965, 0.0 ], [ 115.513315988000045, -8.529743954999958, 0.0 ], [ 115.51338803100009, -8.529631042999938, 0.0 ], [ 115.51480600900004, -8.52930097899997, 0.0 ], [ 115.514558015000034, -8.529046984999979, 0.0 ], [ 115.513768970000115, -8.529034018999937, 0.0 ], [ 115.51368401000002, -8.528864996999971, 0.0 ], [ 115.513668025000015, -8.528098025999952, 0.0 ], [ 115.513520978000088, -8.527869007999925, 0.0 ], [ 115.512627984, -8.527117028999953, 0.0 ], [ 115.511933016000057, -8.526389042999938, 0.0 ], [ 115.511628973000029, -8.524419027999954, 0.0 ], [ 115.510691976000089, -8.522885955999925, 0.0 ], [ 115.510318968000092, -8.522034985999937, 0.0 ], [ 115.510262003000094, -8.521735977999981, 0.0 ], [ 115.510032031000037, -8.521588005999945, 0.0 ], [ 115.509765024000103, -8.521043012999939, 0.0 ], [ 115.509507026000051, -8.520801995999932, 0.0 ], [ 115.508581004, -8.520325982999964, 0.0 ], [ 115.507610015000068, -8.519104041999981, 0.0 ], [ 115.507274034000034, -8.517785003999961, 0.0 ], [ 115.507720010000071, -8.516271976999974, 0.0 ], [ 115.50763203200006, -8.514872978999961, 0.0 ], [ 115.508159021000097, -8.513016992999951, 0.0 ], [ 115.509084016000088, -8.511818963999929, 0.0 ], [ 115.510872981000034, -8.509995020999952, 0.0 ], [ 115.512461, -8.508669967999936, 0.0 ], [ 115.513476969000067, -8.508229961999973, 0.0 ], [ 115.514374, -8.507692040999927, 0.0 ], [ 115.515527968000015, -8.507221997999977, 0.0 ], [ 115.518665995000106, -8.505305968999949, 0.0 ], [ 115.519735029000117, -8.504520975999981, 0.0 ], [ 115.520959004000019, -8.503936002999978, 0.0 ], [ 115.525203967000039, -8.502842019999946, 0.0 ], [ 115.525839975000054, -8.502827975999935, 0.0 ], [ 115.526093997000089, -8.503031989999954, 0.0 ], [ 115.526208029000031, -8.50302202599994, 0.0 ], [ 115.526500026, -8.502814021999939, 0.0 ], [ 115.52648801700002, -8.502448012999935, 0.0 ], [ 115.526926034000098, -8.502129994999962, 0.0 ], [ 115.52745897200009, -8.501903012999946, 0.0 ], [ 115.528420996000023, -8.501676025999927, 0.0 ], [ 115.530161032000024, -8.500864966999927, 0.0 ], [ 115.530672035000066, -8.50126395999996, 0.0 ], [ 115.53187499, -8.50066603199997, 0.0 ], [ 115.534182024000074, -8.500102001999949, 0.0 ], [ 115.536438995000026, -8.500453043999926, 0.0 ], [ 115.537850027000104, -8.500581027999942, 0.0 ], [ 115.538140026000065, -8.500681021999981, 0.0 ], [ 115.539417986000103, -8.501437007999925, 0.0 ], [ 115.539727996000011, -8.501692032999927, 0.0 ], [ 115.540361992000044, -8.502308994999964, 0.0 ], [ 115.540873982000107, -8.503124032999949, 0.0 ], [ 115.541059997000048, -8.503251027999966, 0.0 ], [ 115.542196037000053, -8.503790040999945, 0.0 ], [ 115.542844977000073, -8.50425996499996, 0.0 ], [ 115.54384497, -8.50465001699996, 0.0 ], [ 115.544856982000056, -8.505209984999965, 0.0 ], [ 115.545733029000075, -8.505538996999974, 0.0 ], [ 115.546149998000033, -8.505636024999944, 0.0 ], [ 115.547730000000115, -8.505752041999926, 0.0 ], [ 115.550110966000034, -8.50529198199996, 0.0 ], [ 115.552716036000106, -8.504490005999969, 0.0 ], [ 115.553174, -8.504501021999943, 0.0 ], [ 115.553608982000014, -8.504568997999968, 0.0 ], [ 115.553774032000092, -8.504676019999977, 0.0 ], [ 115.554331017000095, -8.50550504499995, 0.0 ], [ 115.555903974000103, -8.505523994999976, 0.0 ], [ 115.557349987000066, -8.505780963999939, 0.0 ], [ 115.559395997000024, -8.506464972999936, 0.0 ], [ 115.560646010000028, -8.507041969999932, 0.0 ], [ 115.56206798900007, -8.507419978999962, 0.0 ], [ 115.563531996000052, -8.50807803999993, 0.0 ], [ 115.564185014000032, -8.508489002999966, 0.0 ], [ 115.5651159680001, -8.508703991999937, 0.0 ], [ 115.565844999000092, -8.509038024999938, 0.0 ], [ 115.567617004000113, -8.509576965999941, 0.0 ], [ 115.568610024, -8.510002012999962, 0.0 ], [ 115.570026007000024, -8.510670001999927, 0.0 ], [ 115.571992977000036, -8.512021956999945, 0.0 ], [ 115.573497029, -8.512455016999979, 0.0 ], [ 115.575593981000111, -8.513217973999929, 0.0 ], [ 115.57805703300005, -8.513947995999956, 0.0 ], [ 115.580035997000095, -8.514437015999931, 0.0 ], [ 115.580610002000071, -8.514895040999932, 0.0 ], [ 115.580696982000063, -8.515092989999971, 0.0 ], [ 115.580754013000046, -8.516304033999972, 0.0 ], [ 115.580638029000056, -8.517086001999928, 0.0 ], [ 115.58102102700002, -8.517241998999964, 0.0 ], [ 115.58117500600008, -8.517227010999932, 0.0 ], [ 115.581572973000107, -8.516878042999963, 0.0 ], [ 115.5830042340001, -8.515915435999943, 0.0 ], [ 115.583451885000045, -8.515857776999951, 0.0 ], [ 115.585479185000054, -8.514601420999952, 0.0 ], [ 115.587849129, -8.51246942399996, 0.0 ], [ 115.589134866000109, -8.511791258999949, 0.0 ], [ 115.589752697000108, -8.511593782999967, 0.0 ], [ 115.589914501000067, -8.511384389999932, 0.0 ], [ 115.590866285000061, -8.51085139099996, 0.0 ], [ 115.591627713000094, -8.51024224899993, 0.0 ], [ 115.592998282000053, -8.509490338999967, 0.0 ], [ 115.597778422000033, -8.507517571999927, 0.0 ], [ 115.600805294000111, -8.505933044999949, 0.0 ], [ 115.602616222000051, -8.50523708399993, 0.0 ], [ 115.603287230000092, -8.505070521999926, 0.0 ], [ 115.604235196000104, -8.505282977999968, 0.0 ], [ 115.604432792000011, -8.505198746999952, 0.0 ], [ 115.604471008000019, -8.504344021999941, 0.0 ], [ 115.604928978000089, -8.504045957999949, 0.0 ], [ 115.605350010000052, -8.503606, 0.0 ], [ 115.6056629630001, -8.50349700299995, 0.0 ], [ 115.606254013000012, -8.503514037999935, 0.0 ], [ 115.606800036000095, -8.503970027999969, 0.0 ], [ 115.607334982000111, -8.503946989999974, 0.0 ], [ 115.607460013000036, -8.503920042999937, 0.0 ], [ 115.607643, -8.503649017999976, 0.0 ], [ 115.607888005000063, -8.503501985999947, 0.0 ], [ 115.60818198000004, -8.503442010999947, 0.0 ], [ 115.608580971000038, -8.504107040999941, 0.0 ], [ 115.608915019000051, -8.504482981999956, 0.0 ], [ 115.609865967000019, -8.504999000999931, 0.0 ], [ 115.610520031000078, -8.505987972999947, 0.0 ], [ 115.610739025000044, -8.506033959999968, 0.0 ], [ 115.61111401900007, -8.505481993999979, 0.0 ], [ 115.612115029000051, -8.505784007999978, 0.0 ], [ 115.612181025000041, -8.505511025999965, 0.0 ], [ 115.611810017000039, -8.50487303999995, 0.0 ], [ 115.610714994000091, -8.503826983999943, 0.0 ], [ 115.610030969000036, -8.502942960999974, 0.0 ], [ 115.60999999, -8.502705977999938, 0.0 ], [ 115.610302009000065, -8.501930982999966, 0.0 ], [ 115.611015022000061, -8.500526036999929, 0.0 ], [ 115.612029998000025, -8.498003981999943, 0.0 ], [ 115.612233991000039, -8.497908964999965, 0.0 ], [ 115.612970010000026, -8.498247006999975, 0.0 ], [ 115.613497992000021, -8.498283965999974, 0.0 ], [ 115.613588009000068, -8.498224977999939, 0.0 ], [ 115.613618986, -8.498045986999955, 0.0 ], [ 115.613435020000111, -8.497465988999977, 0.0 ], [ 115.613837981000074, -8.497340035999969, 0.0 ], [ 115.613643029000059, -8.497211955999944, 0.0 ], [ 115.613768014000016, -8.496758996999972, 0.0 ], [ 115.613708029, -8.496569013999931, 0.0 ], [ 115.613472017000049, -8.496340974999953, 0.0 ], [ 115.612578982000059, -8.495032011999967, 0.0 ], [ 115.612695023000015, -8.494441961999939, 0.0 ], [ 115.612854964, -8.494036954999956, 0.0 ], [ 115.614516011000092, -8.491191984999944, 0.0 ], [ 115.614794981000045, -8.490280020999933, 0.0 ], [ 115.615857019000032, -8.488276974999962, 0.0 ], [ 115.616560028000094, -8.487580965999939, 0.0 ], [ 115.616599975000099, -8.487175982999929, 0.0 ], [ 115.61621999800002, -8.486513016999936, 0.0 ], [ 115.616231012000071, -8.485466022999958, 0.0 ], [ 115.617479988000014, -8.483290044999933, 0.0 ], [ 115.617724032000069, -8.483009012999958, 0.0 ], [ 115.618534971000031, -8.482182014999978, 0.0 ], [ 115.619253013000048, -8.481780968999942, 0.0 ], [ 115.620123, -8.480859968999937, 0.0 ], [ 115.621064006000097, -8.480437013999961, 0.0 ], [ 115.621750977000033, -8.479715982999949, 0.0 ], [ 115.622113968, -8.479177969999967, 0.0 ], [ 115.622299027000054, -8.478128965999929, 0.0 ], [ 115.622465002000013, -8.477916997999955, 0.0 ], [ 115.623178016000111, -8.477368013999978, 0.0 ], [ 115.625384021000059, -8.476580001999935, 0.0 ], [ 115.625524006000092, -8.476430956999934, 0.0 ], [ 115.626168843000073, -8.475134329999946, 0.0 ], [ 115.626125614000102, -8.474837296999965, 0.0 ], [ 115.626286228000026, -8.474593401999925, 0.0 ], [ 115.627309396000101, -8.47368920699995, 0.0 ], [ 115.629117786000052, -8.472773113999949, 0.0 ], [ 115.629433065000057, -8.472666038999932, 0.0 ], [ 115.630459983000037, -8.472583995999969, 0.0 ], [ 115.630863005000037, -8.472283981999965, 0.0 ], [ 115.631640769000114, -8.471437006999963, 0.0 ], [ 115.63197080000009, -8.470794393999938, 0.0 ], [ 115.632046943000091, -8.47022332399996, 0.0 ], [ 115.631875621000063, -8.468814682999948, 0.0 ], [ 115.631866104000096, -8.468081808999955, 0.0 ], [ 115.632056460000058, -8.467234720999954, 0.0 ], [ 115.632608495000113, -8.466149685999937, 0.0 ], [ 115.632760781000115, -8.465454883999939, 0.0 ], [ 115.633274744, -8.464160456999934, 0.0 ], [ 115.633626905000028, -8.463018315999932, 0.0 ], [ 115.634226529000102, -8.461961834999954, 0.0 ], [ 115.635416259000067, -8.460952942999938, 0.0 ], [ 115.635996848000104, -8.460629336999943, 0.0 ], [ 115.636989083000117, -8.46010823499995, 0.0 ], [ 115.639251967000064, -8.459242026999959, 0.0 ], [ 115.639458983000054, -8.45889701699997, 0.0 ], [ 115.640000027000042, -8.458528034999972, 0.0 ], [ 115.641928973000063, -8.457968042999937, 0.0 ], [ 115.642569982000055, -8.457431962999976, 0.0 ], [ 115.643196992000071, -8.457343003999938, 0.0 ], [ 115.644522022000046, -8.456368991999966, 0.0 ], [ 115.646169964000023, -8.455657016999965, 0.0 ], [ 115.647917968000115, -8.455028015999972, 0.0 ], [ 115.64941598300004, -8.454720005999945, 0.0 ], [ 115.650574963000054, -8.45464796899995, 0.0 ], [ 115.651060035000114, -8.454519991999973, 0.0 ], [ 115.651705014000072, -8.454194022999957, 0.0 ], [ 115.65330700800007, -8.453963022999972, 0.0 ], [ 115.653801994000105, -8.453739963999965, 0.0 ], [ 115.655059001000041, -8.452761969999926, 0.0 ], [ 115.656236030000059, -8.451217992999943, 0.0 ], [ 115.657706983000026, -8.450392973999953, 0.0 ], [ 115.659032029000059, -8.449159964999978, 0.0 ], [ 115.659708972000089, -8.448920974999965, 0.0 ], [ 115.662213006000115, -8.447604016999946, 0.0 ], [ 115.662560997000014, -8.447263991999932, 0.0 ], [ 115.663285969000071, -8.446842979999929, 0.0 ], [ 115.664278970000055, -8.446597012999973, 0.0 ], [ 115.664653016000102, -8.446302009999954, 0.0 ], [ 115.665332001000024, -8.446185975999981, 0.0 ], [ 115.665688, -8.446238993999941, 0.0 ], [ 115.666080036000039, -8.446025963999944, 0.0 ], [ 115.666201995000051, -8.445818974999952, 0.0 ], [ 115.667079016000116, -8.445389973999966, 0.0 ], [ 115.667753901000083, -8.445217975999981, 0.0 ], [ 115.670717023000066, -8.44491998899997, 0.0 ], [ 115.671300971000051, -8.445044025999948, 0.0 ], [ 115.671485979000067, -8.445014003999972, 0.0 ], [ 115.671742986000027, -8.444209035999961, 0.0 ], [ 115.672510034000084, -8.443130038999925, 0.0 ], [ 115.674380013000018, -8.442284961999974, 0.0 ], [ 115.67521002400008, -8.442109023999933, 0.0 ], [ 115.675457969000036, -8.441982019999955, 0.0 ], [ 115.676877994000051, -8.441006027999947, 0.0 ], [ 115.677355004000106, -8.440335967999943, 0.0 ], [ 115.677998002000095, -8.439787979999949, 0.0 ], [ 115.679840981000098, -8.43892496999996, 0.0 ], [ 115.680061969, -8.438686031999964, 0.0 ], [ 115.680398974000013, -8.43806802499995, 0.0 ], [ 115.681556970000088, -8.436662033999937, 0.0 ], [ 115.681855973000097, -8.436450027999967, 0.0 ], [ 115.68167497200011, -8.435917976999974, 0.0 ], [ 115.681815007000068, -8.435810043999936, 0.0 ], [ 115.682576985000082, -8.435374014999979, 0.0 ], [ 115.683168, -8.434912998999948, 0.0 ], [ 115.684576975000027, -8.434223993999979, 0.0 ], [ 115.685564990000103, -8.433935002999931, 0.0 ], [ 115.686177, -8.433642038999949, 0.0 ], [ 115.686533968000049, -8.433228964999955, 0.0 ], [ 115.68727698400005, -8.432817001999979, 0.0 ], [ 115.687788013000045, -8.432376956999974, 0.0 ], [ 115.68808303000003, -8.432235000999981, 0.0 ], [ 115.688167001000011, -8.43213998799996, 0.0 ], [ 115.688271978000103, -8.431301040999926, 0.0 ], [ 115.688582019000023, -8.430522992999954, 0.0 ], [ 115.68872801200007, -8.430357031999961, 0.0 ], [ 115.689010973000109, -8.429613973999949, 0.0 ], [ 115.689971981000099, -8.428089031999946, 0.0 ], [ 115.690394991000062, -8.427764958999944, 0.0 ], [ 115.690952994000099, -8.427561040999933, 0.0 ], [ 115.691195986000025, -8.427745026999958, 0.0 ], [ 115.691146002000096, -8.427911037999934, 0.0 ], [ 115.69168602100001, -8.42802196699995, 0.0 ], [ 115.691973967000081, -8.42773197899993, 0.0 ], [ 115.692113025000026, -8.427133006999952, 0.0 ], [ 115.692458011000099, -8.42678299399995, 0.0 ], [ 115.692599002000065, -8.42672297799993, 0.0 ], [ 115.693015975000094, -8.426812969999958, 0.0 ], [ 115.693172983000068, -8.426710964999927, 0.0 ], [ 115.693121967000025, -8.426404025999943, 0.0 ], [ 115.693482998000036, -8.425824958999954, 0.0 ], [ 115.69396099800008, -8.425314000999947, 0.0 ], [ 115.694192993000115, -8.42469101599994, 0.0 ], [ 115.694228994000014, -8.424093959999936, 0.0 ], [ 115.695031010000093, -8.42367801599994, 0.0 ], [ 115.695415015000094, -8.423035010999968, 0.0 ], [ 115.695370965000052, -8.422614987999964, 0.0 ], [ 115.695058015000086, -8.422100042999944, 0.0 ], [ 115.695588022000038, -8.421061967999947, 0.0 ], [ 115.69555799200009, -8.420614957999931, 0.0 ], [ 115.695681006000086, -8.420107970999936, 0.0 ], [ 115.695905343000049, -8.419645494999941, 0.0 ], [ 115.6975287570001, -8.418680448999964, 0.0 ], [ 115.697900999000012, -8.418770986999959, 0.0 ], [ 115.698732021000069, -8.418230991999962, 0.0 ], [ 115.699071030000027, -8.418097037999928, 0.0 ], [ 115.699541977000081, -8.41814597299998, 0.0 ], [ 115.700022978000106, -8.417874969999957, 0.0 ], [ 115.699969001000113, -8.41755599499993, 0.0 ], [ 115.700058008000042, -8.417318955999974, 0.0 ], [ 115.700023986000019, -8.417124003999959, 0.0 ], [ 115.699942984000018, -8.417048964999935, 0.0 ], [ 115.699658017000047, -8.417034007999973, 0.0 ], [ 115.699762016000022, -8.416410955999936, 0.0 ], [ 115.699731013000019, -8.416164025999933, 0.0 ], [ 115.699464968000029, -8.415976985999976, 0.0 ], [ 115.699465986000064, -8.415716961999976, 0.0 ], [ 115.699709992000066, -8.415416965999952, 0.0 ], [ 115.69984196300004, -8.415006023999979, 0.0 ], [ 115.699939031000099, -8.41383495499997, 0.0 ], [ 115.699887669000077, -8.413375367999947, 0.0 ], [ 115.700101663000055, -8.412910942999929, 0.0 ], [ 115.701384177000023, -8.41150589199998, 0.0 ], [ 115.701762988000041, -8.411302006999961, 0.0 ], [ 115.702424506000057, -8.411100193999971, 0.0 ], [ 115.703042803000017, -8.410557709999978, 0.0 ], [ 115.70323837, -8.410496183999953, 0.0 ], [ 115.703911998000081, -8.410511524999947, 0.0 ], [ 115.704236327000103, -8.410383086999957, 0.0 ], [ 115.70471236700007, -8.409994, 0.0 ], [ 115.705751537000083, -8.408470801999954, 0.0 ], [ 115.706159019000097, -8.406773959999953, 0.0 ], [ 115.706561979000071, -8.406387954999957, 0.0 ], [ 115.70796696900004, -8.404689005999955, 0.0 ], [ 115.708635983000022, -8.404327016999957, 0.0 ], [ 115.70907201700004, -8.403562014999977, 0.0 ], [ 115.709240982000097, -8.403033018999963, 0.0 ], [ 115.709207986000024, -8.402481027999954, 0.0 ], [ 115.709401965000097, -8.401883037999937, 0.0 ], [ 115.710188972000083, -8.40073302899998, 0.0 ], [ 115.710785993000059, -8.400627030999942, 0.0 ], [ 115.710875970000075, -8.400546043999952, 0.0 ], [ 115.710594009000033, -8.400190971999962, 0.0 ], [ 115.710914008000032, -8.39998, 0.0 ], [ 115.710665003000031, -8.39894196399996, 0.0 ], [ 115.71043996700007, -8.398651000999962, 0.0 ], [ 115.710553969000102, -8.398052023999981, 0.0 ], [ 115.710170974000107, -8.397952038999961, 0.0 ], [ 115.710175001000039, -8.397616980999942, 0.0 ], [ 115.709496988000069, -8.397171011999944, 0.0 ], [ 115.709507029000065, -8.396284994999974, 0.0 ], [ 115.709399993000034, -8.395658984999955, 0.0 ], [ 115.709466983000084, -8.395100992999971, 0.0 ], [ 115.709693977000029, -8.394412967999926, 0.0 ], [ 115.70981503500002, -8.394284976999927, 0.0 ], [ 115.710532996000097, -8.393969976999927, 0.0 ], [ 115.711321976000022, -8.393849956999929, 0.0 ], [ 115.711606965000101, -8.39351301399995, 0.0 ], [ 115.711145983000051, -8.393242978999979, 0.0 ], [ 115.711119036000014, -8.393057995999925, 0.0 ], [ 115.710878994000041, -8.392980991999934, 0.0 ], [ 115.710531970000034, -8.392715036999959, 0.0 ], [ 115.710466987000018, -8.392301996999947, 0.0 ], [ 115.710654982000051, -8.391563030999976, 0.0 ], [ 115.710745987000109, -8.39076100099993, 0.0 ], [ 115.711075989000051, -8.390397985999925, 0.0 ], [ 115.711486008000065, -8.390226002999952, 0.0 ], [ 115.71152798300011, -8.390076958999941, 0.0 ], [ 115.711183987000027, -8.389687960999936, 0.0 ], [ 115.71120501300004, -8.389443009999979, 0.0 ], [ 115.710998010000026, -8.388271027999963, 0.0 ], [ 115.711118015000011, -8.388052981999977, 0.0 ], [ 115.711225978000016, -8.387285001999942, 0.0 ], [ 115.711146999000107, -8.387096954999947, 0.0 ], [ 115.710349006000115, -8.386503043999937, 0.0 ], [ 115.710071004000042, -8.38601697699994, 0.0 ], [ 115.709976010000105, -8.384781981999936, 0.0 ], [ 115.71003999900006, -8.383792978999963, 0.0 ], [ 115.709744971000077, -8.383020968999972, 0.0 ], [ 115.709943974000112, -8.38218900399994, 0.0 ], [ 115.70964901100001, -8.381533988999934, 0.0 ], [ 115.709604999000021, -8.38096098699998, 0.0 ], [ 115.709776035000118, -8.380366987999935, 0.0 ], [ 115.710201980000079, -8.379925986999979, 0.0 ], [ 115.710249990000079, -8.379763038999954, 0.0 ], [ 115.710388975000114, -8.378851040999962, 0.0 ], [ 115.710292024000069, -8.37857297499994, 0.0 ], [ 115.71043102100009, -8.377861965999955, 0.0 ], [ 115.710367015000088, -8.377698017999933, 0.0 ], [ 115.709799996000015, -8.376935969999977, 0.0 ], [ 115.70961702000011, -8.376223005999975, 0.0 ], [ 115.708646012000031, -8.374604958999953, 0.0 ], [ 115.708037988000115, -8.374290954999935, 0.0 ], [ 115.707281996, -8.374160997999979, 0.0 ], [ 115.706206970000039, -8.373458041999982, 0.0 ], [ 115.705101986000045, -8.371398966999948, 0.0 ], [ 115.705102968, -8.371101962999944, 0.0 ], [ 115.704385967, -8.371207023999943, 0.0 ], [ 115.703334973000096, -8.370418970999935, 0.0 ], [ 115.702805024000099, -8.369797991999974, 0.0 ], [ 115.702186985000026, -8.368780984999944, 0.0 ], [ 115.701581985000075, -8.367468007999946, 0.0 ], [ 115.700989974000095, -8.366551985999934, 0.0 ], [ 115.700414003000105, -8.365292989999944, 0.0 ], [ 115.700131991000035, -8.364059009999949, 0.0 ], [ 115.700265970000032, -8.363622030999977, 0.0 ], [ 115.700218986000095, -8.363474955999948, 0.0 ], [ 115.699633977000076, -8.36297901599994, 0.0 ], [ 115.699518026000078, -8.362720956999965, 0.0 ], [ 115.699234015000116, -8.361481002999938, 0.0 ], [ 115.699171033000084, -8.361032979999948, 0.0 ], [ 115.699219977000098, -8.360633966999956, 0.0 ], [ 115.69907098200008, -8.359863971999971, 0.0 ], [ 115.697802007000064, -8.358348995999961, 0.0 ], [ 115.695791013000076, -8.357629014999929, 0.0 ], [ 115.694781006000085, -8.357050025999968, 0.0 ], [ 115.694533983000042, -8.356986011999936, 0.0 ], [ 115.694322997000086, -8.357027990999939, 0.0 ], [ 115.693884974000071, -8.357300044999931, 0.0 ], [ 115.693027035000114, -8.356768025999941, 0.0 ], [ 115.692729995000036, -8.356726991999949, 0.0 ], [ 115.692204020000077, -8.356137028999967, 0.0 ], [ 115.691968014000054, -8.355666011999972, 0.0 ], [ 115.691793994000022, -8.355646991999947, 0.0 ], [ 115.6912010100001, -8.355932996999968, 0.0 ], [ 115.690762006000114, -8.355646021999974, 0.0 ], [ 115.689695991, -8.354757985999981, 0.0 ], [ 115.689132027000028, -8.354514987999949, 0.0 ], [ 115.68840496200005, -8.353830956999957, 0.0 ], [ 115.687900011000011, -8.353092964999973, 0.0 ], [ 115.687675986000045, -8.352332031999936, 0.0 ], [ 115.687405965000039, -8.351937028999942, 0.0 ], [ 115.68644000900008, -8.351112968999928, 0.0 ], [ 115.68574900200008, -8.350912039999969, 0.0 ], [ 115.684716025000057, -8.351032023999949, 0.0 ], [ 115.682712998000056, -8.349988967999934, 0.0 ], [ 115.682280970000079, -8.349344968999958, 0.0 ], [ 115.681654021000099, -8.347415017999936, 0.0 ], [ 115.681393011000068, -8.347104033999926, 0.0 ], [ 115.680935008, -8.346749991999957, 0.0 ], [ 115.680082969000068, -8.346458014999939, 0.0 ], [ 115.675760965000109, -8.344305976999976, 0.0 ], [ 115.674175026000057, -8.344574985999941, 0.0 ], [ 115.670937026000047, -8.343277033999925, 0.0 ], [ 115.669745019000061, -8.342983987999958, 0.0 ], [ 115.669132985000033, -8.342662959999927, 0.0 ], [ 115.667770964000056, -8.341769001999978, 0.0 ], [ 115.667294023000068, -8.341309009999975, 0.0 ], [ 115.665172992000066, -8.338820970999961, 0.0 ], [ 115.664136031000112, -8.337720963999971, 0.0 ], [ 115.663925020000079, -8.337353993999955, 0.0 ], [ 115.663777029000016, -8.337279990999946, 0.0 ], [ 115.662462001000108, -8.337372027999947, 0.0 ], [ 115.661918974000059, -8.337899015999938, 0.0 ], [ 115.661262970000053, -8.338314956999966, 0.0 ], [ 115.660430950000091, -8.338486587999967, 0.0 ], [ 115.659517311000059, -8.338204461999965, 0.0 ], [ 115.659307918000081, -8.337990309999952, 0.0 ], [ 115.659027142000014, -8.337443033999932, 0.0 ], [ 115.659036660000083, -8.33684816899995, 0.0 ], [ 115.658213366000041, -8.335767893999957, 0.0 ], [ 115.65755187600007, -8.335215858999959, 0.0 ], [ 115.656933216000084, -8.334968394999976, 0.0 ], [ 115.654449480000039, -8.33448862399996, 0.0 ], [ 115.654050005000045, -8.334483042999977, 0.0 ], [ 115.652530998000088, -8.334720009999955, 0.0 ], [ 115.649162005000107, -8.33488295799998, 0.0 ], [ 115.646180997000101, -8.33432400099997, 0.0 ], [ 115.643703982000034, -8.334035990999951, 0.0 ], [ 115.641650033000019, -8.333363991999931, 0.0 ], [ 115.638500008000051, -8.33052205499996, 0.0 ], [ 115.637679093000088, -8.329522680999958, 0.0 ], [ 115.636596439000073, -8.328689869999948, 0.0 ], [ 115.634520359000021, -8.326613789999953, 0.0 ], [ 115.633360372000084, -8.325876156999925, 0.0 ], [ 115.632628688000068, -8.325537083999961, 0.0 ], [ 115.630784605000031, -8.325073088999943, 0.0 ], [ 115.630100510000034, -8.324775655999929, 0.0 ], [ 115.628925001000084, -8.323674043999972, 0.0 ], [ 115.627966014000094, -8.322239983999964, 0.0 ], [ 115.627869995000083, -8.321369991999973, 0.0 ], [ 115.627594002000023, -8.32101499099997, 0.0 ], [ 115.627548, -8.32076701699998, 0.0 ], [ 115.627706029000024, -8.319781000999967, 0.0 ], [ 115.627455965000081, -8.319204040999978, 0.0 ], [ 115.626708034000103, -8.318803017999926, 0.0 ], [ 115.626166983000076, -8.318330017999926, 0.0 ], [ 115.626105032000055, -8.317610044999981, 0.0 ], [ 115.625731030000111, -8.317151997999929, 0.0 ], [ 115.62564300400004, -8.31671799399993, 0.0 ], [ 115.625674029000038, -8.316172020999943, 0.0 ], [ 115.625586973000054, -8.315932041999929, 0.0 ], [ 115.62507903300002, -8.315196964999927, 0.0 ], [ 115.624397028000089, -8.314657024999974, 0.0 ], [ 115.623231031000046, -8.312806987999977, 0.0 ], [ 115.622793985000044, -8.311859961999971, 0.0 ], [ 115.622501997000086, -8.310899965999965, 0.0 ], [ 115.622125014000062, -8.310441002999937, 0.0 ], [ 115.622019979000015, -8.309991027999956, 0.0 ], [ 115.621641008000097, -8.309629971999925, 0.0 ], [ 115.621741013000019, -8.309419028999969, 0.0 ], [ 115.621414970000046, -8.309143955999957, 0.0 ], [ 115.621620030000031, -8.308884012999954, 0.0 ], [ 115.621621020000021, -8.308771996999951, 0.0 ], [ 115.6215769800001, -8.308692011999938, 0.0 ], [ 115.62130597700002, -8.308670007999979, 0.0 ], [ 115.621212970000101, -8.30859202299996, 0.0 ], [ 115.621220991000087, -8.308203014999947, 0.0 ], [ 115.620862995000039, -8.308245984999928, 0.0 ], [ 115.620722975000035, -8.308124982999971, 0.0 ], [ 115.620251980000035, -8.307383972999958, 0.0 ], [ 115.619838968000067, -8.306524997999929, 0.0 ], [ 115.619759037000108, -8.306176007999966, 0.0 ], [ 115.619948967000028, -8.305918001999942, 0.0 ], [ 115.619636983000078, -8.305734019999932, 0.0 ], [ 115.619329023000091, -8.304913019999958, 0.0 ], [ 115.619462036000073, -8.304404017999957, 0.0 ], [ 115.619210032000069, -8.30415198399993, 0.0 ], [ 115.619103037000059, -8.303856965999955, 0.0 ], [ 115.619068992000052, -8.303595018999943, 0.0 ], [ 115.61917603400002, -8.303190983999968, 0.0 ], [ 115.618930033000083, -8.302828037999973, 0.0 ], [ 115.618663975000118, -8.302013962999979, 0.0 ], [ 115.61891997400005, -8.301508009999964, 0.0 ], [ 115.61849703200005, -8.30081499399995, 0.0 ], [ 115.618451977000063, -8.300319026999944, 0.0 ], [ 115.618312968000055, -8.300187991999962, 0.0 ], [ 115.618009992000111, -8.300126998999929, 0.0 ], [ 115.61762800200006, -8.299754990999929, 0.0 ], [ 115.617527988, -8.299241022999979, 0.0 ], [ 115.616887012, -8.299459037999952, 0.0 ], [ 115.616468995000105, -8.299434983999959, 0.0 ], [ 115.615926979000051, -8.298949044999972, 0.0 ], [ 115.61479496600009, -8.297698984999954, 0.0 ], [ 115.612714004000054, -8.296049986999947, 0.0 ], [ 115.611739982000017, -8.295392025999945, 0.0 ], [ 115.609691966000014, -8.293088017999935, 0.0 ], [ 115.60901698400005, -8.29282401699993, 0.0 ], [ 115.608657968000102, -8.292544029999931, 0.0 ], [ 115.606708017000074, -8.290227967999954, 0.0 ], [ 115.605542986000046, -8.288591001999976, 0.0 ], [ 115.604914033000114, -8.287377037999931, 0.0 ], [ 115.605025017000116, -8.286876011999937, 0.0 ], [ 115.604837988000099, -8.285992956999962, 0.0 ], [ 115.604198996000036, -8.285802036999939, 0.0 ], [ 115.603926034000096, -8.285449024999934, 0.0 ], [ 115.604050972000095, -8.284982042999957, 0.0 ], [ 115.604342004000046, -8.284455970999943, 0.0 ], [ 115.604221027000108, -8.284393977999969, 0.0 ], [ 115.602693035000016, -8.284518007999964, 0.0 ], [ 115.602412016000017, -8.284349042999963, 0.0 ], [ 115.60207798700003, -8.283079964999956, 0.0 ], [ 115.601143, -8.282554029999972, 0.0 ], [ 115.600890037000113, -8.28185997099996, 0.0 ], [ 115.60049399400009, -8.281534011999952, 0.0 ], [ 115.599994006000088, -8.280796955999961, 0.0 ], [ 115.599601968000115, -8.280460973999936, 0.0 ], [ 115.599054006000074, -8.280315028999951, 0.0 ], [ 115.598519022, -8.279378042999952, 0.0 ], [ 115.597309999000117, -8.278873018999946, 0.0 ], [ 115.597014009000077, -8.27864197699995, 0.0 ], [ 115.59614302500006, -8.279114019999952, 0.0 ], [ 115.595927003000043, -8.27911000499995, 0.0 ], [ 115.595440992000022, -8.278888962999929, 0.0 ], [ 115.594813972000111, -8.278050015999952, 0.0 ], [ 115.593895972000041, -8.277088985999967, 0.0 ], [ 115.592526020000037, -8.275235013999975, 0.0 ], [ 115.590481022000063, -8.270308984999929, 0.0 ], [ 115.589966997000033, -8.268664973999932, 0.0 ], [ 115.589699022000104, -8.268094991999931, 0.0 ], [ 115.588420969000026, -8.266028965999965, 0.0 ], [ 115.587424014000021, -8.264591009999947, 0.0 ], [ 115.586942984000075, -8.26371297299994, 0.0 ], [ 115.584996025, -8.261490971999933, 0.0 ], [ 115.583907983000017, -8.259826033999957, 0.0 ], [ 115.582315011000105, -8.257610972999942, 0.0 ], [ 115.58047801400005, -8.254731982999942, 0.0 ], [ 115.579786983000076, -8.253977961999965, 0.0 ], [ 115.579166014000066, -8.253580038999928, 0.0 ], [ 115.5779410130001, -8.252402994999954, 0.0 ], [ 115.576706967000064, -8.251434037999957, 0.0 ], [ 115.575447030000078, -8.250004984999975, 0.0 ], [ 115.573197999000058, -8.248291961999939, 0.0 ], [ 115.572564019000083, -8.247602957999959, 0.0 ], [ 115.570896004000019, -8.245472043999939, 0.0 ], [ 115.570334978, -8.245041957999945, 0.0 ], [ 115.568906963000018, -8.243657044999964, 0.0 ], [ 115.567686016000039, -8.242056970999954, 0.0 ], [ 115.567213015000107, -8.241691024999966, 0.0 ], [ 115.566719025000111, -8.241438013999925, 0.0 ], [ 115.56493097200007, -8.23971195799993, 0.0 ], [ 115.564044007, -8.238510959999928, 0.0 ], [ 115.563615966000043, -8.237386009999966, 0.0 ], [ 115.562831970000047, -8.23606902399996, 0.0 ], [ 115.562640967000107, -8.235880018999978, 0.0 ], [ 115.562120991000029, -8.235778977999928, 0.0 ], [ 115.560508966000043, -8.233446988999958, 0.0 ], [ 115.560065997000038, -8.233412039999962, 0.0 ], [ 115.559395970000082, -8.232706981999968, 0.0 ], [ 115.558957020000094, -8.232450996999944, 0.0 ], [ 115.558118018000073, -8.231531966999967, 0.0 ], [ 115.55748897400008, -8.231023962999927, 0.0 ], [ 115.555980985000019, -8.230378000999963, 0.0 ], [ 115.554089003000058, -8.229721972999926, 0.0 ], [ 115.553709035000111, -8.229364034999946, 0.0 ], [ 115.552204011000072, -8.228523963999976, 0.0 ], [ 115.548177019000036, -8.22646403899995, 0.0 ], [ 115.547346024000035, -8.225823025999944, 0.0 ], [ 115.544261995000056, -8.22394503299995, 0.0 ], [ 115.543198023000059, -8.223405963999937, 0.0 ], [ 115.541131018000101, -8.22281795899994, 0.0 ], [ 115.539524028000073, -8.222042030999944, 0.0 ], [ 115.535617012000102, -8.218716006999955, 0.0 ], [ 115.534076033000019, -8.217826026999944, 0.0 ], [ 115.533111980000058, -8.217438008999977, 0.0 ], [ 115.53078701700008, -8.216959043999964, 0.0 ], [ 115.528854030000048, -8.216171040999939, 0.0 ], [ 115.527102003000095, -8.215733025999953, 0.0 ], [ 115.525577025000075, -8.215038989999925, 0.0 ], [ 115.521654998000031, -8.212121988999968, 0.0 ], [ 115.519839019000074, -8.21099499099995, 0.0 ], [ 115.518356990000029, -8.209767959999965, 0.0 ], [ 115.517956034, -8.209513977999961, 0.0 ], [ 115.516587475000051, -8.208945721999953, 0.0 ], [ 115.515155039000092, -8.207865445999971, 0.0 ], [ 115.514426924000077, -8.207608463999975, 0.0 ], [ 115.512617728, -8.206743771999982, 0.0 ], [ 115.512814529000025, -8.206460405999962, 0.0 ], [ 115.513160741000092, -8.206206993999956, 0.0 ], [ 115.512992989000054, -8.206082071999958, 0.0 ], [ 115.512839514, -8.206003549999934, 0.0 ], [ 115.512404072000095, -8.20643542199997, 0.0 ], [ 115.511786602000029, -8.20628551599998, 0.0 ], [ 115.511287450000054, -8.206257906999952, 0.0 ], [ 115.510212422000109, -8.205917503999956, 0.0 ], [ 115.507861515000059, -8.204579294999974, 0.0 ], [ 115.50686693900002, -8.203326187999949, 0.0 ], [ 115.506278968000061, -8.202252355999974, 0.0 ], [ 115.505815100000063, -8.201195674999951, 0.0 ], [ 115.504707801000109, -8.199235905999956, 0.0 ], [ 115.503384966000112, -8.197128011999951, 0.0 ], [ 115.501640533000113, -8.19458599099994, 0.0 ], [ 115.500822855000024, -8.193745695999951, 0.0 ], [ 115.500280090000047, -8.193494512999962, 0.0 ], [ 115.498576644000082, -8.192338244999974, 0.0 ], [ 115.497868754000024, -8.191978946999939, 0.0 ], [ 115.496974077000118, -8.191683892999947, 0.0 ], [ 115.494845290000058, -8.191341997999928, 0.0 ], [ 115.492923203000032, -8.19080822199993, 0.0 ], [ 115.492216503, -8.190408472999934, 0.0 ], [ 115.491224426000031, -8.190077330999941, 0.0 ], [ 115.4903832870001, -8.189587161999953, 0.0 ], [ 115.490016850000075, -8.189225483999962, 0.0 ], [ 115.489090997000062, -8.188539193999929, 0.0 ], [ 115.488604640000062, -8.18789417499994, 0.0 ], [ 115.488198162000117, -8.187148579999928, 0.0 ], [ 115.48504243800005, -8.182901589999972, 0.0 ], [ 115.484479218000047, -8.182283985999959, 0.0 ], [ 115.48371945800011, -8.181795616999977, 0.0 ], [ 115.481971809000015, -8.181329196999968, 0.0 ], [ 115.479629363000072, -8.180879046999962, 0.0 ], [ 115.477354714000057, -8.180845839999961, 0.0 ], [ 115.47514146900005, -8.180338289999952, 0.0 ], [ 115.474568434000048, -8.180284657999948, 0.0 ], [ 115.473455314000034, -8.179982886999937, 0.0 ], [ 115.472813912000106, -8.179947251999977, 0.0 ], [ 115.472320888000013, -8.180061465999927, 0.0 ], [ 115.471110377000059, -8.179671893999966, 0.0 ], [ 115.47052111000005, -8.179207217999931, 0.0 ], [ 115.469112469000038, -8.177888995999979, 0.0 ], [ 115.468884041000024, -8.177536835999945, 0.0 ], [ 115.468189238000036, -8.176970524999945, 0.0 ], [ 115.465605143000062, -8.175442910999948, 0.0 ], [ 115.465134010000043, -8.175081231999968, 0.0 ], [ 115.461631443000101, -8.171334770999977, 0.0 ], [ 115.46124954000004, -8.17103852799994, 0.0 ], [ 115.460345613000072, -8.170700709999949, 0.0 ], [ 115.459749558000112, -8.170607910999934, 0.0 ], [ 115.459278425000093, -8.170329513999945, 0.0 ], [ 115.458368281000048, -8.169315862999952, 0.0 ] ] ], [ [ [ 115.584642993000102, -8.533527964999962, 0.0 ], [ 115.58549296700005, -8.533359018999931, 0.0 ], [ 115.585779012000103, -8.533180963999939, 0.0 ], [ 115.585979983000016, -8.532794025999976, 0.0 ], [ 115.585994, -8.532546990999947, 0.0 ], [ 115.585972983000033, -8.531887024999946, 0.0 ], [ 115.585676, -8.531373960999929, 0.0 ], [ 115.584735035000108, -8.531009980999954, 0.0 ], [ 115.584455020000064, -8.53121897699998, 0.0 ], [ 115.584430967000117, -8.532156964999956, 0.0 ], [ 115.584210029000019, -8.533225957999946, 0.0 ], [ 115.584344013000077, -8.533496043999946, 0.0 ], [ 115.584642993000102, -8.533527964999962, 0.0 ] ] ], [ [ [ 115.575238967000018, -8.527620003999971, 0.0 ], [ 115.575279006000073, -8.527325963999942, 0.0 ], [ 115.575049002000014, -8.527318970999943, 0.0 ], [ 115.574958009000056, -8.527597997999976, 0.0 ], [ 115.575154995000048, -8.527681985999948, 0.0 ], [ 115.575238967000018, -8.527620003999971, 0.0 ] ] ], [ [ [ 115.575805019000086, -8.526344979999976, 0.0 ], [ 115.575881984000034, -8.52621299599997, 0.0 ], [ 115.575822035000101, -8.526119022999978, 0.0 ], [ 115.575588984000092, -8.526146012999959, 0.0 ], [ 115.575663018000114, -8.526380983999957, 0.0 ], [ 115.575805019000086, -8.526344979999976, 0.0 ] ] ], [ [ [ 115.576780013000075, -8.525744992999932, 0.0 ], [ 115.576951029000043, -8.525498987999981, 0.0 ], [ 115.576920008000116, -8.52542103299993, 0.0 ], [ 115.576721010000028, -8.525375008999958, 0.0 ], [ 115.576527987000077, -8.525455034999936, 0.0 ], [ 115.576560983000036, -8.525647001999971, 0.0 ], [ 115.576780013000075, -8.525744992999932, 0.0 ] ] ], [ [ [ 115.577206533000094, -8.525418963999925, 0.0 ], [ 115.577272206000089, -8.52535043499995, 0.0 ], [ 115.577204629000107, -8.525319025999977, 0.0 ], [ 115.577206533000094, -8.525418963999925, 0.0 ] ] ], [ [ [ 115.614638969000112, -8.508075026999961, 0.0 ], [ 115.614421004000064, -8.50815896499995, 0.0 ], [ 115.614261016000114, -8.508345993999967, 0.0 ], [ 115.614052966000031, -8.508818002999931, 0.0 ], [ 115.613820035000117, -8.509106030999931, 0.0 ], [ 115.613883969000085, -8.509344035999959, 0.0 ], [ 115.614261019000082, -8.509865956999931, 0.0 ], [ 115.614407016000087, -8.509757985999954, 0.0 ], [ 115.614783973000044, -8.50863897499994, 0.0 ], [ 115.615037964000066, -8.508514029999958, 0.0 ], [ 115.615510999000094, -8.508650966999937, 0.0 ], [ 115.61539997400007, -8.50821895699994, 0.0 ], [ 115.614638969000112, -8.508075026999961, 0.0 ] ] ], [ [ [ 115.711828524000111, -8.400720768999975, 0.0 ], [ 115.712247999000056, -8.40065496099993, 0.0 ], [ 115.712436010000033, -8.400547982999967, 0.0 ], [ 115.712411021000094, -8.40033696699993, 0.0 ], [ 115.712246980000032, -8.400033003999965, 0.0 ], [ 115.711818989000108, -8.399657021999928, 0.0 ], [ 115.711369017000038, -8.399702021999929, 0.0 ], [ 115.711051966000014, -8.399973037999928, 0.0 ], [ 115.710952035000105, -8.400347021999949, 0.0 ], [ 115.711258025, -8.400636983999959, 0.0 ], [ 115.711828524000111, -8.400720768999975, 0.0 ] ] ] ] } },
{ "type": "Feature", "properties": { "OBJECTID": 907, "NAMOBJ": "Klungkung", "FCODE": "BA03050040", "REMARK": " ", "METADATA": "TASWIL5000020230907KABKOTA", "SRS_ID": "4326", "KDBBPS": " ", "KDCBPS": " ", "KDCPUM": " ", "KDEBPS": " ", "KDEPUM": null, "KDPBPS": " ", "KDPKAB": "51.05", "KDPPUM": "51", "LUASWH": 313.9600794, "TIPADM": 4, "WADMKC": " ", "WADMKD": " ", "WADMKK": "Klungkung", "WADMPR": "Bali", "WIADKC": " ", "WIADKK": " ", "WIADPR": " ", "WIADKD": 0, "SHAPE_Length": 1.5290391798334637, "SHAPE_Area": 0.025793216999435549 }, "geometry": { "type": "MultiPolygon", "coordinates": [ [ [ [ 115.563235973000019, -8.672164955999961, 0.0 ], [ 115.562004981000086, -8.671872013999973, 0.0 ], [ 115.560089969000046, -8.671590954999942, 0.0 ], [ 115.556495031000054, -8.672104992999948, 0.0 ], [ 115.555167022000091, -8.672181968999951, 0.0 ], [ 115.552890992000016, -8.672020018999945, 0.0 ], [ 115.551442990000055, -8.672084954999946, 0.0 ], [ 115.550507972000105, -8.672285995999971, 0.0 ], [ 115.546876007000037, -8.674244036999937, 0.0 ], [ 115.545482977, -8.674703960999977, 0.0 ], [ 115.537551983000071, -8.676192019999974, 0.0 ], [ 115.534373967000079, -8.676559982999947, 0.0 ], [ 115.533986016000085, -8.676548005999962, 0.0 ], [ 115.53017700700002, -8.677240956999981, 0.0 ], [ 115.52947503300004, -8.677301988999943, 0.0 ], [ 115.52244999900006, -8.677079032999927, 0.0 ], [ 115.518916977000117, -8.677174002999948, 0.0 ], [ 115.518498035000107, -8.677040022999961, 0.0 ], [ 115.517928012000084, -8.677045041999975, 0.0 ], [ 115.515908037000031, -8.676771038999959, 0.0 ], [ 115.514268994000076, -8.676198002999968, 0.0 ], [ 115.512921034000101, -8.675841981999952, 0.0 ], [ 115.509233996000034, -8.674260974999981, 0.0 ], [ 115.506894024000076, -8.673417032999964, 0.0 ], [ 115.50370802000009, -8.672689006999974, 0.0 ], [ 115.501708018000045, -8.672434991999978, 0.0 ], [ 115.500824984000019, -8.672222962999967, 0.0 ], [ 115.494377016000044, -8.672230043999946, 0.0 ], [ 115.493561035000084, -8.672323014999961, 0.0 ], [ 115.491616036000096, -8.673086028999933, 0.0 ], [ 115.490371011000093, -8.673702995999975, 0.0 ], [ 115.489937017000102, -8.674002956999971, 0.0 ], [ 115.489377033000096, -8.674835981999934, 0.0 ], [ 115.48903796400009, -8.675815611999951, 0.0 ], [ 115.488547097000037, -8.676839728999937, 0.0 ], [ 115.488385727000036, -8.677010009999947, 0.0 ], [ 115.487367318000111, -8.676624536999952, 0.0 ], [ 115.487324488000013, -8.676695920999975, 0.0 ], [ 115.488564994000058, -8.677182995999942, 0.0 ], [ 115.488642709000032, -8.677633427999979, 0.0 ], [ 115.488528495000082, -8.678204498999946, 0.0 ], [ 115.488295308000033, -8.67857569499995, 0.0 ], [ 115.487985978000097, -8.679381855999964, 0.0 ], [ 115.487557655000046, -8.681019360999926, 0.0 ], [ 115.487348719000011, -8.681306488999951, 0.0 ], [ 115.48705799600009, -8.682325968999976, 0.0 ], [ 115.486459015000037, -8.683815975999948, 0.0 ], [ 115.485767022000118, -8.683366995999961, 0.0 ], [ 115.484899969000026, -8.683352974999934, 0.0 ], [ 115.484055009000031, -8.683509992999973, 0.0 ], [ 115.481788012000038, -8.684314965999931, 0.0 ], [ 115.478733998000052, -8.686180018999949, 0.0 ], [ 115.478516975000048, -8.68644502899997, 0.0 ], [ 115.478494010000077, -8.686677002999943, 0.0 ], [ 115.478754023000079, -8.687011990999963, 0.0 ], [ 115.477991028000019, -8.687095008999961, 0.0 ], [ 115.476280963000022, -8.688515010999936, 0.0 ], [ 115.475328015000059, -8.689617011999928, 0.0 ], [ 115.474799979000068, -8.690077039999949, 0.0 ], [ 115.474501031000045, -8.690735967999956, 0.0 ], [ 115.473329966000051, -8.691943040999945, 0.0 ], [ 115.472868031000075, -8.693083974999979, 0.0 ], [ 115.472883988000035, -8.693824982999956, 0.0 ], [ 115.46936899800005, -8.698056014999963, 0.0 ], [ 115.468169985000031, -8.699731962999977, 0.0 ], [ 115.468320966000078, -8.699864015999935, 0.0 ], [ 115.468999028000098, -8.700127013999975, 0.0 ], [ 115.469495033000044, -8.70017900199997, 0.0 ], [ 115.469524969000076, -8.70063095699993, 0.0 ], [ 115.468991968000068, -8.701975002999973, 0.0 ], [ 115.467650964000086, -8.701543987999969, 0.0 ], [ 115.467163994000089, -8.701517979999949, 0.0 ], [ 115.466891997000062, -8.701735025999938, 0.0 ], [ 115.464948965000076, -8.703476033999948, 0.0 ], [ 115.463961987000062, -8.705333983999935, 0.0 ], [ 115.464553018000061, -8.706248985999935, 0.0 ], [ 115.465079033000052, -8.706643004999933, 0.0 ], [ 115.465037966000068, -8.706716969999945, 0.0 ], [ 115.464851973, -8.706827956999973, 0.0 ], [ 115.464468990000114, -8.706787989999953, 0.0 ], [ 115.462905028000023, -8.706305972999928, 0.0 ], [ 115.462671978000117, -8.706453019999969, 0.0 ], [ 115.461367998000014, -8.707340020999936, 0.0 ], [ 115.461439019000068, -8.707655993999936, 0.0 ], [ 115.46108601100002, -8.707890967999958, 0.0 ], [ 115.461039981000113, -8.708024034999937, 0.0 ], [ 115.461637995000046, -8.708916016999979, 0.0 ], [ 115.460284988000012, -8.70877900399995, 0.0 ], [ 115.459986970000045, -8.708870007999963, 0.0 ], [ 115.459049009000069, -8.709763994999946, 0.0 ], [ 115.457370964, -8.711793955999951, 0.0 ], [ 115.457197025000028, -8.712272020999933, 0.0 ], [ 115.457141023000077, -8.712881014999937, 0.0 ], [ 115.457261969000115, -8.713447967999969, 0.0 ], [ 115.457544035000069, -8.713721042999964, 0.0 ], [ 115.458568004000085, -8.714225032999934, 0.0 ], [ 115.458830972000101, -8.714751970999941, 0.0 ], [ 115.458983996000029, -8.71535503399997, 0.0 ], [ 115.459112986000036, -8.716574994999974, 0.0 ], [ 115.459012990000019, -8.716636966999943, 0.0 ], [ 115.45823999400011, -8.716640972999926, 0.0 ], [ 115.457453007000026, -8.716932037999982, 0.0 ], [ 115.456201002000057, -8.717558954999959, 0.0 ], [ 115.455777977000025, -8.717504982999969, 0.0 ], [ 115.455160025000055, -8.717198989999929, 0.0 ], [ 115.454879990000109, -8.717142975999934, 0.0 ], [ 115.454752031000112, -8.717243977999942, 0.0 ], [ 115.454795004000061, -8.717400005999934, 0.0 ], [ 115.456280009000011, -8.718976964999968, 0.0 ], [ 115.455972989000088, -8.719414981999932, 0.0 ], [ 115.455562964000023, -8.719296966999934, 0.0 ], [ 115.454833989, -8.71881803399998, 0.0 ], [ 115.453155970000012, -8.718020002999936, 0.0 ], [ 115.452863002000072, -8.717937990999928, 0.0 ], [ 115.452630026000065, -8.718027985999981, 0.0 ], [ 115.45255803200007, -8.718296005999946, 0.0 ], [ 115.453597022000054, -8.719831018999969, 0.0 ], [ 115.453586994000034, -8.720009973999936, 0.0 ], [ 115.453243029000078, -8.720283034999966, 0.0 ], [ 115.452912968000078, -8.720345965999968, 0.0 ], [ 115.452682013000071, -8.720236, 0.0 ], [ 115.452196021000077, -8.71980397599998, 0.0 ], [ 115.451617995000106, -8.719119987999932, 0.0 ], [ 115.451466994000043, -8.719102014999976, 0.0 ], [ 115.451003979, -8.719368982999981, 0.0 ], [ 115.450040997000087, -8.720213024999964, 0.0 ], [ 115.450406991000023, -8.720868035999956, 0.0 ], [ 115.450342022000086, -8.721031036999932, 0.0 ], [ 115.449227990000054, -8.720814043999951, 0.0 ], [ 115.449114007000048, -8.720978018999972, 0.0 ], [ 115.449050029000091, -8.721372995999957, 0.0 ], [ 115.449523976000023, -8.722271990999957, 0.0 ], [ 115.449410011000055, -8.722485958999926, 0.0 ], [ 115.449179016000016, -8.722439994999945, 0.0 ], [ 115.447906981000074, -8.721813011999927, 0.0 ], [ 115.447688996000011, -8.722119035999981, 0.0 ], [ 115.447577031000037, -8.723300040999959, 0.0 ], [ 115.447761012000115, -8.72362497499995, 0.0 ], [ 115.448534969000093, -8.724043987999949, 0.0 ], [ 115.448586974000023, -8.724208008999938, 0.0 ], [ 115.448373034000042, -8.724369043999957, 0.0 ], [ 115.44734699300011, -8.724418998999965, 0.0 ], [ 115.447193, -8.725577954999949, 0.0 ], [ 115.447494972000072, -8.726601003999974, 0.0 ], [ 115.448053984000012, -8.726863014999935, 0.0 ], [ 115.448266031000117, -8.727215002999969, 0.0 ], [ 115.448208967000028, -8.727676994999968, 0.0 ], [ 115.448357011000098, -8.727831012999957, 0.0 ], [ 115.448849980000091, -8.728007955999942, 0.0 ], [ 115.449666968000088, -8.728480029999957, 0.0 ], [ 115.45096498700002, -8.728155002999927, 0.0 ], [ 115.451140987000031, -8.728271977999952, 0.0 ], [ 115.4512549640001, -8.728546, 0.0 ], [ 115.451621018000083, -8.728933963999964, 0.0 ], [ 115.451728011000114, -8.729248004999931, 0.0 ], [ 115.451310979000027, -8.729991034999955, 0.0 ], [ 115.450621971000032, -8.730665965999947, 0.0 ], [ 115.450168968000071, -8.73070000499996, 0.0 ], [ 115.448961993000012, -8.730534968999962, 0.0 ], [ 115.448840032000021, -8.730651992999981, 0.0 ], [ 115.448528023000108, -8.731422025999962, 0.0 ], [ 115.448044994000043, -8.732012001999976, 0.0 ], [ 115.447849, -8.732144994999942, 0.0 ], [ 115.447121005000099, -8.73209699399996, 0.0 ], [ 115.44698401800008, -8.732222995999962, 0.0 ], [ 115.446733025000071, -8.732806958999959, 0.0 ], [ 115.44669396300003, -8.73322798099997, 0.0 ], [ 115.446794037000018, -8.733546966999938, 0.0 ], [ 115.447384004000014, -8.733973006999975, 0.0 ], [ 115.447737019000101, -8.734106980999968, 0.0 ], [ 115.448558970000022, -8.734070025999927, 0.0 ], [ 115.449673023000059, -8.733783035999977, 0.0 ], [ 115.450298020000105, -8.733712003999926, 0.0 ], [ 115.451563037000028, -8.734034031999954, 0.0 ], [ 115.452198966000083, -8.733693009999968, 0.0 ], [ 115.452652995000108, -8.733791955999948, 0.0 ], [ 115.452944025000079, -8.733965990999934, 0.0 ], [ 115.452585034000094, -8.735008037999933, 0.0 ], [ 115.452790973000106, -8.735570998999947, 0.0 ], [ 115.452524975000074, -8.736123986999928, 0.0 ], [ 115.45240100500007, -8.736618974999942, 0.0 ], [ 115.452529965000053, -8.736712976999968, 0.0 ], [ 115.453863977000083, -8.736317035999946, 0.0 ], [ 115.45504600400011, -8.736231000999965, 0.0 ], [ 115.45534098600001, -8.73633697899993, 0.0 ], [ 115.45539296600009, -8.736435005999965, 0.0 ], [ 115.45540097300011, -8.736711036999964, 0.0 ], [ 115.455131031000064, -8.736730005999959, 0.0 ], [ 115.455023032000099, -8.736823041999969, 0.0 ], [ 115.455490012000041, -8.737073007999982, 0.0 ], [ 115.454975036000064, -8.738287, 0.0 ], [ 115.454909986000075, -8.738742, 0.0 ], [ 115.455026999000097, -8.739007987999969, 0.0 ], [ 115.454657016000056, -8.739789000999963, 0.0 ], [ 115.453997016000017, -8.739894971999945, 0.0 ], [ 115.45284502700008, -8.741125975999978, 0.0 ], [ 115.452896975000044, -8.741250038999965, 0.0 ], [ 115.453107015000114, -8.741310019999958, 0.0 ], [ 115.454183035000028, -8.741128002999972, 0.0 ], [ 115.454355967000083, -8.741681969999945, 0.0 ], [ 115.455263974000104, -8.742317041999968, 0.0 ], [ 115.455006973000081, -8.742359024999928, 0.0 ], [ 115.454112985000052, -8.741940974999977, 0.0 ], [ 115.453865999000072, -8.742008038999927, 0.0 ], [ 115.453271010000094, -8.742412962999936, 0.0 ], [ 115.45340201700003, -8.742938009999932, 0.0 ], [ 115.453076011, -8.743447992999961, 0.0 ], [ 115.451952024000093, -8.74361100699997, 0.0 ], [ 115.451904977000027, -8.744242000999975, 0.0 ], [ 115.450887011000077, -8.744954003999965, 0.0 ], [ 115.451649986, -8.745430016999933, 0.0 ], [ 115.451667034000025, -8.745639005999976, 0.0 ], [ 115.451271969000118, -8.746610024999939, 0.0 ], [ 115.451345003000029, -8.746799986999974, 0.0 ], [ 115.451599028000032, -8.74693500199993, 0.0 ], [ 115.452159986000083, -8.746951036999974, 0.0 ], [ 115.451174036000111, -8.748001995999971, 0.0 ], [ 115.451251970000044, -8.748330021999948, 0.0 ], [ 115.452273990000094, -8.748652959999959, 0.0 ], [ 115.454080993000048, -8.74864398099993, 0.0 ], [ 115.45491000200002, -8.748211988999969, 0.0 ], [ 115.455161005000036, -8.748208040999941, 0.0 ], [ 115.45596303700006, -8.748848015999954, 0.0 ], [ 115.45619097000008, -8.748840989999962, 0.0 ], [ 115.458273975000111, -8.74783498499994, 0.0 ], [ 115.459197027000073, -8.747204027999942, 0.0 ], [ 115.459464021000031, -8.747265954999932, 0.0 ], [ 115.45977003500002, -8.747863041999949, 0.0 ], [ 115.460149983000065, -8.748085982999953, 0.0 ], [ 115.460838029000115, -8.747942961999968, 0.0 ], [ 115.461791037000012, -8.747554036999929, 0.0 ], [ 115.462421972000016, -8.747082981999938, 0.0 ], [ 115.462601014000029, -8.74711896599996, 0.0 ], [ 115.462898021000115, -8.747336956999959, 0.0 ], [ 115.464207021000107, -8.747585, 0.0 ], [ 115.464525973000036, -8.747404041999971, 0.0 ], [ 115.464889993000043, -8.747052043999929, 0.0 ], [ 115.465180013, -8.746378002999961, 0.0 ], [ 115.465398020000066, -8.746324011999945, 0.0 ], [ 115.466415996000023, -8.746392954999976, 0.0 ], [ 115.466789967000068, -8.746539023999958, 0.0 ], [ 115.467151970000032, -8.746825980999972, 0.0 ], [ 115.467502969000066, -8.747385004999956, 0.0 ], [ 115.467217967000011, -8.748023992999947, 0.0 ], [ 115.467278967000084, -8.748190037999962, 0.0 ], [ 115.467589025000052, -8.748442973999943, 0.0 ], [ 115.468970008000042, -8.749215990999971, 0.0 ], [ 115.472914997000089, -8.750632989999929, 0.0 ], [ 115.472967999000048, -8.75105204099998, 0.0 ], [ 115.472606965000068, -8.75236296199995, 0.0 ], [ 115.472416994000014, -8.752396005999969, 0.0 ], [ 115.47206200700009, -8.752223981999975, 0.0 ], [ 115.471984021000026, -8.752602002999936, 0.0 ], [ 115.471077982000111, -8.75271903099997, 0.0 ], [ 115.470897973000092, -8.752882022999927, 0.0 ], [ 115.470783014000062, -8.753375970999969, 0.0 ], [ 115.470766001000015, -8.753578042999948, 0.0 ], [ 115.470912036000072, -8.753677985999957, 0.0 ], [ 115.471310035000101, -8.753759961999947, 0.0 ], [ 115.472118973000079, -8.753765037999926, 0.0 ], [ 115.474208981000061, -8.752218, 0.0 ], [ 115.474576001000059, -8.75186500999996, 0.0 ], [ 115.47484599400002, -8.751818003999972, 0.0 ], [ 115.475373012000091, -8.751908993999962, 0.0 ], [ 115.476065015000017, -8.752636993999943, 0.0 ], [ 115.476264023000113, -8.753164030999926, 0.0 ], [ 115.476223992000087, -8.753405968999971, 0.0 ], [ 115.475691, -8.754469039999947, 0.0 ], [ 115.475859013000104, -8.754711996999959, 0.0 ], [ 115.476147018, -8.754899025999975, 0.0 ], [ 115.47730996700011, -8.754913019999947, 0.0 ], [ 115.479214993000028, -8.755250021999927, 0.0 ], [ 115.479728001000012, -8.755932005999966, 0.0 ], [ 115.480214025, -8.757131981999976, 0.0 ], [ 115.480232034000096, -8.757385001999978, 0.0 ], [ 115.480370007000033, -8.757551988999978, 0.0 ], [ 115.481193028, -8.757727964999958, 0.0 ], [ 115.481612981000012, -8.757997967999927, 0.0 ], [ 115.48112998900001, -8.758358002999955, 0.0 ], [ 115.481066006000106, -8.758519024999941, 0.0 ], [ 115.481868988000087, -8.758758020999949, 0.0 ], [ 115.481904972000052, -8.758921975999954, 0.0 ], [ 115.481436020000046, -8.759330975999944, 0.0 ], [ 115.481217969000113, -8.759671009999977, 0.0 ], [ 115.481804036000085, -8.76037697199996, 0.0 ], [ 115.482005990000062, -8.760938010999951, 0.0 ], [ 115.482595982000021, -8.760825024999974, 0.0 ], [ 115.483844969000074, -8.760216017999937, 0.0 ], [ 115.485260007000079, -8.760187968999958, 0.0 ], [ 115.485607972000025, -8.760320990999958, 0.0 ], [ 115.486123991000113, -8.760707994999962, 0.0 ], [ 115.486044966, -8.763086008999949, 0.0 ], [ 115.48615402900009, -8.766081960999941, 0.0 ], [ 115.486470029000088, -8.767207030999941, 0.0 ], [ 115.486190024000052, -8.767335998999954, 0.0 ], [ 115.485129981000114, -8.767550977999974, 0.0 ], [ 115.484945010000047, -8.767754004999972, 0.0 ], [ 115.484951023, -8.768582032999973, 0.0 ], [ 115.485085026000093, -8.768953042999954, 0.0 ], [ 115.485268969000117, -8.76896697899997, 0.0 ], [ 115.486452010000107, -8.768640031999951, 0.0 ], [ 115.487223019000112, -8.768655957999954, 0.0 ], [ 115.487588966000089, -8.768811018999941, 0.0 ], [ 115.488283022000019, -8.769341029999964, 0.0 ], [ 115.488688990000014, -8.77033103499997, 0.0 ], [ 115.488894973000015, -8.770102957999939, 0.0 ], [ 115.489001967000036, -8.769350957999961, 0.0 ], [ 115.489152972000056, -8.769207006999977, 0.0 ], [ 115.490164992000018, -8.769210963999967, 0.0 ], [ 115.491924029000074, -8.770255010999961, 0.0 ], [ 115.492723016000014, -8.770879995999962, 0.0 ], [ 115.493344995000029, -8.771500024999966, 0.0 ], [ 115.493391975, -8.771745025999962, 0.0 ], [ 115.493093970000018, -8.772118016999968, 0.0 ], [ 115.4932900230001, -8.772698014999946, 0.0 ], [ 115.493129984, -8.772944991999964, 0.0 ], [ 115.493230964000077, -8.773087960999931, 0.0 ], [ 115.493401984000116, -8.773128963999966, 0.0 ], [ 115.493560976000026, -8.773048957999947, 0.0 ], [ 115.494150969000088, -8.772029027999963, 0.0 ], [ 115.494214010000064, -8.771748033999927, 0.0 ], [ 115.494405036000103, -8.771530018999954, 0.0 ], [ 115.494837985000117, -8.77151999199998, 0.0 ], [ 115.495781014000045, -8.770715992999953, 0.0 ], [ 115.496112996000079, -8.770633962999966, 0.0 ], [ 115.496684029000107, -8.770822016999944, 0.0 ], [ 115.496948978000091, -8.770635030999927, 0.0 ], [ 115.497195992000115, -8.77099401299995, 0.0 ], [ 115.497407016000011, -8.771748006999928, 0.0 ], [ 115.497781026000098, -8.772490986999969, 0.0 ], [ 115.497686004000116, -8.772823022999944, 0.0 ], [ 115.497343987000022, -8.773237970999958, 0.0 ], [ 115.497758032000092, -8.773382004999974, 0.0 ], [ 115.498428025000067, -8.773396964999961, 0.0 ], [ 115.499061976, -8.772813036999935, 0.0 ], [ 115.499426989000085, -8.77338999899996, 0.0 ], [ 115.499661993000018, -8.773548958999982, 0.0 ], [ 115.500292993000016, -8.775212003999968, 0.0 ], [ 115.500761025000088, -8.775369990999934, 0.0 ], [ 115.501081974000044, -8.775722031999976, 0.0 ], [ 115.501812019000113, -8.77594000199997, 0.0 ], [ 115.502053020000062, -8.776305014999934, 0.0 ], [ 115.502448991000051, -8.776453040999968, 0.0 ], [ 115.50323297500006, -8.776490956999965, 0.0 ], [ 115.504381964000117, -8.776175029999933, 0.0 ], [ 115.505325024000058, -8.776149022999959, 0.0 ], [ 115.505993973000045, -8.775940035999952, 0.0 ], [ 115.506470026000102, -8.77607996699993, 0.0 ], [ 115.507077020000111, -8.776481954999952, 0.0 ], [ 115.50748201600004, -8.776472978999948, 0.0 ], [ 115.508581993, -8.776229981999961, 0.0 ], [ 115.510724012000082, -8.776382002999981, 0.0 ], [ 115.510865015000036, -8.776583979999941, 0.0 ], [ 115.51089597400005, -8.77731601499994, 0.0 ], [ 115.511130982000054, -8.77768298899997, 0.0 ], [ 115.511914982, -8.778151030999936, 0.0 ], [ 115.512025032000111, -8.778898023999943, 0.0 ], [ 115.51217602700001, -8.778906032999942, 0.0 ], [ 115.512353991000055, -8.778786044999947, 0.0 ], [ 115.512639024, -8.778374020999934, 0.0 ], [ 115.51279098200007, -8.778290995999953, 0.0 ], [ 115.513218991000031, -8.778489040999943, 0.0 ], [ 115.514038002, -8.779107016999944, 0.0 ], [ 115.51413199600006, -8.779312966999953, 0.0 ], [ 115.514337, -8.779461042999969, 0.0 ], [ 115.51487196800008, -8.780129971999941, 0.0 ], [ 115.51508302600007, -8.780697005999968, 0.0 ], [ 115.515227003000064, -8.780754978999937, 0.0 ], [ 115.515543983000043, -8.780394970999964, 0.0 ], [ 115.515876985000091, -8.780737014999943, 0.0 ], [ 115.517724036000118, -8.781585039999982, 0.0 ], [ 115.51838697200003, -8.782156017999966, 0.0 ], [ 115.518755972, -8.782946969999955, 0.0 ], [ 115.519959966000101, -8.783809003999977, 0.0 ], [ 115.52161499500005, -8.784642969999936, 0.0 ], [ 115.523504013000093, -8.787301037999953, 0.0 ], [ 115.523770012000114, -8.788250967999943, 0.0 ], [ 115.523646984000038, -8.788882956999942, 0.0 ], [ 115.523895025000115, -8.789294998999935, 0.0 ], [ 115.523669967000046, -8.789987973999928, 0.0 ], [ 115.523736034000081, -8.790244981999933, 0.0 ], [ 115.524000028000046, -8.79047103299996, 0.0 ], [ 115.523988034000013, -8.790584986999932, 0.0 ], [ 115.523360986000057, -8.791280001999951, 0.0 ], [ 115.523403027000086, -8.791603996999982, 0.0 ], [ 115.523573979000048, -8.791836011999976, 0.0 ], [ 115.525072992000105, -8.792633014999979, 0.0 ], [ 115.525474978000034, -8.792651042999978, 0.0 ], [ 115.525840987000038, -8.792555018999963, 0.0 ], [ 115.525978984000062, -8.792876043999968, 0.0 ], [ 115.526252998000018, -8.793051958999968, 0.0 ], [ 115.526888037000049, -8.79300896899997, 0.0 ], [ 115.527253011000084, -8.793175022999947, 0.0 ], [ 115.527676024000016, -8.794189029999927, 0.0 ], [ 115.528072, -8.794495964999953, 0.0 ], [ 115.528126993000114, -8.795393990999969, 0.0 ], [ 115.528504994000059, -8.796494971999948, 0.0 ], [ 115.528490975000068, -8.796932024999933, 0.0 ], [ 115.528800998000065, -8.797613984999941, 0.0 ], [ 115.528558020000105, -8.798954010999978, 0.0 ], [ 115.528556965, -8.799201986999947, 0.0 ], [ 115.528741037000032, -8.799415971999963, 0.0 ], [ 115.529417967000086, -8.79954898099993, 0.0 ], [ 115.530820977000076, -8.79940303099994, 0.0 ], [ 115.532944030000067, -8.798168964999945, 0.0 ], [ 115.534031994000088, -8.798003963999975, 0.0 ], [ 115.534958989000074, -8.797333963999961, 0.0 ], [ 115.536023037000064, -8.797513036999931, 0.0 ], [ 115.536448970000038, -8.797981996999965, 0.0 ], [ 115.536990977000073, -8.79811600499994, 0.0 ], [ 115.537664970000037, -8.798596956999972, 0.0 ], [ 115.538759004000099, -8.798452035999958, 0.0 ], [ 115.539167978000023, -8.798601977999965, 0.0 ], [ 115.539358021000112, -8.798805042999959, 0.0 ], [ 115.539422964000096, -8.799102998999956, 0.0 ], [ 115.539378994000117, -8.799496995999959, 0.0 ], [ 115.539250036000112, -8.799811014999932, 0.0 ], [ 115.538808035000102, -8.80015003699998, 0.0 ], [ 115.538782020000099, -8.80041898199994, 0.0 ], [ 115.538937976000057, -8.800713042999973, 0.0 ], [ 115.539217988000019, -8.800930017999974, 0.0 ], [ 115.53943300800006, -8.80093799399998, 0.0 ], [ 115.539613999000039, -8.800812038999936, 0.0 ], [ 115.540100987000073, -8.799609005999969, 0.0 ], [ 115.540528970000082, -8.799174007999966, 0.0 ], [ 115.540750968000111, -8.799141960999975, 0.0 ], [ 115.542021032000093, -8.799219025999946, 0.0 ], [ 115.542573, -8.799069010999972, 0.0 ], [ 115.543501004000063, -8.799423013999956, 0.0 ], [ 115.545728975000088, -8.799952995999945, 0.0 ], [ 115.54632201700008, -8.800091979999934, 0.0 ], [ 115.547072994000018, -8.800135018999981, 0.0 ], [ 115.547546976000035, -8.800608042999954, 0.0 ], [ 115.548974978000047, -8.801572030999978, 0.0 ], [ 115.550501009000072, -8.802040968999961, 0.0 ], [ 115.551245026000061, -8.802545043999942, 0.0 ], [ 115.55126300500001, -8.802856017999943, 0.0 ], [ 115.550724013000035, -8.804003992999981, 0.0 ], [ 115.551124998000091, -8.804669024999953, 0.0 ], [ 115.551334034000092, -8.804693967999981, 0.0 ], [ 115.55153301200005, -8.804549, 0.0 ], [ 115.552114983000024, -8.803701968999974, 0.0 ], [ 115.552504035000084, -8.803504030999932, 0.0 ], [ 115.553052026000046, -8.803452979999975, 0.0 ], [ 115.554244990000029, -8.80341200099997, 0.0 ], [ 115.554822993000016, -8.80362396299995, 0.0 ], [ 115.555084978000082, -8.803853966999952, 0.0 ], [ 115.555612980000092, -8.804839971999968, 0.0 ], [ 115.555940035000049, -8.805029994999927, 0.0 ], [ 115.556201014000067, -8.804997997999976, 0.0 ], [ 115.557008998000015, -8.804434975999925, 0.0 ], [ 115.558062997000093, -8.804142033999938, 0.0 ], [ 115.558639977000098, -8.804502975999981, 0.0 ], [ 115.559608008000055, -8.805331004999971, 0.0 ], [ 115.560997985000085, -8.806197984999926, 0.0 ], [ 115.561615995000011, -8.807619994999925, 0.0 ], [ 115.562075019000076, -8.807936996999956, 0.0 ], [ 115.562430977000076, -8.807942967999963, 0.0 ], [ 115.563801989000012, -8.807551955999941, 0.0 ], [ 115.56435999200005, -8.807550017999972, 0.0 ], [ 115.56489297600001, -8.807698961999961, 0.0 ], [ 115.565366029000074, -8.807936003999941, 0.0 ], [ 115.565890978000084, -8.808478001999958, 0.0 ], [ 115.566837987000099, -8.809147002999964, 0.0 ], [ 115.567313991000105, -8.809767014999977, 0.0 ], [ 115.567793017000099, -8.810497966999947, 0.0 ], [ 115.568215023000107, -8.811339990999954, 0.0 ], [ 115.56820403100005, -8.812442996999948, 0.0 ], [ 115.568341032000035, -8.812664019999943, 0.0 ], [ 115.568676013000072, -8.812941034999938, 0.0 ], [ 115.569131984000023, -8.81309998699993, 0.0 ], [ 115.569818, -8.813125018999926, 0.0 ], [ 115.571614968000063, -8.813471960999948, 0.0 ], [ 115.572445007000056, -8.813549970999929, 0.0 ], [ 115.572807993000083, -8.813445030999958, 0.0 ], [ 115.573920018000081, -8.812451977999956, 0.0 ], [ 115.574312984000017, -8.812308998999981, 0.0 ], [ 115.575137015000109, -8.812682970999958, 0.0 ], [ 115.575640974000066, -8.812722037999947, 0.0 ], [ 115.576916020000112, -8.812515043999952, 0.0 ], [ 115.577397, -8.812623996999946, 0.0 ], [ 115.579032009000116, -8.813455955999927, 0.0 ], [ 115.579432968000106, -8.813850017999926, 0.0 ], [ 115.580556991000094, -8.816425974999959, 0.0 ], [ 115.5814930250001, -8.816782005999926, 0.0 ], [ 115.582105018000107, -8.817192954999939, 0.0 ], [ 115.582356964000041, -8.817586, 0.0 ], [ 115.582476969000027, -8.818000968999968, 0.0 ], [ 115.582750021000038, -8.81822602699998, 0.0 ], [ 115.58309599800009, -8.818375960999958, 0.0 ], [ 115.584485007000012, -8.818641026999956, 0.0 ], [ 115.585117984000021, -8.818602004999946, 0.0 ], [ 115.585817012, -8.818679041999928, 0.0 ], [ 115.586264036000102, -8.818889021999951, 0.0 ], [ 115.586747997000089, -8.819321, 0.0 ], [ 115.58709202700004, -8.819490992999931, 0.0 ], [ 115.587720991000083, -8.819541997999977, 0.0 ], [ 115.58823802500001, -8.81945796399998, 0.0 ], [ 115.588815005000015, -8.819241979999958, 0.0 ], [ 115.590512973000045, -8.81827403799997, 0.0 ], [ 115.590590993000092, -8.817862977999937, 0.0 ], [ 115.59052396800007, -8.817549013999951, 0.0 ], [ 115.590255035000041, -8.817205, 0.0 ], [ 115.589551971000105, -8.816650968999966, 0.0 ], [ 115.589621985, -8.816572034999979, 0.0 ], [ 115.59141003000002, -8.816794001999938, 0.0 ], [ 115.592038000000116, -8.816711010999938, 0.0 ], [ 115.592600032000064, -8.816461965999963, 0.0 ], [ 115.594158005000054, -8.814943982999978, 0.0 ], [ 115.594450024000025, -8.815090992999956, 0.0 ], [ 115.594551975000059, -8.815011001999949, 0.0 ], [ 115.594513002000099, -8.814771005999944, 0.0 ], [ 115.593133013000056, -8.81265700299997, 0.0 ], [ 115.593267984000022, -8.812666005999972, 0.0 ], [ 115.593567033000113, -8.813034992999974, 0.0 ], [ 115.593833994000079, -8.812830043999952, 0.0 ], [ 115.594734987000038, -8.812662000999978, 0.0 ], [ 115.59602798700007, -8.811531044999981, 0.0 ], [ 115.5963889840001, -8.811375987999952, 0.0 ], [ 115.596779030000107, -8.811428975999945, 0.0 ], [ 115.596892984000078, -8.811047972999972, 0.0 ], [ 115.597449984000036, -8.810519991999968, 0.0 ], [ 115.597868967000068, -8.809577971999943, 0.0 ], [ 115.598916030000055, -8.808340037999926, 0.0 ], [ 115.599374023000109, -8.808065006999925, 0.0 ], [ 115.599934032000078, -8.807870997999942, 0.0 ], [ 115.60150502700003, -8.807877023999936, 0.0 ], [ 115.601628026000071, -8.808198969999978, 0.0 ], [ 115.601836031000062, -8.80844104199997, 0.0 ], [ 115.602153004000115, -8.808590035999941, 0.0 ], [ 115.602334971, -8.808559973999934, 0.0 ], [ 115.602877982000109, -8.807822004999935, 0.0 ], [ 115.603397968000081, -8.807526042999939, 0.0 ], [ 115.603740972000082, -8.80743003799995, 0.0 ], [ 115.604089990000034, -8.807489013999941, 0.0 ], [ 115.604522024000062, -8.80769900699994, 0.0 ], [ 115.60483802300007, -8.80772802499996, 0.0 ], [ 115.605908022000108, -8.807304001999967, 0.0 ], [ 115.606978009000045, -8.807924004999961, 0.0 ], [ 115.607242035000013, -8.808020000999932, 0.0 ], [ 115.607396993000066, -8.807936043999973, 0.0 ], [ 115.607369009000081, -8.807601973999965, 0.0 ], [ 115.607136033000074, -8.807161005999944, 0.0 ], [ 115.60593196800005, -8.805594027999973, 0.0 ], [ 115.605903966000028, -8.80532496099994, 0.0 ], [ 115.605574980000029, -8.804560971999933, 0.0 ], [ 115.60579602700011, -8.803983000999949, 0.0 ], [ 115.606671033000111, -8.803541977999942, 0.0 ], [ 115.607105998000065, -8.803127983999957, 0.0 ], [ 115.607180033000077, -8.802833979999946, 0.0 ], [ 115.60616402900007, -8.80135295499997, 0.0 ], [ 115.605806968000024, -8.800460030999943, 0.0 ], [ 115.605344980000041, -8.799963969999965, 0.0 ], [ 115.605379984000024, -8.799443983999936, 0.0 ], [ 115.604688971000087, -8.79859502599993, 0.0 ], [ 115.604693966000013, -8.798281962999965, 0.0 ], [ 115.604940997000085, -8.797429970999929, 0.0 ], [ 115.605927012000052, -8.794982034999975, 0.0 ], [ 115.60618300200008, -8.794779021999943, 0.0 ], [ 115.60708597100006, -8.795153034999942, 0.0 ], [ 115.607294976000048, -8.795106976999932, 0.0 ], [ 115.606435005000094, -8.792574997999964, 0.0 ], [ 115.60650398100006, -8.791849006999939, 0.0 ], [ 115.606429018000085, -8.791570002999947, 0.0 ], [ 115.606026994000104, -8.791317000999982, 0.0 ], [ 115.605994975000044, -8.791219964999925, 0.0 ], [ 115.606561018000093, -8.79096801299994, 0.0 ], [ 115.606856005000054, -8.790719035999928, 0.0 ], [ 115.607392969000102, -8.789442019999967, 0.0 ], [ 115.607705992000092, -8.789160018999951, 0.0 ], [ 115.608883031, -8.789382971999942, 0.0 ], [ 115.609343033000073, -8.789385031999927, 0.0 ], [ 115.60877098200001, -8.78855595899995, 0.0 ], [ 115.608738997000046, -8.788288956999963, 0.0 ], [ 115.608865981, -8.788105987999927, 0.0 ], [ 115.60983198100007, -8.787775041999964, 0.0 ], [ 115.609674988000052, -8.786858991999964, 0.0 ], [ 115.610090035000098, -8.786090969999975, 0.0 ], [ 115.610296014000028, -8.785105015999932, 0.0 ], [ 115.61016599300001, -8.784675007999965, 0.0 ], [ 115.610183029000041, -8.784468036999954, 0.0 ], [ 115.610548005000055, -8.784000977999938, 0.0 ], [ 115.610896966000041, -8.783748035999963, 0.0 ], [ 115.611347034, -8.783597988999929, 0.0 ], [ 115.61201497400009, -8.78355497299998, 0.0 ], [ 115.612925989000018, -8.783776027999977, 0.0 ], [ 115.613217009000095, -8.783663996999962, 0.0 ], [ 115.613795992000064, -8.782931016999953, 0.0 ], [ 115.615602028000012, -8.782068014999936, 0.0 ], [ 115.615930966000064, -8.781310967999957, 0.0 ], [ 115.616070964000073, -8.780102994999936, 0.0 ], [ 115.615956028000028, -8.778715981999937, 0.0 ], [ 115.616044037000052, -8.778368955999952, 0.0 ], [ 115.617087993000041, -8.77932396999995, 0.0 ], [ 115.617241006000086, -8.77931603199994, 0.0 ], [ 115.617383034000113, -8.779055995999954, 0.0 ], [ 115.617373999000051, -8.778500041999962, 0.0 ], [ 115.617260030000011, -8.778065031999972, 0.0 ], [ 115.617412002000037, -8.777750967999964, 0.0 ], [ 115.617770007000104, -8.777481957999953, 0.0 ], [ 115.618126032000077, -8.777363018999949, 0.0 ], [ 115.618345980000072, -8.777456040999937, 0.0 ], [ 115.618465018000052, -8.777656007999951, 0.0 ], [ 115.618107035000094, -8.778080972999931, 0.0 ], [ 115.618101981000109, -8.778190980999966, 0.0 ], [ 115.618512034000105, -8.778379988999973, 0.0 ], [ 115.619004031000031, -8.778381970999931, 0.0 ], [ 115.618994999000051, -8.778007014999957, 0.0 ], [ 115.61888797600011, -8.777740008999956, 0.0 ], [ 115.618687001000012, -8.777523015999975, 0.0 ], [ 115.618629006000106, -8.776484011999969, 0.0 ], [ 115.618748034000077, -8.776099036999938, 0.0 ], [ 115.619498028000066, -8.775510961999942, 0.0 ], [ 115.620602027000018, -8.77504496499995, 0.0 ], [ 115.620857036000075, -8.775162975999933, 0.0 ], [ 115.621275022000077, -8.776025009999955, 0.0 ], [ 115.621395970000094, -8.776113961999954, 0.0 ], [ 115.621700024, -8.775737978999928, 0.0 ], [ 115.622056011000041, -8.774816026999929, 0.0 ], [ 115.622162034000098, -8.774256966999928, 0.0 ], [ 115.621564001000024, -8.773741985999948, 0.0 ], [ 115.621740013000021, -8.773493010999971, 0.0 ], [ 115.622095017000106, -8.773242971999935, 0.0 ], [ 115.6224890310001, -8.773105993999934, 0.0 ], [ 115.623837037000044, -8.773402024999939, 0.0 ], [ 115.627598026000101, -8.772969006999972, 0.0 ], [ 115.628251990000081, -8.772788034999962, 0.0 ], [ 115.628497997000068, -8.772643008999978, 0.0 ], [ 115.628139974000078, -8.772327989999951, 0.0 ], [ 115.62651298000003, -8.771626017999949, 0.0 ], [ 115.626378980000027, -8.771294996999927, 0.0 ], [ 115.626606969000022, -8.770913035999968, 0.0 ], [ 115.626847011000109, -8.770738967999932, 0.0 ], [ 115.62812102800001, -8.77060798499997, 0.0 ], [ 115.628356986000085, -8.770504962999951, 0.0 ], [ 115.628531984, -8.770223974999965, 0.0 ], [ 115.628583033000041, -8.769957002999945, 0.0 ], [ 115.62841198700005, -8.769549, 0.0 ], [ 115.627395992000061, -8.768589959999929, 0.0 ], [ 115.627396025000053, -8.768479028999934, 0.0 ], [ 115.628169993000029, -8.768254009999964, 0.0 ], [ 115.627349022000089, -8.765398, 0.0 ], [ 115.62652502200001, -8.763920981999945, 0.0 ], [ 115.62501502300006, -8.761986984999965, 0.0 ], [ 115.623753239000052, -8.760828981999964, 0.0 ], [ 115.623387017000027, -8.760208960999933, 0.0 ], [ 115.623196026000073, -8.75966301099993, 0.0 ], [ 115.623217009000086, -8.759498076999932, 0.0 ], [ 115.623473069000056, -8.759319259999927, 0.0 ], [ 115.625146524000115, -8.760333619999926, 0.0 ], [ 115.625238329000013, -8.759831413999962, 0.0 ], [ 115.625153731000069, -8.758517797999957, 0.0 ], [ 115.625477599000078, -8.757981331999929, 0.0 ], [ 115.625465596000026, -8.757170825999935, 0.0 ], [ 115.624450983000088, -8.755570981999938, 0.0 ], [ 115.624062995000031, -8.75527700799995, 0.0 ], [ 115.623246999000116, -8.755055973999958, 0.0 ], [ 115.623222991000034, -8.754939982999929, 0.0 ], [ 115.623711004000029, -8.754366035999965, 0.0 ], [ 115.623808964000091, -8.754101042999935, 0.0 ], [ 115.623587963000091, -8.753135036999936, 0.0 ], [ 115.623211025000046, -8.752344035999954, 0.0 ], [ 115.622798979000095, -8.751785981999944, 0.0 ], [ 115.622313032000079, -8.751310019999949, 0.0 ], [ 115.621881969000015, -8.751113980999946, 0.0 ], [ 115.622008025000014, -8.750546041999939, 0.0 ], [ 115.62197702200001, -8.750375960999975, 0.0 ], [ 115.621783017000098, -8.750242985999932, 0.0 ], [ 115.620960982000042, -8.750260966999974, 0.0 ], [ 115.620809005000069, -8.750112956999942, 0.0 ], [ 115.621184008000114, -8.748923009999942, 0.0 ], [ 115.62109198600001, -8.74869502599995, 0.0 ], [ 115.620557028, -8.74821897399994, 0.0 ], [ 115.619378007000023, -8.747669964999943, 0.0 ], [ 115.619675019000056, -8.74722497199997, 0.0 ], [ 115.618804003000037, -8.746198009999944, 0.0 ], [ 115.618115991000082, -8.745583976999967, 0.0 ], [ 115.617571024000085, -8.745405962999939, 0.0 ], [ 115.617381015000092, -8.744373979999978, 0.0 ], [ 115.616681033000077, -8.743450975999963, 0.0 ], [ 115.615933026000107, -8.742748029999973, 0.0 ], [ 115.615335022000068, -8.742340995999939, 0.0 ], [ 115.61406700100008, -8.742073, 0.0 ], [ 115.613288983000075, -8.739150957999925, 0.0 ], [ 115.612923988000034, -8.738402035999968, 0.0 ], [ 115.612155016000088, -8.737211979999927, 0.0 ], [ 115.610332012000072, -8.735352021999972, 0.0 ], [ 115.609787014000062, -8.734944994999978, 0.0 ], [ 115.609086973000103, -8.734735030999957, 0.0 ], [ 115.608596011000031, -8.734368974999938, 0.0 ], [ 115.607441972000061, -8.73302199699998, 0.0 ], [ 115.606367999000099, -8.732114964999937, 0.0 ], [ 115.605025036000029, -8.730688, 0.0 ], [ 115.601643035000052, -8.728564973999937, 0.0 ], [ 115.600574032000054, -8.728021025999965, 0.0 ], [ 115.599014035000096, -8.72696500099994, 0.0 ], [ 115.598132978000081, -8.726185956999927, 0.0 ], [ 115.596326019000117, -8.72387595999993, 0.0 ], [ 115.596043027000064, -8.723316012999931, 0.0 ], [ 115.595777032000115, -8.722319006999953, 0.0 ], [ 115.595708018000096, -8.720712024999955, 0.0 ], [ 115.595411032000015, -8.717719966999937, 0.0 ], [ 115.595023024000056, -8.716184040999963, 0.0 ], [ 115.594811994000111, -8.715982012999973, 0.0 ], [ 115.594301986, -8.716009960999941, 0.0 ], [ 115.593946025000037, -8.715605967999977, 0.0 ], [ 115.591975018000085, -8.71481700399994, 0.0 ], [ 115.591357032000019, -8.714321991999952, 0.0 ], [ 115.588929969000105, -8.711628967999957, 0.0 ], [ 115.587299978000033, -8.708503041999961, 0.0 ], [ 115.586522021000064, -8.707366983999975, 0.0 ], [ 115.584854032000067, -8.70568697799996, 0.0 ], [ 115.584456025, -8.704791005999937, 0.0 ], [ 115.584194010000033, -8.70370197699998, 0.0 ], [ 115.584042035000039, -8.702087006999932, 0.0 ], [ 115.583878030000051, -8.701279962999934, 0.0 ], [ 115.583820975000094, -8.700110962999929, 0.0 ], [ 115.583377034000023, -8.697580977999962, 0.0 ], [ 115.582433026000103, -8.694456962999936, 0.0 ], [ 115.581681977000017, -8.69155597799994, 0.0 ], [ 115.58105803400008, -8.689749033999931, 0.0 ], [ 115.580211023000061, -8.688278025999978, 0.0 ], [ 115.579207981000081, -8.685876956999948, 0.0 ], [ 115.576998989000117, -8.683624991999977, 0.0 ], [ 115.573515981000014, -8.679154002999951, 0.0 ], [ 115.572694012000056, -8.677949960999968, 0.0 ], [ 115.571694026000046, -8.676938993999954, 0.0 ], [ 115.56896598000003, -8.675185997999961, 0.0 ], [ 115.565849989000071, -8.673702026999933, 0.0 ], [ 115.564420988000052, -8.672686991999967, 0.0 ], [ 115.563235973000019, -8.672164955999961, 0.0 ] ] ], [ [ [ 115.594637024, -8.816724989999955, 0.0 ], [ 115.594734, -8.816553036999949, 0.0 ], [ 115.5947449680001, -8.816288997999948, 0.0 ], [ 115.594616966000103, -8.815486967999959, 0.0 ], [ 115.594422023000106, -8.815418975999933, 0.0 ], [ 115.59430597000005, -8.815561023999976, 0.0 ], [ 115.594324026000095, -8.816674004999982, 0.0 ], [ 115.594445002000043, -8.816816035999977, 0.0 ], [ 115.594637024, -8.816724989999955, 0.0 ] ] ], [ [ [ 115.525727026000027, -8.804456990999938, 0.0 ], [ 115.526242002000117, -8.804149009999946, 0.0 ], [ 115.526451984, -8.803934036999976, 0.0 ], [ 115.526512967000031, -8.803620028999944, 0.0 ], [ 115.526406037000015, -8.803213963999951, 0.0 ], [ 115.526036988000101, -8.802617021999936, 0.0 ], [ 115.525750974000061, -8.802460043999929, 0.0 ], [ 115.525465024000027, -8.802646965999941, 0.0 ], [ 115.525372975000096, -8.804237004999948, 0.0 ], [ 115.525388987000042, -8.804565959999934, 0.0 ], [ 115.525727026000027, -8.804456990999938, 0.0 ] ] ], [ [ [ 115.529005008000013, -8.799726006999947, 0.0 ], [ 115.529037011000014, -8.799593959999982, 0.0 ], [ 115.528857972000083, -8.799567042999968, 0.0 ], [ 115.52872000800005, -8.799673000999974, 0.0 ], [ 115.528716978000034, -8.79975697499998, 0.0 ], [ 115.528824035000071, -8.799809014999937, 0.0 ], [ 115.529005008000013, -8.799726006999947, 0.0 ] ] ], [ [ [ 115.527499972000101, -8.800557, 0.0 ], [ 115.528069030000097, -8.799952970999925, 0.0 ], [ 115.528061015000048, -8.799762004999934, 0.0 ], [ 115.527844989000073, -8.799515981999946, 0.0 ], [ 115.527399990000049, -8.799360010999976, 0.0 ], [ 115.52706196400004, -8.799504962999947, 0.0 ], [ 115.526866026000107, -8.799770980999938, 0.0 ], [ 115.526755998000112, -8.800091035999969, 0.0 ], [ 115.526776968000036, -8.800323005999928, 0.0 ], [ 115.527034018000109, -8.800582026999962, 0.0 ], [ 115.527258986000106, -8.800651976999973, 0.0 ], [ 115.527499972000101, -8.800557, 0.0 ] ] ], [ [ [ 115.528428021000082, -8.799074011999949, 0.0 ], [ 115.528371994000054, -8.798987998999962, 0.0 ], [ 115.528232003000085, -8.799056972999949, 0.0 ], [ 115.528302031000067, -8.799166003999972, 0.0 ], [ 115.528428021000082, -8.799074011999949, 0.0 ] ] ], [ [ [ 115.528122002000032, -8.799161954999931, 0.0 ], [ 115.528153997000118, -8.799031987999967, 0.0 ], [ 115.528073980000045, -8.798966040999971, 0.0 ], [ 115.527881026000045, -8.799102972999947, 0.0 ], [ 115.528122002000032, -8.799161954999931, 0.0 ] ] ], [ [ [ 115.629824008000014, -8.780448019999938, 0.0 ], [ 115.629706014000021, -8.780165967999949, 0.0 ], [ 115.629202973000019, -8.779843007999943, 0.0 ], [ 115.628996023000013, -8.780107967999982, 0.0 ], [ 115.629069986000104, -8.780276034999929, 0.0 ], [ 115.629400027000088, -8.780477037999958, 0.0 ], [ 115.629710980000027, -8.780508001999976, 0.0 ], [ 115.629824008000014, -8.780448019999938, 0.0 ] ] ], [ [ [ 115.619831026000043, -8.779309964999982, 0.0 ], [ 115.619806013000016, -8.779080959999931, 0.0 ], [ 115.619197986000017, -8.778490989999966, 0.0 ], [ 115.619028006, -8.778546963999929, 0.0 ], [ 115.619153032000099, -8.778870992999941, 0.0 ], [ 115.619477972000027, -8.779233001999955, 0.0 ], [ 115.619685971000081, -8.779355000999942, 0.0 ], [ 115.619831026000043, -8.779309964999982, 0.0 ] ] ], [ [ [ 115.629641997000022, -8.778941962999966, 0.0 ], [ 115.629940015000102, -8.77869803699997, 0.0 ], [ 115.6304820040001, -8.776903039999979, 0.0 ], [ 115.630459979000079, -8.776633993999951, 0.0 ], [ 115.630319971000063, -8.776407011999936, 0.0 ], [ 115.629692029000012, -8.776112982999962, 0.0 ], [ 115.629117026000017, -8.776038025999981, 0.0 ], [ 115.628994982000108, -8.776431040999967, 0.0 ], [ 115.629526003000024, -8.776480976999949, 0.0 ], [ 115.629704969000045, -8.77667202799995, 0.0 ], [ 115.629821965000019, -8.777082997999969, 0.0 ], [ 115.629781965, -8.777464016999943, 0.0 ], [ 115.629143000000113, -8.778355024999939, 0.0 ], [ 115.629083009000055, -8.778586975999929, 0.0 ], [ 115.629174979000027, -8.778831955999976, 0.0 ], [ 115.629379, -8.778976989999933, 0.0 ], [ 115.629641997000022, -8.778941962999966, 0.0 ] ] ], [ [ [ 115.624808019000056, -8.774474011999928, 0.0 ], [ 115.622701964000044, -8.774146016999964, 0.0 ], [ 115.622595035000018, -8.774340998999946, 0.0 ], [ 115.623741032000112, -8.774985994999952, 0.0 ], [ 115.624852035000117, -8.776443994999966, 0.0 ], [ 115.625185964000025, -8.776646008999933, 0.0 ], [ 115.625743976000081, -8.776754994999976, 0.0 ], [ 115.626562990000025, -8.776677964999976, 0.0 ], [ 115.62693196400005, -8.776542970999969, 0.0 ], [ 115.627345018000028, -8.77624296099998, 0.0 ], [ 115.627572020000116, -8.775906018999933, 0.0 ], [ 115.627611979000108, -8.775658986999929, 0.0 ], [ 115.629155003000051, -8.775084983999932, 0.0 ], [ 115.625313979000111, -8.774468983999952, 0.0 ], [ 115.624808019000056, -8.774474011999928, 0.0 ] ] ], [ [ [ 115.492267035000054, -8.773384975999932, 0.0 ], [ 115.492240030000062, -8.773204964999934, 0.0 ], [ 115.492092023000055, -8.773162968999941, 0.0 ], [ 115.491969965000067, -8.773247008999931, 0.0 ], [ 115.492065976000049, -8.773507030999951, 0.0 ], [ 115.492186976000085, -8.773518000999957, 0.0 ], [ 115.492267035000054, -8.773384975999932, 0.0 ] ] ], [ [ [ 115.484452967000038, -8.772949041999937, 0.0 ], [ 115.484554010000011, -8.772780031999957, 0.0 ], [ 115.484524035000049, -8.77259404299997, 0.0 ], [ 115.484111008000013, -8.772349018999932, 0.0 ], [ 115.484124026000018, -8.772244022999928, 0.0 ], [ 115.483648967000022, -8.772473004999938, 0.0 ], [ 115.483648026000083, -8.772631025999942, 0.0 ], [ 115.483813023000039, -8.77275201599997, 0.0 ], [ 115.484310034000032, -8.772986979999928, 0.0 ], [ 115.484452967000038, -8.772949041999937, 0.0 ] ] ], [ [ [ 115.487280995000106, -8.77064596799994, 0.0 ], [ 115.487307029000021, -8.770269, 0.0 ], [ 115.487217986000019, -8.769992008999964, 0.0 ], [ 115.487018014000114, -8.769808954999974, 0.0 ], [ 115.486808011000107, -8.769770957999981, 0.0 ], [ 115.486484989000019, -8.770065010999929, 0.0 ], [ 115.486912992000043, -8.770628040999952, 0.0 ], [ 115.487162972000078, -8.770696030999943, 0.0 ], [ 115.487280995000106, -8.77064596799994, 0.0 ] ] ], [ [ [ 115.478457006000099, -8.759026002999974, 0.0 ], [ 115.478739964000056, -8.758279959999982, 0.0 ], [ 115.47867902400003, -8.757986989999949, 0.0 ], [ 115.478555996000068, -8.757867975999943, 0.0 ], [ 115.478244029000052, -8.757878021999943, 0.0 ], [ 115.477909010000076, -8.758082972999944, 0.0 ], [ 115.477851980000082, -8.758302964999928, 0.0 ], [ 115.478457006000099, -8.759026002999974, 0.0 ] ] ], [ [ [ 115.473225034000052, -8.754312010999968, 0.0 ], [ 115.47331598300002, -8.753953025999976, 0.0 ], [ 115.473259021000104, -8.753677971999934, 0.0 ], [ 115.472328034000043, -8.754215002999956, 0.0 ], [ 115.472751981000101, -8.754587004999962, 0.0 ], [ 115.472957963000113, -8.754616041999952, 0.0 ], [ 115.473225034000052, -8.754312010999968, 0.0 ] ] ], [ [ [ 115.451736016000041, -8.750437012999953, 0.0 ], [ 115.451799999000059, -8.750333040999976, 0.0 ], [ 115.451648034000073, -8.750200974999927, 0.0 ], [ 115.45153102900008, -8.750332030999971, 0.0 ], [ 115.451598998, -8.750441966999972, 0.0 ], [ 115.451736016000041, -8.750437012999953, 0.0 ] ] ], [ [ [ 115.454797004000056, -8.73782504199994, 0.0 ], [ 115.454849021000086, -8.737713968999969, 0.0 ], [ 115.45471602300006, -8.737672022999959, 0.0 ], [ 115.454530033000083, -8.737814008999976, 0.0 ], [ 115.454797004000056, -8.73782504199994, 0.0 ] ] ], [ [ [ 115.456697015000032, -8.715002040999934, 0.0 ], [ 115.456486971000118, -8.714106023999932, 0.0 ], [ 115.455987970000024, -8.714379, 0.0 ], [ 115.455867003000094, -8.714620967999963, 0.0 ], [ 115.455910989000017, -8.714876984999933, 0.0 ], [ 115.456085021000035, -8.715070972999968, 0.0 ], [ 115.456407977000026, -8.715112965999936, 0.0 ], [ 115.456697015000032, -8.715002040999934, 0.0 ] ] ], [ [ [ 115.46352099, -8.692267021999953, 0.0 ], [ 115.465871998000011, -8.687699039999927, 0.0 ], [ 115.465880989000084, -8.687422985999945, 0.0 ], [ 115.465781012000093, -8.687243043999956, 0.0 ], [ 115.465518009000107, -8.687148959999945, 0.0 ], [ 115.462603015000013, -8.687516994999953, 0.0 ], [ 115.460729971000092, -8.688999, 0.0 ], [ 115.459681025, -8.688092994999977, 0.0 ], [ 115.459457033000035, -8.687988035999979, 0.0 ], [ 115.458914970000023, -8.688797026999964, 0.0 ], [ 115.457911978000084, -8.690673974999982, 0.0 ], [ 115.457703001000027, -8.690909983999973, 0.0 ], [ 115.454932976, -8.692758969999943, 0.0 ], [ 115.454249987000026, -8.693028038999955, 0.0 ], [ 115.45307497500005, -8.693794038999954, 0.0 ], [ 115.452410004000058, -8.693835000999968, 0.0 ], [ 115.450312998000072, -8.695006041999932, 0.0 ], [ 115.449245029000053, -8.697162034999963, 0.0 ], [ 115.448911033000059, -8.697639985999956, 0.0 ], [ 115.44778102500004, -8.698261956999943, 0.0 ], [ 115.44296999900007, -8.700403998999946, 0.0 ], [ 115.442324020000115, -8.700633958999958, 0.0 ], [ 115.441377988000113, -8.700668958999927, 0.0 ], [ 115.440214009000101, -8.701890037999931, 0.0 ], [ 115.439922983000088, -8.702301979999959, 0.0 ], [ 115.439682966000078, -8.703135042999975, 0.0 ], [ 115.439734002000023, -8.703585994999969, 0.0 ], [ 115.439362017, -8.704276041999947, 0.0 ], [ 115.439072969000108, -8.705565972999977, 0.0 ], [ 115.438701017000085, -8.706193008999946, 0.0 ], [ 115.438234996, -8.706627012999945, 0.0 ], [ 115.437732990000086, -8.706179993999967, 0.0 ], [ 115.437414014000069, -8.706770994999943, 0.0 ], [ 115.437024986000097, -8.707178011999929, 0.0 ], [ 115.437078987000064, -8.707293042999936, 0.0 ], [ 115.436945973000093, -8.707619026999964, 0.0 ], [ 115.437090018000049, -8.707939007999926, 0.0 ], [ 115.437098999000114, -8.708465001999969, 0.0 ], [ 115.437771987000019, -8.708447968999963, 0.0 ], [ 115.43797500200003, -8.708696955999926, 0.0 ], [ 115.43847203200005, -8.708610041999975, 0.0 ], [ 115.438637979000077, -8.707967967999934, 0.0 ], [ 115.438743003000013, -8.707849972999952, 0.0 ], [ 115.439198990000023, -8.708083001999967, 0.0 ], [ 115.439443995000033, -8.708361992999926, 0.0 ], [ 115.439499026000021, -8.708553959999961, 0.0 ], [ 115.439342026000077, -8.708917995999968, 0.0 ], [ 115.438804975000039, -8.709222975999978, 0.0 ], [ 115.438639003000048, -8.709924986999965, 0.0 ], [ 115.438690033000057, -8.710088009999936, 0.0 ], [ 115.438934010000025, -8.710108989999981, 0.0 ], [ 115.439190036000014, -8.709880963999979, 0.0 ], [ 115.439392998000017, -8.71010698799995, 0.0 ], [ 115.440117992000069, -8.709511955999972, 0.0 ], [ 115.440201991000094, -8.709096994999982, 0.0 ], [ 115.440331012000115, -8.709064979999937, 0.0 ], [ 115.44055202800007, -8.709220020999965, 0.0 ], [ 115.440394020000099, -8.71011697199998, 0.0 ], [ 115.440450972, -8.710623002999967, 0.0 ], [ 115.440245010000012, -8.710975989999952, 0.0 ], [ 115.440131020000081, -8.711684000999981, 0.0 ], [ 115.440146007000067, -8.711901025999964, 0.0 ], [ 115.440278990000024, -8.711998030999951, 0.0 ], [ 115.440354977000084, -8.711834985999928, 0.0 ], [ 115.440592020000054, -8.711649007999938, 0.0 ], [ 115.440657013000077, -8.711354022999956, 0.0 ], [ 115.440952008000068, -8.711487038999962, 0.0 ], [ 115.441522974, -8.71131698399995, 0.0 ], [ 115.441917036000063, -8.711847991999946, 0.0 ], [ 115.442143028000032, -8.71250297499995, 0.0 ], [ 115.442266012000118, -8.712572003999981, 0.0 ], [ 115.442598016000034, -8.71221898999994, 0.0 ], [ 115.442873996000117, -8.712366028999952, 0.0 ], [ 115.443367996, -8.712070991999951, 0.0 ], [ 115.443798030000039, -8.712275975999944, 0.0 ], [ 115.444064016000084, -8.712285020999957, 0.0 ], [ 115.444391005000057, -8.712057009999967, 0.0 ], [ 115.444212999000115, -8.71105001799998, 0.0 ], [ 115.444631998000091, -8.710606954999946, 0.0 ], [ 115.444625011000085, -8.709994995999978, 0.0 ], [ 115.444396033000089, -8.709336023999981, 0.0 ], [ 115.444540004000032, -8.709150023999939, 0.0 ], [ 115.444979980000085, -8.709070009999948, 0.0 ], [ 115.445226969000032, -8.709106004999967, 0.0 ], [ 115.445249033000096, -8.709479002999956, 0.0 ], [ 115.445445982000024, -8.70978301699995, 0.0 ], [ 115.445736968, -8.710015996999971, 0.0 ], [ 115.446185984000067, -8.710179018999952, 0.0 ], [ 115.446533037000108, -8.710191014999964, 0.0 ], [ 115.447344016000102, -8.70929500799997, 0.0 ], [ 115.448173011000108, -8.708881006999945, 0.0 ], [ 115.448327963000111, -8.708611969999936, 0.0 ], [ 115.448360971000056, -8.708275989999947, 0.0 ], [ 115.44884498700003, -8.707601033999936, 0.0 ], [ 115.448925011000028, -8.706565984999941, 0.0 ], [ 115.44906599400008, -8.706412966999949, 0.0 ], [ 115.449172032000092, -8.70586601499997, 0.0 ], [ 115.449300977, -8.705724970999938, 0.0 ], [ 115.449383034000107, -8.705705958999943, 0.0 ], [ 115.449695985000062, -8.705955026999959, 0.0 ], [ 115.451023977000091, -8.706084017999956, 0.0 ], [ 115.45220202400003, -8.704827973999954, 0.0 ], [ 115.452918978000071, -8.704432034999968, 0.0 ], [ 115.453249036000102, -8.70411100299998, 0.0 ], [ 115.453334, -8.703913005999937, 0.0 ], [ 115.454807993000031, -8.702975014999936, 0.0 ], [ 115.455495028000087, -8.70214402299996, 0.0 ], [ 115.456344997000087, -8.701634980999927, 0.0 ], [ 115.456973989000062, -8.701105965999943, 0.0 ], [ 115.457654036, -8.700113029999955, 0.0 ], [ 115.458159996000063, -8.70012999599993, 0.0 ], [ 115.459677004000014, -8.699074993999943, 0.0 ], [ 115.460234031000027, -8.698551013999975, 0.0 ], [ 115.461958032000098, -8.695889025999975, 0.0 ], [ 115.462302984000075, -8.694998958999975, 0.0 ], [ 115.463001982000037, -8.693707032999953, 0.0 ], [ 115.46352099, -8.692267021999953, 0.0 ] ] ], [ [ [ 115.466980982000109, -8.666020987999957, 0.0 ], [ 115.458579978000103, -8.66403096199997, 0.0 ], [ 115.453496032000089, -8.663079997999944, 0.0 ], [ 115.451064010000096, -8.663057040999945, 0.0 ], [ 115.450627017000102, -8.663281997999945, 0.0 ], [ 115.450366980000013, -8.663584966999963, 0.0 ], [ 115.448955006, -8.666030043999967, 0.0 ], [ 115.448211966000031, -8.666958982999972, 0.0 ], [ 115.447983015000091, -8.66748202499997, 0.0 ], [ 115.447790987000076, -8.668373965999933, 0.0 ], [ 115.446981019000077, -8.675816013999963, 0.0 ], [ 115.446588011000017, -8.677312015999973, 0.0 ], [ 115.446302992000028, -8.678037959999926, 0.0 ], [ 115.445730020000042, -8.679000034999945, 0.0 ], [ 115.445466027000066, -8.679258955999956, 0.0 ], [ 115.444471983000085, -8.679430012999944, 0.0 ], [ 115.442632969000101, -8.679579988999933, 0.0 ], [ 115.442344967000054, -8.679737016999979, 0.0 ], [ 115.442072028000098, -8.680274968999981, 0.0 ], [ 115.441494014000114, -8.679986033999967, 0.0 ], [ 115.441134037000097, -8.679899041999931, 0.0 ], [ 115.44060601800004, -8.680168993999928, 0.0 ], [ 115.439728010000067, -8.68080002399995, 0.0 ], [ 115.438918023000042, -8.68118001299996, 0.0 ], [ 115.437585987000034, -8.681382030999941, 0.0 ], [ 115.436670032000052, -8.681422031999944, 0.0 ], [ 115.436427991000073, -8.681353960999957, 0.0 ], [ 115.436152007000032, -8.68108695799998, 0.0 ], [ 115.436078984, -8.680880000999935, 0.0 ], [ 115.436337033000086, -8.680176015999962, 0.0 ], [ 115.436317988000042, -8.67998003799994, 0.0 ], [ 115.435195027000077, -8.679545029999929, 0.0 ], [ 115.435032022000087, -8.67973402399997, 0.0 ], [ 115.434899988000097, -8.680585969999981, 0.0 ], [ 115.433971985000085, -8.681778986999973, 0.0 ], [ 115.433373011000072, -8.682443961999979, 0.0 ], [ 115.432371037000053, -8.683133042999941, 0.0 ], [ 115.432124, -8.682969032999949, 0.0 ], [ 115.431989993000116, -8.682147003999944, 0.0 ], [ 115.43183797100005, -8.681927968999958, 0.0 ], [ 115.431478982000044, -8.68182, 0.0 ], [ 115.430390030000012, -8.682307031999926, 0.0 ], [ 115.429724021000084, -8.681936988999951, 0.0 ], [ 115.429205030000048, -8.681979961999957, 0.0 ], [ 115.427271006000069, -8.682973998999955, 0.0 ], [ 115.427098967, -8.68331600099998, 0.0 ], [ 115.427074022000056, -8.683655986999952, 0.0 ], [ 115.427214972000115, -8.684014014999946, 0.0 ], [ 115.427763004000099, -8.684410967999952, 0.0 ], [ 115.427770978000012, -8.685518958999978, 0.0 ], [ 115.427877028000012, -8.685603017999938, 0.0 ], [ 115.428072030000067, -8.685558982999964, 0.0 ], [ 115.428411972000049, -8.685310966999964, 0.0 ], [ 115.428548973000034, -8.685322018999955, 0.0 ], [ 115.428313982000077, -8.686296027999958, 0.0 ], [ 115.428368989000091, -8.686546033999946, 0.0 ], [ 115.428538007000043, -8.686660002999929, 0.0 ], [ 115.429139036000038, -8.686567016999959, 0.0 ], [ 115.429237982000018, -8.686720021999975, 0.0 ], [ 115.429180977000101, -8.687219977999973, 0.0 ], [ 115.42901800300001, -8.687562017999937, 0.0 ], [ 115.428081036000094, -8.687966044999939, 0.0 ], [ 115.427920030000109, -8.688123040999926, 0.0 ], [ 115.427838963000113, -8.688480966999975, 0.0 ], [ 115.427896001000022, -8.68865703299997, 0.0 ], [ 115.428251980000027, -8.68887700099998, 0.0 ], [ 115.42863800300006, -8.68895398799998, 0.0 ], [ 115.429305016000058, -8.688814987999933, 0.0 ], [ 115.429831972000102, -8.68918301399998, 0.0 ], [ 115.429937966000011, -8.689389023999979, 0.0 ], [ 115.429977018000045, -8.689692028999957, 0.0 ], [ 115.429824979000045, -8.690017028999932, 0.0 ], [ 115.429178020000109, -8.690377955999963, 0.0 ], [ 115.429056972000012, -8.690710042999967, 0.0 ], [ 115.429089008, -8.691149977999942, 0.0 ], [ 115.429163985000059, -8.691247016999966, 0.0 ], [ 115.430049977000067, -8.690976028999955, 0.0 ], [ 115.430260010000097, -8.691011970999966, 0.0 ], [ 115.430939991000059, -8.692259960999934, 0.0 ], [ 115.431522988000097, -8.692289029999927, 0.0 ], [ 115.432298024000033, -8.691797995999934, 0.0 ], [ 115.432744035000042, -8.690963978999946, 0.0 ], [ 115.432990987000039, -8.690897012999926, 0.0 ], [ 115.433258027000079, -8.690991043999929, 0.0 ], [ 115.433560012000044, -8.691240979999975, 0.0 ], [ 115.434421979000035, -8.692353026999967, 0.0 ], [ 115.434712009, -8.692883971999947, 0.0 ], [ 115.435789002000092, -8.693571018999933, 0.0 ], [ 115.436046966000049, -8.693974998999977, 0.0 ], [ 115.436415966000027, -8.694292014999974, 0.0 ], [ 115.437339027, -8.694552001999966, 0.0 ], [ 115.437926029000096, -8.694501977999948, 0.0 ], [ 115.438268028000039, -8.693867042999955, 0.0 ], [ 115.438430963000087, -8.693841041999974, 0.0 ], [ 115.440454013000021, -8.694359016999954, 0.0 ], [ 115.441420986000026, -8.694039969999949, 0.0 ], [ 115.442605, -8.694291971999974, 0.0 ], [ 115.443531030000031, -8.69437901799995, 0.0 ], [ 115.444903994000015, -8.694294043999946, 0.0 ], [ 115.446656970000049, -8.694019956999966, 0.0 ], [ 115.448403979000091, -8.693902956999978, 0.0 ], [ 115.449621969000077, -8.693730004999964, 0.0 ], [ 115.450849007000102, -8.693816992999928, 0.0 ], [ 115.450931029000117, -8.693368027999952, 0.0 ], [ 115.451062017000027, -8.693165968999949, 0.0 ], [ 115.451973005000013, -8.692609991999973, 0.0 ], [ 115.452667984000072, -8.69153702899996, 0.0 ], [ 115.453830971000116, -8.690576976999978, 0.0 ], [ 115.45458002700002, -8.689782033999961, 0.0 ], [ 115.455370006000066, -8.68876396099995, 0.0 ], [ 115.456214004000117, -8.688003027999969, 0.0 ], [ 115.45652399700009, -8.687782978999962, 0.0 ], [ 115.458314969000071, -8.687115010999946, 0.0 ], [ 115.458869020000066, -8.686783032999926, 0.0 ], [ 115.460347981000041, -8.686387983999964, 0.0 ], [ 115.460557035000079, -8.68618695999993, 0.0 ], [ 115.460653022000088, -8.68589299599995, 0.0 ], [ 115.460439978000068, -8.685033038999961, 0.0 ], [ 115.460606013000074, -8.684778954999956, 0.0 ], [ 115.461683970000081, -8.684227962999955, 0.0 ], [ 115.4618249990001, -8.683434976999933, 0.0 ], [ 115.463079015000062, -8.682724042999951, 0.0 ], [ 115.465287007000029, -8.682224961999964, 0.0 ], [ 115.466187963000039, -8.680991965999965, 0.0 ], [ 115.467476995000084, -8.679809975999945, 0.0 ], [ 115.469843035000054, -8.678617022999958, 0.0 ], [ 115.470188021000013, -8.678245041999958, 0.0 ], [ 115.472046021000097, -8.675347020999936, 0.0 ], [ 115.472646033000046, -8.674147963999928, 0.0 ], [ 115.473028007000039, -8.673002003999954, 0.0 ], [ 115.473157012000115, -8.672209954999971, 0.0 ], [ 115.47307498400005, -8.671722986999953, 0.0 ], [ 115.472659037000085, -8.670540023999934, 0.0 ], [ 115.472165014000097, -8.66950600499996, 0.0 ], [ 115.471323028000029, -8.668174974999943, 0.0 ], [ 115.469539034000036, -8.666922979999981, 0.0 ], [ 115.468462972000111, -8.666355004999957, 0.0 ], [ 115.46803296600001, -8.665872968999963, 0.0 ], [ 115.466980982000109, -8.666020987999957, 0.0 ] ] ], [ [ [ 115.398529467000117, -8.46204051999996, 0.0 ], [ 115.396429804000036, -8.461143263999929, 0.0 ], [ 115.395264272000077, -8.460334449999948, 0.0 ], [ 115.394362319000038, -8.45931989099995, 0.0 ], [ 115.394059165000044, -8.45884016399998, 0.0 ], [ 115.393305141000042, -8.459541230999946, 0.0 ], [ 115.392666879000103, -8.459724639999934, 0.0 ], [ 115.39150363300007, -8.461470238999937, 0.0 ], [ 115.391265039000018, -8.461613008999961, 0.0 ], [ 115.390661826000041, -8.461542877999932, 0.0 ], [ 115.390243820000023, -8.461904763999939, 0.0 ], [ 115.389146872000083, -8.463453239999978, 0.0 ], [ 115.388669275000098, -8.463739361999956, 0.0 ], [ 115.388600045000089, -8.464035034999938, 0.0 ], [ 115.388369456000078, -8.464296217999959, 0.0 ], [ 115.388130683000099, -8.464481264999961, 0.0 ], [ 115.387262138000096, -8.464849742999945, 0.0 ], [ 115.387159398000108, -8.465026893999948, 0.0 ], [ 115.387114857000029, -8.46551715399994, 0.0 ], [ 115.386931315000083, -8.466055202999939, 0.0 ], [ 115.38617333500008, -8.46640722199993, 0.0 ], [ 115.385789638, -8.466693138999972, 0.0 ], [ 115.38571201000002, -8.46696340799997, 0.0 ], [ 115.385184668000079, -8.466846066999949, 0.0 ], [ 115.384838555000101, -8.466650504999961, 0.0 ], [ 115.384759591000034, -8.466520757999945, 0.0 ], [ 115.384659664000083, -8.46621836099996, 0.0 ], [ 115.384570955000072, -8.464738489999945, 0.0 ], [ 115.384133795000025, -8.463845112999934, 0.0 ], [ 115.384274384000037, -8.46306197499996, 0.0 ], [ 115.383959763, -8.462248195999962, 0.0 ], [ 115.383944319000079, -8.46180697799997, 0.0 ], [ 115.383065076000094, -8.461747206999974, 0.0 ], [ 115.375901148000025, -8.460713343999942, 0.0 ], [ 115.375366525000118, -8.461148169999944, 0.0 ], [ 115.375225655, -8.461305664999941, 0.0 ], [ 115.375092961000064, -8.46174216199995, 0.0 ], [ 115.374949399000116, -8.462541269999974, 0.0 ], [ 115.375040376000015, -8.463136776999931, 0.0 ], [ 115.374965052000107, -8.463266647999944, 0.0 ], [ 115.374815340000055, -8.463303220999933, 0.0 ], [ 115.374647167000035, -8.463283922999949, 0.0 ], [ 115.374293219000037, -8.463072061999981, 0.0 ], [ 115.374197600000116, -8.463583102999962, 0.0 ], [ 115.373887540000055, -8.463963067999941, 0.0 ], [ 115.373563821000062, -8.464980901999979, 0.0 ], [ 115.373460316000092, -8.465095359999964, 0.0 ], [ 115.373067477000063, -8.465202008999938, 0.0 ], [ 115.372973106000018, -8.465415489999941, 0.0 ], [ 115.372771070000113, -8.466781582999943, 0.0 ], [ 115.372677050000107, -8.466911375999928, 0.0 ], [ 115.371797735000087, -8.46706579399995, 0.0 ], [ 115.371562441000037, -8.467293273999928, 0.0 ], [ 115.37150452000003, -8.467730079999967, 0.0 ], [ 115.371288475000028, -8.467980247999947, 0.0 ], [ 115.371175133000065, -8.468258741999932, 0.0 ], [ 115.371038677000115, -8.469587910999962, 0.0 ], [ 115.370934799000111, -8.469838546999938, 0.0 ], [ 115.37061514800007, -8.47027425999994, 0.0 ], [ 115.37012568800003, -8.470253966999962, 0.0 ], [ 115.369951595000089, -8.470324779999942, 0.0 ], [ 115.369523894000054, -8.470847624999976, 0.0 ], [ 115.369257256000083, -8.472183876999964, 0.0 ], [ 115.369039404000091, -8.472861783999974, 0.0 ], [ 115.368832388000101, -8.47318637799998, 0.0 ], [ 115.367875887000082, -8.473907690999965, 0.0 ], [ 115.36769687200001, -8.474241700999926, 0.0 ], [ 115.367459655000062, -8.475077605999957, 0.0 ], [ 115.367272273000026, -8.475179109999942, 0.0 ], [ 115.366693001000044, -8.47511159499993, 0.0 ], [ 115.36628814200003, -8.475316047999968, 0.0 ], [ 115.366287458000102, -8.475478048999946, 0.0 ], [ 115.367165955000019, -8.476148794999972, 0.0 ], [ 115.367424160000041, -8.476254701999949, 0.0 ], [ 115.367826378000018, -8.476284971999974, 0.0 ], [ 115.368179976000079, -8.476486572999931, 0.0 ], [ 115.368265307000115, -8.476696579999953, 0.0 ], [ 115.368083608, -8.477114117999974, 0.0 ], [ 115.368111543000055, -8.477304825999965, 0.0 ], [ 115.368654562000074, -8.478021816999956, 0.0 ], [ 115.368748991000075, -8.478346218999945, 0.0 ], [ 115.368764735000013, -8.479156299999943, 0.0 ], [ 115.368687535000049, -8.479289390999952, 0.0 ], [ 115.368447764000052, -8.479355096999939, 0.0 ], [ 115.367999212000086, -8.478952977999938, 0.0 ], [ 115.367730623000057, -8.479037619999929, 0.0 ], [ 115.367813340000112, -8.479867040999977, 0.0 ], [ 115.367590434000022, -8.480476002999978, 0.0 ], [ 115.367349858000011, -8.480732294999939, 0.0 ], [ 115.366715500000055, -8.480752930999927, 0.0 ], [ 115.366630260000079, -8.480996111999957, 0.0 ], [ 115.366652095000063, -8.48124478699998, 0.0 ], [ 115.366495289000113, -8.481585767999945, 0.0 ], [ 115.366004692000047, -8.482233034999979, 0.0 ], [ 115.365487702000109, -8.482666050999967, 0.0 ], [ 115.365384769000116, -8.482836437999936, 0.0 ], [ 115.365284384, -8.483485286999951, 0.0 ], [ 115.365130384000054, -8.483656173999975, 0.0 ], [ 115.36480459500001, -8.483673866999936, 0.0 ], [ 115.364460573000088, -8.483472302999928, 0.0 ], [ 115.364278640000066, -8.483452480999972, 0.0 ], [ 115.363846307000017, -8.483580308999933, 0.0 ], [ 115.363700959000084, -8.483970411999962, 0.0 ], [ 115.363605928000084, -8.485161655999946, 0.0 ], [ 115.363281616000108, -8.485925881999947, 0.0 ], [ 115.363665906000051, -8.487502702999961, 0.0 ], [ 115.363643799000101, -8.488198268999952, 0.0 ], [ 115.363547235000055, -8.488378925999939, 0.0 ], [ 115.362933079000072, -8.488624114999936, 0.0 ], [ 115.362635136000108, -8.488851573999966, 0.0 ], [ 115.362307807000093, -8.489231380999968, 0.0 ], [ 115.361291920000099, -8.490833029999976, 0.0 ], [ 115.360887788000014, -8.491250630999957, 0.0 ], [ 115.360341413000015, -8.491324568999971, 0.0 ], [ 115.35956593100002, -8.491206949999935, 0.0 ], [ 115.3588353130001, -8.491804234999961, 0.0 ], [ 115.358248309000032, -8.492421182999976, 0.0 ], [ 115.358092640000109, -8.492982769999969, 0.0 ], [ 115.358079440000097, -8.493656547999933, 0.0 ], [ 115.357615794000026, -8.494550370999946, 0.0 ], [ 115.357613646000118, -8.495055427999944, 0.0 ], [ 115.357774598000105, -8.495503994999979, 0.0 ], [ 115.357734576000098, -8.495904066999969, 0.0 ], [ 115.357387832000086, -8.496340962999966, 0.0 ], [ 115.356970047000118, -8.49728883399996, 0.0 ], [ 115.356861259000084, -8.498088855999981, 0.0 ], [ 115.356954056000063, -8.498794433999933, 0.0 ], [ 115.356502213000113, -8.499164178999933, 0.0 ], [ 115.356251671000109, -8.499506184999973, 0.0 ], [ 115.356241441000066, -8.499658612999951, 0.0 ], [ 115.356668211000056, -8.500061946999949, 0.0 ], [ 115.356772923000108, -8.500378459999979, 0.0 ], [ 115.356597291000071, -8.501645484999926, 0.0 ], [ 115.356717800000069, -8.502250282999967, 0.0 ], [ 115.356642449000105, -8.502720497999974, 0.0 ], [ 115.356981188000077, -8.503123051999978, 0.0 ], [ 115.357056257000067, -8.503329139999948, 0.0 ], [ 115.356997111000055, -8.50368003899996, 0.0 ], [ 115.356740831000025, -8.504207709999946, 0.0 ], [ 115.356523089, -8.50429534899996, 0.0 ], [ 115.356104619, -8.504165951999937, 0.0 ], [ 115.355994134000071, -8.504226844999948, 0.0 ], [ 115.355943621000051, -8.504403750999927, 0.0 ], [ 115.356052789000046, -8.504596959999958, 0.0 ], [ 115.356546618000039, -8.504864724999948, 0.0 ], [ 115.356731078000053, -8.505216211999937, 0.0 ], [ 115.356176770000047, -8.505620202999978, 0.0 ], [ 115.356197540000039, -8.506291186999931, 0.0 ], [ 115.356117697000059, -8.506590389999928, 0.0 ], [ 115.355693404000021, -8.506764242999964, 0.0 ], [ 115.354710883000052, -8.506953138999961, 0.0 ], [ 115.35423081600004, -8.507485709999969, 0.0 ], [ 115.354159340000024, -8.507615345999966, 0.0 ], [ 115.354177083000081, -8.507830745999968, 0.0 ], [ 115.35469485100009, -8.50829934099994, 0.0 ], [ 115.354679222000073, -8.508462625999925, 0.0 ], [ 115.354230925000024, -8.508952540999928, 0.0 ], [ 115.354448089000016, -8.509284727999955, 0.0 ], [ 115.35423709500003, -8.509457751999946, 0.0 ], [ 115.353521921000038, -8.509677795999949, 0.0 ], [ 115.35339839300002, -8.50984290699995, 0.0 ], [ 115.353416535000065, -8.509981701999948, 0.0 ], [ 115.353582231000019, -8.510179094999955, 0.0 ], [ 115.354421823000052, -8.510528953999938, 0.0 ], [ 115.354417759000057, -8.510785674999966, 0.0 ], [ 115.354040684000097, -8.511568302999933, 0.0 ], [ 115.354030710000075, -8.511819096999943, 0.0 ], [ 115.35509692200003, -8.512278065999965, 0.0 ], [ 115.35549383700004, -8.512570793999942, 0.0 ], [ 115.35576763600011, -8.513073623999958, 0.0 ], [ 115.35576014600008, -8.513443936999977, 0.0 ], [ 115.355227157000058, -8.513881381999965, 0.0 ], [ 115.35513611500005, -8.514356109999937, 0.0 ], [ 115.355260081000097, -8.514706651999973, 0.0 ], [ 115.355475117000083, -8.515073486999938, 0.0 ], [ 115.355702816000075, -8.515254462999962, 0.0 ], [ 115.355990727000062, -8.515232071999947, 0.0 ], [ 115.356295976000069, -8.515088008999953, 0.0 ], [ 115.356554695000113, -8.515184291999958, 0.0 ], [ 115.357160550000117, -8.51651979899998, 0.0 ], [ 115.357428182000035, -8.518005903999949, 0.0 ], [ 115.357599782000079, -8.518427241999973, 0.0 ], [ 115.357513188000098, -8.518897962999972, 0.0 ], [ 115.357239236000055, -8.519644552999978, 0.0 ], [ 115.357557851000024, -8.520302056999981, 0.0 ], [ 115.35754715600001, -8.520716113999981, 0.0 ], [ 115.357757366000101, -8.521493821999968, 0.0 ], [ 115.357545006, -8.522541525999941, 0.0 ], [ 115.357655865000083, -8.523239528999966, 0.0 ], [ 115.357830019000062, -8.523388552999961, 0.0 ], [ 115.358361364000075, -8.523481834999927, 0.0 ], [ 115.358868189000077, -8.524002106999944, 0.0 ], [ 115.359600866000051, -8.523899362999941, 0.0 ], [ 115.359848105000083, -8.523940676999928, 0.0 ], [ 115.360126521000097, -8.524181134999935, 0.0 ], [ 115.360302583000021, -8.524529473999962, 0.0 ], [ 115.360466557000109, -8.525587743999949, 0.0 ], [ 115.360313477000091, -8.526773982999941, 0.0 ], [ 115.360349522000092, -8.528274692999958, 0.0 ], [ 115.360568792000095, -8.529560834999927, 0.0 ], [ 115.360526698000058, -8.531428898999934, 0.0 ], [ 115.360588483000015, -8.531900218999965, 0.0 ], [ 115.361543555000026, -8.533356374999926, 0.0 ], [ 115.362725903000069, -8.534002388999966, 0.0 ], [ 115.362990736000029, -8.534243034999974, 0.0 ], [ 115.363182865000113, -8.534652533999974, 0.0 ], [ 115.363269935000062, -8.535354622999932, 0.0 ], [ 115.363687394000067, -8.53610047799998, 0.0 ], [ 115.363628450000078, -8.537337432999948, 0.0 ], [ 115.363030204000097, -8.538242733999937, 0.0 ], [ 115.362956611000072, -8.538903755999968, 0.0 ], [ 115.362575526000114, -8.539143913999965, 0.0 ], [ 115.362478105000037, -8.539417156999946, 0.0 ], [ 115.362578844000041, -8.53975608899998, 0.0 ], [ 115.363087593000046, -8.540645507999955, 0.0 ], [ 115.362650783000049, -8.542141443999981, 0.0 ], [ 115.362634632000095, -8.54253328599998, 0.0 ], [ 115.363402206000046, -8.54413651699997, 0.0 ], [ 115.363603248000118, -8.544650554999976, 0.0 ], [ 115.363615506000087, -8.544884182999965, 0.0 ], [ 115.363406555000097, -8.545253575999936, 0.0 ], [ 115.36216351600001, -8.546339948999957, 0.0 ], [ 115.361528715000077, -8.547102654999946, 0.0 ], [ 115.361212805000036, -8.547658205999937, 0.0 ], [ 115.361211091000087, -8.548198369999966, 0.0 ], [ 115.361357263000059, -8.548371417999931, 0.0 ], [ 115.361994690000074, -8.548531537999963, 0.0 ], [ 115.36236132800002, -8.548718389999976, 0.0 ], [ 115.36247765600001, -8.548858502999963, 0.0 ], [ 115.362567683000066, -8.549337124999965, 0.0 ], [ 115.363416775000019, -8.549395139999945, 0.0 ], [ 115.363706857000011, -8.549642245999962, 0.0 ], [ 115.363707913000098, -8.549896326999942, 0.0 ], [ 115.363467419000017, -8.550256083999955, 0.0 ], [ 115.363466340000059, -8.55058007599996, 0.0 ], [ 115.364106707000019, -8.551589713999931, 0.0 ], [ 115.364103942000042, -8.552325515999939, 0.0 ], [ 115.364579321000065, -8.552865407999946, 0.0 ], [ 115.36474178900005, -8.553269806999936, 0.0 ], [ 115.3646537300001, -8.553502751999929, 0.0 ], [ 115.364083482000069, -8.553867694999951, 0.0 ], [ 115.364521909000018, -8.554410915999938, 0.0 ], [ 115.364435898000011, -8.555234303999953, 0.0 ], [ 115.36477792300002, -8.555888080999978, 0.0 ], [ 115.364894504000063, -8.556726580999964, 0.0 ], [ 115.364877754000076, -8.557328162999966, 0.0 ], [ 115.365528619000088, -8.557494561999931, 0.0 ], [ 115.365777286000025, -8.557840891999945, 0.0 ], [ 115.365733433000059, -8.558186852999938, 0.0 ], [ 115.365358020000031, -8.558706674999939, 0.0 ], [ 115.365349781000077, -8.558883231999971, 0.0 ], [ 115.36626185700004, -8.559126052999943, 0.0 ], [ 115.366446783000015, -8.559288263999974, 0.0 ], [ 115.366569184000014, -8.559564727999941, 0.0 ], [ 115.366581864000068, -8.559883154999966, 0.0 ], [ 115.366437333000022, -8.560097005999978, 0.0 ], [ 115.365581100000099, -8.560068499999943, 0.0 ], [ 115.36501902200007, -8.561310062999951, 0.0 ], [ 115.365015186000051, -8.561567802999946, 0.0 ], [ 115.365176777000102, -8.561607237999965, 0.0 ], [ 115.365603536000094, -8.561226656999963, 0.0 ], [ 115.366036028000053, -8.561115801999961, 0.0 ], [ 115.366362360000039, -8.561174750999953, 0.0 ], [ 115.367021618000081, -8.561631464999948, 0.0 ], [ 115.367610242000069, -8.561449220999975, 0.0 ], [ 115.368009771000061, -8.56152265299994, 0.0 ], [ 115.368270845000097, -8.561878522999962, 0.0 ], [ 115.368372291000014, -8.562553646999959, 0.0 ], [ 115.36772243900009, -8.563791427999945, 0.0 ], [ 115.368076913000095, -8.563804284999947, 0.0 ], [ 115.368804512000111, -8.56321773999997, 0.0 ], [ 115.369180968000023, -8.563311855999928, 0.0 ], [ 115.369324970000093, -8.563781123999945, 0.0 ], [ 115.369112320000113, -8.564699299999972, 0.0 ], [ 115.369416548000117, -8.565446704999943, 0.0 ], [ 115.369445864000113, -8.566452684999945, 0.0 ], [ 115.369576201000086, -8.566541595999979, 0.0 ], [ 115.369801609000092, -8.566510404999974, 0.0 ], [ 115.370448809000095, -8.56603257699993, 0.0 ], [ 115.37065463700003, -8.566163751999966, 0.0 ], [ 115.370893581000018, -8.566549689999931, 0.0 ], [ 115.371010511, -8.56721745699997, 0.0 ], [ 115.370768987000019, -8.569047759999933, 0.0 ], [ 115.371028134000085, -8.57222592599993, 0.0 ], [ 115.371054973000014, -8.57487698999995, 0.0 ], [ 115.372968030000038, -8.574800986999946, 0.0 ], [ 115.37406497500001, -8.574991018999981, 0.0 ], [ 115.374418007000031, -8.574973974999978, 0.0 ], [ 115.374793998000087, -8.574895011999956, 0.0 ], [ 115.375625701000104, -8.574540111999966, 0.0 ], [ 115.376944492, -8.574502018999965, 0.0 ], [ 115.380226510000057, -8.57471187699997, 0.0 ], [ 115.382846297000015, -8.574647630999948, 0.0 ], [ 115.383610104000013, -8.57456197099998, 0.0 ], [ 115.38531617700005, -8.574626215999956, 0.0 ], [ 115.385558882000055, -8.574733291999962, 0.0 ], [ 115.385908663, -8.574661907999939, 0.0 ], [ 115.387200710000116, -8.574640492999947, 0.0 ], [ 115.391361381000024, -8.575245507999966, 0.0 ], [ 115.392277033000028, -8.575192967999953, 0.0 ], [ 115.396531036000056, -8.575652, 0.0 ], [ 115.398016995000035, -8.576076001999979, 0.0 ], [ 115.399271966000015, -8.576584016999959, 0.0 ], [ 115.400531995000051, -8.57720902899996, 0.0 ], [ 115.402447024000026, -8.577368021999973, 0.0 ], [ 115.40305998000008, -8.577299955999933, 0.0 ], [ 115.404496390000077, -8.576842965999958, 0.0 ], [ 115.404977993000102, -8.576831543999958, 0.0 ], [ 115.407533534000095, -8.575399584999957, 0.0 ], [ 115.409282438000105, -8.575367461999974, 0.0 ], [ 115.410672043000091, -8.575491193999937, 0.0 ], [ 115.411724954000078, -8.575445686999956, 0.0 ], [ 115.412542299000052, -8.575277934999974, 0.0 ], [ 115.414630038000041, -8.575088370999936, 0.0 ], [ 115.415810251000039, -8.574769522999929, 0.0 ], [ 115.416766794000068, -8.574864701999957, 0.0 ], [ 115.421949260000019, -8.574693380999975, 0.0 ], [ 115.423222839000118, -8.574573402999931, 0.0 ], [ 115.423619642000062, -8.57466958599997, 0.0 ], [ 115.424609498000109, -8.574712415999954, 0.0 ], [ 115.425723086000062, -8.574983674999942, 0.0 ], [ 115.427969297000118, -8.575107406999962, 0.0 ], [ 115.429232791000118, -8.575150236999946, 0.0 ], [ 115.430429006000054, -8.574831856999936, 0.0 ], [ 115.432170592000034, -8.574715310999977, 0.0 ], [ 115.432313481000051, -8.574734426999953, 0.0 ], [ 115.432324662000042, -8.574918457999956, 0.0 ], [ 115.432538814000054, -8.575018394999972, 0.0 ], [ 115.433431112000108, -8.575025533999963, 0.0 ], [ 115.43356674100005, -8.57496128799994, 0.0 ], [ 115.433545326000058, -8.574839935999933, 0.0 ], [ 115.432888595, -8.574854211999934, 0.0 ], [ 115.432945702000097, -8.574118958999975, 0.0 ], [ 115.433160210000096, -8.573842346999982, 0.0 ], [ 115.433638482000106, -8.573603210999977, 0.0 ], [ 115.433841926000014, -8.573610348999978, 0.0 ], [ 115.434048939000036, -8.57393157599995, 0.0 ], [ 115.434384919000081, -8.573825570999929, 0.0 ], [ 115.434533397000109, -8.574194863999935, 0.0 ], [ 115.434396340000035, -8.57449657899997, 0.0 ], [ 115.434446309, -8.574572721999971, 0.0 ], [ 115.434615960000087, -8.574258666999981, 0.0 ], [ 115.434443929000054, -8.573637593999933, 0.0 ], [ 115.434501036000029, -8.57332826399994, 0.0 ], [ 115.434596215000056, -8.573228326999981, 0.0 ], [ 115.435390955000116, -8.572933272999933, 0.0 ], [ 115.439821511000105, -8.572062390999974, 0.0 ], [ 115.440935495000076, -8.572007266999947, 0.0 ], [ 115.441310261000012, -8.572120290999976, 0.0 ], [ 115.441666162000047, -8.571779525999943, 0.0 ], [ 115.441958664000026, -8.571709833999932, 0.0 ], [ 115.443457724000041, -8.571745525999972, 0.0 ], [ 115.443963360000112, -8.571281530999954, 0.0 ], [ 115.444808068000043, -8.571222043999967, 0.0 ], [ 115.445402933000082, -8.57101978999998, 0.0 ], [ 115.446027542000024, -8.57090676599995, 0.0 ], [ 115.446271437000064, -8.570936508999978, 0.0 ], [ 115.44724106700005, -8.570639075999964, 0.0 ], [ 115.447662717000071, -8.570604299999957, 0.0 ], [ 115.448205024000117, -8.570182964999958, 0.0 ], [ 115.44936503100007, -8.569004975999974, 0.0 ], [ 115.451126019000071, -8.566622967999933, 0.0 ], [ 115.45182701300007, -8.56582399499996, 0.0 ], [ 115.45604103200003, -8.561934995999934, 0.0 ], [ 115.456631992000098, -8.561335000999975, 0.0 ], [ 115.458549030000086, -8.559038996999959, 0.0 ], [ 115.459572001000083, -8.557983006999962, 0.0 ], [ 115.461914015000048, -8.55583702399997, 0.0 ], [ 115.46365998400006, -8.554848983999932, 0.0 ], [ 115.464660990000084, -8.554445961999932, 0.0 ], [ 115.465506964000042, -8.553942967999944, 0.0 ], [ 115.468574993000061, -8.552806004999979, 0.0 ], [ 115.471312979000118, -8.551930965999929, 0.0 ], [ 115.471877006000113, -8.551783032999936, 0.0 ], [ 115.475604990000079, -8.551194018999979, 0.0 ], [ 115.479184150000037, -8.550722181999959, 0.0 ], [ 115.47927091300005, -8.550538891999963, 0.0 ], [ 115.479447979000042, -8.550424063999969, 0.0 ], [ 115.479546375000041, -8.550037306999968, 0.0 ], [ 115.479760579000072, -8.547400779999975, 0.0 ], [ 115.479945194000038, -8.546714655999949, 0.0 ], [ 115.480010193000112, -8.54609675599994, 0.0 ], [ 115.480027775000053, -8.54487783999997, 0.0 ], [ 115.480315610000048, -8.543700194999928, 0.0 ], [ 115.480295110000043, -8.543442681999977, 0.0 ], [ 115.4798475340001, -8.542379944999936, 0.0 ], [ 115.479524688000083, -8.541833827999938, 0.0 ], [ 115.478654105000032, -8.541063682999948, 0.0 ], [ 115.478041419000078, -8.540326856999968, 0.0 ], [ 115.477336894000018, -8.539822280999942, 0.0 ], [ 115.476032726000085, -8.538590222999972, 0.0 ], [ 115.475467776000073, -8.537990074999925, 0.0 ], [ 115.475090304000105, -8.537440639999943, 0.0 ], [ 115.474901481000074, -8.536999494999975, 0.0 ], [ 115.474933346000057, -8.535693072999948, 0.0 ], [ 115.475364089000095, -8.534881255999949, 0.0 ], [ 115.475806269000032, -8.533029055999975, 0.0 ], [ 115.475596845000041, -8.532037836999962, 0.0 ], [ 115.475611561000051, -8.530677345999948, 0.0 ], [ 115.47502402900011, -8.52878144899995, 0.0 ], [ 115.474985392, -8.527809265999963, 0.0 ], [ 115.475331699000094, -8.526794279999933, 0.0 ], [ 115.475553049000041, -8.525477722999938, 0.0 ], [ 115.476290868000092, -8.523619681999946, 0.0 ], [ 115.476424600000087, -8.523069759999942, 0.0 ], [ 115.476455224, -8.522509071999934, 0.0 ], [ 115.476331625000057, -8.521791400999973, 0.0 ], [ 115.47645237800009, -8.520428820999939, 0.0 ], [ 115.476340491000087, -8.519976558999929, 0.0 ], [ 115.473947745000032, -8.516384821999964, 0.0 ], [ 115.472629565000034, -8.51492901599994, 0.0 ], [ 115.472285122000017, -8.514583758999947, 0.0 ], [ 115.470394728000088, -8.513452872999949, 0.0 ], [ 115.469792839000092, -8.512933460999932, 0.0 ], [ 115.469665339000017, -8.512503914999968, 0.0 ], [ 115.469641405000061, -8.511301006999929, 0.0 ], [ 115.469843447000017, -8.510791349999977, 0.0 ], [ 115.469701815, -8.509974822999936, 0.0 ], [ 115.46921898800008, -8.50897619899996, 0.0 ], [ 115.465885197000034, -8.505585427999961, 0.0 ], [ 115.463654768000083, -8.504003563999959, 0.0 ], [ 115.462835372000086, -8.503699665999932, 0.0 ], [ 115.461499859000014, -8.503469950999943, 0.0 ], [ 115.460634643000049, -8.503448589999948, 0.0 ], [ 115.459265408000078, -8.503139515999976, 0.0 ], [ 115.458316980000063, -8.503299024999933, 0.0 ], [ 115.457004055000084, -8.503881760999946, 0.0 ], [ 115.455141221000076, -8.505265831999964, 0.0 ], [ 115.451215574000116, -8.507516202999966, 0.0 ], [ 115.449979836000011, -8.507454106999944, 0.0 ], [ 115.448872149000067, -8.507850347999977, 0.0 ], [ 115.447858118000113, -8.508430369999928, 0.0 ], [ 115.447094558000117, -8.508995863999928, 0.0 ], [ 115.446775018000039, -8.509418210999968, 0.0 ], [ 115.44665236600008, -8.510041500999932, 0.0 ], [ 115.446498540000107, -8.510390174999941, 0.0 ], [ 115.446064940000042, -8.510734745999969, 0.0 ], [ 115.443498773000101, -8.512644645999956, 0.0 ], [ 115.44213073800006, -8.513369224999963, 0.0 ], [ 115.441216768000118, -8.513646416999961, 0.0 ], [ 115.440706476000059, -8.514014888999952, 0.0 ], [ 115.440263457000015, -8.514695680999978, 0.0 ], [ 115.439815114000112, -8.515107746999945, 0.0 ], [ 115.439491612000097, -8.515654967999978, 0.0 ], [ 115.439275360000011, -8.516260895999949, 0.0 ], [ 115.438682310000104, -8.516995841999972, 0.0 ], [ 115.436476524000113, -8.518600963999972, 0.0 ], [ 115.436107395000022, -8.518630609999946, 0.0 ], [ 115.434730287000093, -8.519060899999943, 0.0 ], [ 115.434067798000115, -8.519374738999943, 0.0 ], [ 115.432968764000066, -8.519236284999977, 0.0 ], [ 115.430833672000063, -8.519703837999941, 0.0 ], [ 115.430206307000049, -8.519680939999944, 0.0 ], [ 115.429612707000047, -8.519550341999945, 0.0 ], [ 115.428153431000055, -8.520079646999932, 0.0 ], [ 115.426687736000076, -8.520745273999978, 0.0 ], [ 115.426255014000049, -8.52108390799998, 0.0 ], [ 115.424811969000075, -8.521546930999932, 0.0 ], [ 115.424083508000081, -8.522138334999966, 0.0 ], [ 115.422746493000091, -8.522158476999948, 0.0 ], [ 115.422286432000078, -8.522391636999942, 0.0 ], [ 115.42188154300004, -8.522770461999926, 0.0 ], [ 115.421634628000106, -8.522876587999974, 0.0 ], [ 115.421314215000052, -8.52298213499995, 0.0 ], [ 115.420856852000043, -8.523002445999964, 0.0 ], [ 115.419442907000075, -8.523465610999949, 0.0 ], [ 115.418696437000108, -8.523194104999959, 0.0 ], [ 115.418192905000069, -8.523119256999962, 0.0 ], [ 115.417958776000091, -8.523161974999937, 0.0 ], [ 115.417461078000088, -8.523850411999945, 0.0 ], [ 115.41732231200001, -8.523908754999979, 0.0 ], [ 115.416350474000069, -8.524080549999951, 0.0 ], [ 115.415915968000036, -8.524029190999954, 0.0 ], [ 115.415673120000065, -8.523872930999971, 0.0 ], [ 115.415307792000021, -8.524174074999962, 0.0 ], [ 115.414948920000029, -8.524334551999971, 0.0 ], [ 115.414797363000048, -8.524236704999964, 0.0 ], [ 115.414717087000099, -8.523513523999952, 0.0 ], [ 115.414472814000078, -8.523251565999942, 0.0 ], [ 115.414029366000022, -8.523269800999969, 0.0 ], [ 115.412864424000077, -8.523600072999955, 0.0 ], [ 115.412656123000033, -8.523720663999939, 0.0 ], [ 115.412654652000015, -8.523799901999951, 0.0 ], [ 115.412875082000028, -8.524541376999935, 0.0 ], [ 115.412389006000012, -8.525074429999961, 0.0 ], [ 115.412677098000017, -8.525516331999938, 0.0 ], [ 115.412649599000019, -8.525622960999954, 0.0 ], [ 115.411568488000057, -8.526740166999957, 0.0 ], [ 115.411832902000015, -8.527185978999967, 0.0 ], [ 115.411761409000064, -8.527416716999937, 0.0 ], [ 115.410337994000088, -8.529354350999938, 0.0 ], [ 115.410139971000035, -8.53001091699997, 0.0 ], [ 115.409990909000044, -8.529926803999956, 0.0 ], [ 115.409776015000034, -8.530127386999936, 0.0 ], [ 115.408691649000048, -8.528745117999961, 0.0 ], [ 115.407593451000025, -8.526793852999958, 0.0 ], [ 115.406661593000081, -8.525774317999947, 0.0 ], [ 115.40645005500005, -8.524172074999967, 0.0 ], [ 115.406454281000038, -8.523151789999929, 0.0 ], [ 115.406551475000015, -8.522725082999955, 0.0 ], [ 115.407187180000051, -8.521873479999954, 0.0 ], [ 115.40761902600002, -8.520615091999957, 0.0 ], [ 115.408133101000089, -8.519770781999966, 0.0 ], [ 115.407799024000042, -8.518245850999961, 0.0 ], [ 115.405511275000094, -8.515866499999959, 0.0 ], [ 115.405260553000062, -8.514765128999954, 0.0 ], [ 115.405263006000041, -8.514172646999953, 0.0 ], [ 115.405349845000046, -8.513749785999948, 0.0 ], [ 115.406118498000069, -8.513075804999971, 0.0 ], [ 115.407338944000116, -8.512900809999962, 0.0 ], [ 115.408575996000081, -8.512606442999981, 0.0 ], [ 115.410528878000036, -8.511621570999978, 0.0 ], [ 115.414134110000077, -8.509524492999958, 0.0 ], [ 115.415055645000052, -8.508897859999934, 0.0 ], [ 115.415157236000027, -8.508542082999952, 0.0 ], [ 115.415373922000072, -8.507583745999966, 0.0 ], [ 115.414908347000051, -8.506080244999964, 0.0 ], [ 115.414664967000022, -8.50561000099998, 0.0 ], [ 115.414062909000108, -8.505175836999967, 0.0 ], [ 115.413931894000029, -8.504912523999963, 0.0 ], [ 115.413990976000036, -8.504312123999966, 0.0 ], [ 115.414295211000081, -8.503750264999951, 0.0 ], [ 115.415240088000019, -8.503416250999976, 0.0 ], [ 115.415241399000024, -8.503097163999939, 0.0 ], [ 115.415037068000061, -8.502307987999927, 0.0 ], [ 115.414607152000031, -8.501311426999962, 0.0 ], [ 115.414006916000062, -8.499430335999932, 0.0 ], [ 115.413886987000069, -8.49928332199994, 0.0 ], [ 115.412176444000011, -8.498397205999936, 0.0 ], [ 115.412003331000051, -8.498156732999973, 0.0 ], [ 115.411833243000046, -8.497183646999929, 0.0 ], [ 115.412309405000087, -8.495374016999961, 0.0 ], [ 115.412257043000068, -8.495080752999968, 0.0 ], [ 115.41161016600006, -8.492813639999952, 0.0 ], [ 115.410972352000044, -8.491598888999931, 0.0 ], [ 115.410720975000118, -8.490851918999965, 0.0 ], [ 115.410074439000027, -8.488504884999941, 0.0 ], [ 115.409969883000031, -8.487878400999932, 0.0 ], [ 115.409665500000074, -8.486998016999962, 0.0 ], [ 115.409680806000097, -8.48653186599995, 0.0 ], [ 115.409923333000052, -8.486173200999929, 0.0 ], [ 115.410755960000074, -8.485603812999955, 0.0 ], [ 115.411291837000022, -8.485552721999966, 0.0 ], [ 115.411439741000095, -8.485406798999975, 0.0 ], [ 115.411320701000022, -8.485046659999966, 0.0 ], [ 115.410694101000104, -8.484364763999963, 0.0 ], [ 115.410575272000074, -8.483951349999927, 0.0 ], [ 115.410576915000092, -8.483551745999932, 0.0 ], [ 115.410645136000085, -8.483245654999962, 0.0 ], [ 115.41086060300006, -8.482953481999971, 0.0 ], [ 115.411680372000092, -8.482250840999939, 0.0 ], [ 115.411856480000097, -8.481758696999975, 0.0 ], [ 115.411857464000036, -8.481518933999951, 0.0 ], [ 115.411764332000075, -8.481372029999932, 0.0 ], [ 115.4110418570001, -8.481209242999967, 0.0 ], [ 115.410734628000114, -8.481021509999948, 0.0 ], [ 115.410508067000023, -8.480754173999969, 0.0 ], [ 115.410375687000055, -8.480380661999959, 0.0 ], [ 115.410363833000019, -8.480007648999958, 0.0 ], [ 115.41045866200011, -8.479741622999938, 0.0 ], [ 115.411413158000073, -8.478839719999939, 0.0 ], [ 115.411668088000056, -8.47872087899998, 0.0 ], [ 115.412217780000105, -8.478563270999928, 0.0 ], [ 115.412926636000066, -8.478779274999965, 0.0 ], [ 115.413087713000095, -8.478686688999971, 0.0 ], [ 115.41316986400011, -8.478247445999955, 0.0 ], [ 115.412964566000028, -8.476062064999951, 0.0 ], [ 115.413018787000055, -8.47590244099996, 0.0 ], [ 115.414172827000016, -8.475321027999939, 0.0 ], [ 115.414321171000097, -8.475068544999942, 0.0 ], [ 115.414404183000102, -8.474416175999977, 0.0 ], [ 115.414324883000063, -8.474162767999928, 0.0 ], [ 115.413791641000103, -8.473574498999938, 0.0 ], [ 115.412708008000095, -8.47331700999996, 0.0 ], [ 115.412454393000075, -8.473116177999941, 0.0 ], [ 115.412094916000115, -8.472608535999939, 0.0 ], [ 115.41184059200009, -8.472580863999951, 0.0 ], [ 115.40812521600003, -8.474044297999967, 0.0 ], [ 115.406282996000073, -8.474073483999973, 0.0 ], [ 115.406064923000031, -8.475548071999981, 0.0 ], [ 115.405772469000112, -8.476413630999957, 0.0 ], [ 115.404338557000074, -8.477866791999929, 0.0 ], [ 115.404366542000048, -8.477659166999956, 0.0 ], [ 115.404185498000061, -8.477338621999934, 0.0 ], [ 115.403856331000043, -8.477094399999942, 0.0 ], [ 115.403707274000112, -8.477077803999975, 0.0 ], [ 115.403508098000088, -8.476663843999972, 0.0 ], [ 115.403260603000035, -8.476495093999972, 0.0 ], [ 115.402976652, -8.47609564399994, 0.0 ], [ 115.402006715000084, -8.476976419999971, 0.0 ], [ 115.401642729000059, -8.477561028999958, 0.0 ], [ 115.401171952000027, -8.478065277999974, 0.0 ], [ 115.400553757000012, -8.478595558999928, 0.0 ], [ 115.399895832000084, -8.479019107999932, 0.0 ], [ 115.397291711000094, -8.480513621999933, 0.0 ], [ 115.39629878300002, -8.480989070999954, 0.0 ], [ 115.395655121000118, -8.481199551999964, 0.0 ], [ 115.39449103600009, -8.481376043999944, 0.0 ], [ 115.393582308000077, -8.482940486999951, 0.0 ], [ 115.39273791800008, -8.483834963999925, 0.0 ], [ 115.390647419000061, -8.483038807999947, 0.0 ], [ 115.390157775000034, -8.482660408999948, 0.0 ], [ 115.390050584000051, -8.482341022999947, 0.0 ], [ 115.390031639000085, -8.481590665999931, 0.0 ], [ 115.390563372000088, -8.480571748999978, 0.0 ], [ 115.391095136000104, -8.479845878999981, 0.0 ], [ 115.39147287600008, -8.478984910999941, 0.0 ], [ 115.392947321000065, -8.477699592999954, 0.0 ], [ 115.393750649000026, -8.475677483999959, 0.0 ], [ 115.393939062000072, -8.474283606999961, 0.0 ], [ 115.394280736000042, -8.473454682999943, 0.0 ], [ 115.394642443000066, -8.472923772999934, 0.0 ], [ 115.394697376000067, -8.472681304999981, 0.0 ], [ 115.394426994000014, -8.472153347999949, 0.0 ], [ 115.394436276000079, -8.471831312999939, 0.0 ], [ 115.394558753000069, -8.47149853999997, 0.0 ], [ 115.39589267000008, -8.469959333999952, 0.0 ], [ 115.396317092000118, -8.469892647999927, 0.0 ], [ 115.396513752000033, -8.469773323999959, 0.0 ], [ 115.396908682000117, -8.46914792299998, 0.0 ], [ 115.398120095000081, -8.467859397999973, 0.0 ], [ 115.398896898000089, -8.467798293999977, 0.0 ], [ 115.39900453000007, -8.467722483999978, 0.0 ], [ 115.399380645000065, -8.467145502999927, 0.0 ], [ 115.40062084300007, -8.466001774999938, 0.0 ], [ 115.400973080000085, -8.465028267999969, 0.0 ], [ 115.400695325000015, -8.462934477999966, 0.0 ], [ 115.399363086000108, -8.462266517999979, 0.0 ], [ 115.398529467000117, -8.46204051999996, 0.0 ] ] ] ] } },
{ "type": "Feature", "properties": { "OBJECTID": 923, "NAMOBJ": "Kota Denpasar", "FCODE": "BA03050040", "REMARK": " ", "METADATA": "TASWIL5000020230907KABKOTA", "SRS_ID": "4326", "KDBBPS": " ", "KDCBPS": " ", "KDCPUM": " ", "KDEBPS": " ", "KDEPUM": null, "KDPBPS": " ", "KDPKAB": "51.71", "KDPPUM": "51", "LUASWH": 125.87164642, "TIPADM": 5, "WADMKC": " ", "WADMKD": " ", "WADMKK": "Kota Denpasar", "WADMPR": "Bali", "WIADKC": " ", "WIADKK": " ", "WIADPR": " ", "WIADKD": 0, "SHAPE_Length": 0.82276311429364879, "SHAPE_Area": 0.010340938962730317 }, "geometry": { "type": "MultiPolygon", "coordinates": [ [ [ [ 115.235274647000097, -8.591582395999978, 0.0 ], [ 115.234793242000023, -8.591519025999958, 0.0 ], [ 115.234790851000071, -8.59210995199993, 0.0 ], [ 115.234530669000037, -8.593043413999965, 0.0 ], [ 115.234280095000031, -8.592623636999974, 0.0 ], [ 115.233627947000059, -8.592239886999948, 0.0 ], [ 115.233297254000036, -8.59192289899994, 0.0 ], [ 115.233267688000069, -8.591800608999961, 0.0 ], [ 115.233121837000112, -8.591815095999948, 0.0 ], [ 115.232779802000096, -8.591665312999964, 0.0 ], [ 115.229558738000037, -8.592168225999956, 0.0 ], [ 115.229602303000092, -8.592442647999974, 0.0 ], [ 115.228610524000032, -8.59256497299998, 0.0 ], [ 115.228447002000053, -8.59237215099995, 0.0 ], [ 115.228205929000069, -8.592429396999933, 0.0 ], [ 115.228041745000041, -8.592363468999963, 0.0 ], [ 115.227666867000039, -8.592455663999942, 0.0 ], [ 115.227544523, -8.592050558999972, 0.0 ], [ 115.227567520000093, -8.591753744999949, 0.0 ], [ 115.227283345000046, -8.591739168999936, 0.0 ], [ 115.22716932000003, -8.592810137999948, 0.0 ], [ 115.22615788600001, -8.592750495999951, 0.0 ], [ 115.225951659000089, -8.592883422999932, 0.0 ], [ 115.22581992500011, -8.593199356999946, 0.0 ], [ 115.225944513000059, -8.593722980999928, 0.0 ], [ 115.226096479000034, -8.593982725999979, 0.0 ], [ 115.22600877900004, -8.594364073999941, 0.0 ], [ 115.226279549000083, -8.595186458999933, 0.0 ], [ 115.226187720000098, -8.595652070999961, 0.0 ], [ 115.224684534000062, -8.597006060999945, 0.0 ], [ 115.223911999000052, -8.597365657999944, 0.0 ], [ 115.223392882000098, -8.59705835699998, 0.0 ], [ 115.223076798000079, -8.596474355999931, 0.0 ], [ 115.222900416000016, -8.596376864999968, 0.0 ], [ 115.221426264000115, -8.596242394999933, 0.0 ], [ 115.220800710000049, -8.596328124999957, 0.0 ], [ 115.21971958000006, -8.596101265999948, 0.0 ], [ 115.219201432000091, -8.596121179999955, 0.0 ], [ 115.21919191500001, -8.596025697999949, 0.0 ], [ 115.2190327080001, -8.595984059999978, 0.0 ], [ 115.218993530000034, -8.595840102999944, 0.0 ], [ 115.218768195000052, -8.595825426999966, 0.0 ], [ 115.218730981000022, -8.596060749999936, 0.0 ], [ 115.218205605000094, -8.596028571999966, 0.0 ], [ 115.218012254000087, -8.596098325999947, 0.0 ], [ 115.217747781000071, -8.595931014999962, 0.0 ], [ 115.216613549000044, -8.595609704999958, 0.0 ], [ 115.216043442000114, -8.595556245999944, 0.0 ], [ 115.215966755000068, -8.595444340999961, 0.0 ], [ 115.215319524000051, -8.595306241999936, 0.0 ], [ 115.215280232000055, -8.595586174999937, 0.0 ], [ 115.214966322, -8.595538549999958, 0.0 ], [ 115.214778186000103, -8.596888673999956, 0.0 ], [ 115.214424997000037, -8.596785400999977, 0.0 ], [ 115.214296256000011, -8.596886438999945, 0.0 ], [ 115.213840988000015, -8.596775255999944, 0.0 ], [ 115.213863856000103, -8.596678684999972, 0.0 ], [ 115.213435129000118, -8.59648458199996, 0.0 ], [ 115.21249474900003, -8.596253398999977, 0.0 ], [ 115.211724267000022, -8.596174214999962, 0.0 ], [ 115.211729592000097, -8.596366352999951, 0.0 ], [ 115.21152642900006, -8.596403831999964, 0.0 ], [ 115.211423363000108, -8.596871862999933, 0.0 ], [ 115.211239019000118, -8.596879682999941, 0.0 ], [ 115.211273877000053, -8.597147564999943, 0.0 ], [ 115.211165507000032, -8.597153257999935, 0.0 ], [ 115.211201755000047, -8.597390159999975, 0.0 ], [ 115.209945449000088, -8.597342179999941, 0.0 ], [ 115.210092668000016, -8.597815091999962, 0.0 ], [ 115.209926799000073, -8.597866376999946, 0.0 ], [ 115.210000388000026, -8.598107170999981, 0.0 ], [ 115.209932688000094, -8.598203532999946, 0.0 ], [ 115.209618361000025, -8.598311141999943, 0.0 ], [ 115.209569527000099, -8.598633169999971, 0.0 ], [ 115.209312947000058, -8.599172372999931, 0.0 ], [ 115.209248254000045, -8.599954159999982, 0.0 ], [ 115.208194644000059, -8.600231848999954, 0.0 ], [ 115.208322175000035, -8.600653852999926, 0.0 ], [ 115.207794514000057, -8.60084226999993, 0.0 ], [ 115.20788407900011, -8.601757238999937, 0.0 ], [ 115.207308363000038, -8.601730282999938, 0.0 ], [ 115.207114773000058, -8.601485476999926, 0.0 ], [ 115.206904957, -8.601553747999958, 0.0 ], [ 115.206816937000099, -8.601469055999928, 0.0 ], [ 115.206556172000091, -8.601573192999979, 0.0 ], [ 115.205529549000062, -8.601672518999976, 0.0 ], [ 115.20556478200001, -8.601859838999928, 0.0 ], [ 115.204661927000075, -8.602650107999978, 0.0 ], [ 115.203729858000088, -8.602768460999926, 0.0 ], [ 115.203495821000047, -8.602750016999948, 0.0 ], [ 115.203548322000074, -8.602444119999973, 0.0 ], [ 115.203384129000028, -8.602403691999939, 0.0 ], [ 115.2033858100001, -8.601782740999965, 0.0 ], [ 115.203129120000085, -8.601815006999971, 0.0 ], [ 115.203130956000109, -8.601953832999925, 0.0 ], [ 115.202632991000087, -8.601918041999966, 0.0 ], [ 115.20268777800004, -8.601655536999942, 0.0 ], [ 115.20197887900008, -8.601456393999968, 0.0 ], [ 115.201568003000034, -8.602494361999959, 0.0 ], [ 115.200830127000017, -8.602365728999928, 0.0 ], [ 115.200588442000026, -8.602912429999947, 0.0 ], [ 115.20068164700001, -8.602953766999974, 0.0 ], [ 115.200548222000066, -8.603254325999956, 0.0 ], [ 115.200418909000064, -8.603211579999936, 0.0 ], [ 115.200327457000071, -8.603326419999973, 0.0 ], [ 115.200086271000032, -8.603239769999959, 0.0 ], [ 115.199676310000086, -8.603687147999949, 0.0 ], [ 115.199281821000113, -8.605010721999975, 0.0 ], [ 115.198712686000022, -8.605013634999978, 0.0 ], [ 115.198706438000045, -8.605149943999947, 0.0 ], [ 115.196754356000042, -8.605020570999955, 0.0 ], [ 115.196682173000113, -8.605997635999927, 0.0 ], [ 115.196452981000107, -8.606679350999968, 0.0 ], [ 115.196575253000105, -8.606931478999968, 0.0 ], [ 115.196646419000103, -8.607398983999929, 0.0 ], [ 115.197140737000041, -8.60754852499997, 0.0 ], [ 115.197466327000029, -8.60840208999997, 0.0 ], [ 115.197362953000038, -8.60883284199997, 0.0 ], [ 115.197571380000113, -8.609339245999934, 0.0 ], [ 115.197657665000065, -8.610304134999978, 0.0 ], [ 115.197506788000055, -8.610681338999939, 0.0 ], [ 115.197480759000086, -8.611012757999958, 0.0 ], [ 115.197281861000079, -8.611199620999969, 0.0 ], [ 115.197399697000037, -8.611896874999957, 0.0 ], [ 115.196548657000108, -8.612055175999956, 0.0 ], [ 115.19619573600005, -8.611807760999966, 0.0 ], [ 115.19505588200002, -8.611463913999955, 0.0 ], [ 115.19433524100009, -8.61163441399998, 0.0 ], [ 115.194371741000054, -8.612288392999972, 0.0 ], [ 115.192938433000108, -8.612420764999968, 0.0 ], [ 115.192894195, -8.612250562999975, 0.0 ], [ 115.192416510000044, -8.612475484999948, 0.0 ], [ 115.192523144, -8.612732412999947, 0.0 ], [ 115.191875850000088, -8.612917196999945, 0.0 ], [ 115.191467210000042, -8.612909941999931, 0.0 ], [ 115.191562992000058, -8.613746779999929, 0.0 ], [ 115.190478213, -8.613608278999948, 0.0 ], [ 115.190331342000036, -8.613405720999936, 0.0 ], [ 115.19021568900007, -8.612869338999928, 0.0 ], [ 115.189317261000042, -8.612931001999925, 0.0 ], [ 115.189463814000078, -8.613701914999979, 0.0 ], [ 115.189333510000097, -8.614837512999941, 0.0 ], [ 115.188269443000081, -8.614776273999951, 0.0 ], [ 115.187927132000027, -8.615202386999954, 0.0 ], [ 115.187568856000098, -8.614992257999972, 0.0 ], [ 115.187258578000069, -8.614942827999926, 0.0 ], [ 115.187099747000048, -8.615000710999936, 0.0 ], [ 115.186517603000084, -8.615707974999964, 0.0 ], [ 115.186413817000016, -8.61655752799993, 0.0 ], [ 115.18633198100008, -8.616647404999981, 0.0 ], [ 115.186150225, -8.616524374999926, 0.0 ], [ 115.186116046000052, -8.616372500999944, 0.0 ], [ 115.185404395000091, -8.616551668999932, 0.0 ], [ 115.185278225000047, -8.616452533999961, 0.0 ], [ 115.185050023000031, -8.616454767999926, 0.0 ], [ 115.184761338000044, -8.616684407999969, 0.0 ], [ 115.18423451000001, -8.616562327999929, 0.0 ], [ 115.184210228000097, -8.616392097999949, 0.0 ], [ 115.183729063000101, -8.615928649999944, 0.0 ], [ 115.183470386000067, -8.615792600999953, 0.0 ], [ 115.183117116000062, -8.615755410999952, 0.0 ], [ 115.182014779000042, -8.616111408999927, 0.0 ], [ 115.181656533000023, -8.615850762999969, 0.0 ], [ 115.180927923000013, -8.615817522999976, 0.0 ], [ 115.180596465, -8.616158784999925, 0.0 ], [ 115.180192976000058, -8.616197460999956, 0.0 ], [ 115.180251156000054, -8.616698929999927, 0.0 ], [ 115.1800393850001, -8.616862547999972, 0.0 ], [ 115.180057402000102, -8.617435889999967, 0.0 ], [ 115.179901859000097, -8.61814962699998, 0.0 ], [ 115.179955140000061, -8.618903472999932, 0.0 ], [ 115.179886678000116, -8.619671302999961, 0.0 ], [ 115.179946930000028, -8.620043503999966, 0.0 ], [ 115.180641674000071, -8.621483081999941, 0.0 ], [ 115.181014905000097, -8.622051454999962, 0.0 ], [ 115.181218837000074, -8.622692515999972, 0.0 ], [ 115.181198882000103, -8.623115194999968, 0.0 ], [ 115.181464041000027, -8.623120255999936, 0.0 ], [ 115.181883774000084, -8.623403393999979, 0.0 ], [ 115.182241598000019, -8.623859897999978, 0.0 ], [ 115.182308237000029, -8.624167991999968, 0.0 ], [ 115.18201960500005, -8.624907825999969, 0.0 ], [ 115.182009604000086, -8.626126350999925, 0.0 ], [ 115.182129521000093, -8.627280145999976, 0.0 ], [ 115.181892356000048, -8.627360920999934, 0.0 ], [ 115.181944151000039, -8.627505059999976, 0.0 ], [ 115.181730799000093, -8.627548454999953, 0.0 ], [ 115.181769373000066, -8.627899741999954, 0.0 ], [ 115.180998718000069, -8.627944051999975, 0.0 ], [ 115.181041331000074, -8.628308445999949, 0.0 ], [ 115.180914052000048, -8.628385094999942, 0.0 ], [ 115.180230091000112, -8.628384342999937, 0.0 ], [ 115.17974639800002, -8.628186319999941, 0.0 ], [ 115.179338392000091, -8.628383000999975, 0.0 ], [ 115.179542015000038, -8.629154063999977, 0.0 ], [ 115.179763814000012, -8.629229055999929, 0.0 ], [ 115.180031526000107, -8.629758869999932, 0.0 ], [ 115.180125727000018, -8.630538416999968, 0.0 ], [ 115.180047801000114, -8.630993470999954, 0.0 ], [ 115.179878916, -8.631270991999941, 0.0 ], [ 115.179908060000116, -8.631397215999925, 0.0 ], [ 115.180045776000043, -8.631411406999973, 0.0 ], [ 115.180361766000033, -8.632094062999954, 0.0 ], [ 115.180376977000037, -8.632435529999952, 0.0 ], [ 115.180174700000066, -8.632789720999938, 0.0 ], [ 115.18024915500007, -8.633663579999961, 0.0 ], [ 115.1803263380001, -8.633673261999945, 0.0 ], [ 115.180431743000099, -8.634142475999965, 0.0 ], [ 115.181308583000032, -8.636135029999934, 0.0 ], [ 115.1813662940001, -8.636789756999974, 0.0 ], [ 115.18159627600005, -8.637059945999965, 0.0 ], [ 115.18166382000004, -8.638334458999964, 0.0 ], [ 115.181650870000112, -8.638723956999968, 0.0 ], [ 115.181361963000086, -8.639255552999941, 0.0 ], [ 115.181294147000017, -8.639259749999951, 0.0 ], [ 115.181264067000029, -8.639694675999976, 0.0 ], [ 115.181668432000038, -8.640395565999938, 0.0 ], [ 115.181684236000024, -8.64059131199997, 0.0 ], [ 115.18158217000007, -8.640912236999952, 0.0 ], [ 115.181375495000111, -8.641192222999962, 0.0 ], [ 115.181172500000116, -8.641320138999959, 0.0 ], [ 115.181079482000087, -8.641526192999947, 0.0 ], [ 115.18086232600001, -8.641578202999938, 0.0 ], [ 115.18079943400005, -8.641708379999955, 0.0 ], [ 115.180711236000093, -8.64204525599996, 0.0 ], [ 115.180765651000115, -8.642662384999937, 0.0 ], [ 115.18101329600006, -8.642727726999965, 0.0 ], [ 115.181058606000079, -8.643248184999948, 0.0 ], [ 115.180559727000059, -8.643833180999934, 0.0 ], [ 115.180621675000111, -8.644203477999952, 0.0 ], [ 115.180565426000044, -8.644360011999936, 0.0 ], [ 115.180970148000029, -8.644575135999958, 0.0 ], [ 115.181002360000093, -8.644777241999975, 0.0 ], [ 115.181287929000064, -8.645010825999975, 0.0 ], [ 115.181058494000013, -8.645987937999962, 0.0 ], [ 115.181201142000077, -8.64627248499994, 0.0 ], [ 115.181453641000076, -8.646246060999943, 0.0 ], [ 115.181557699000109, -8.646372337999935, 0.0 ], [ 115.181558181000014, -8.647234795999964, 0.0 ], [ 115.18142256200008, -8.647795611999982, 0.0 ], [ 115.181313945000056, -8.647815210999966, 0.0 ], [ 115.181247412000062, -8.647996906999936, 0.0 ], [ 115.181029319000118, -8.648059757999931, 0.0 ], [ 115.180999991000022, -8.648297897999953, 0.0 ], [ 115.180721733000041, -8.648670559999971, 0.0 ], [ 115.180804419000083, -8.648787824999943, 0.0 ], [ 115.18082250000009, -8.649053375999927, 0.0 ], [ 115.180489201000114, -8.64958551999996, 0.0 ], [ 115.180667664000111, -8.649806183999942, 0.0 ], [ 115.18033618000004, -8.650236185999972, 0.0 ], [ 115.180480432000081, -8.650706529999979, 0.0 ], [ 115.180452633000073, -8.650927764999949, 0.0 ], [ 115.180221059000019, -8.651414966999937, 0.0 ], [ 115.179988071000025, -8.651618586999973, 0.0 ], [ 115.179866546000085, -8.652267020999943, 0.0 ], [ 115.179513137000072, -8.652589940999974, 0.0 ], [ 115.179383112000096, -8.652607414999977, 0.0 ], [ 115.179200712000011, -8.652952433999928, 0.0 ], [ 115.179410607000023, -8.65311732999993, 0.0 ], [ 115.179602059000104, -8.653113983999958, 0.0 ], [ 115.179738514000064, -8.653205095999965, 0.0 ], [ 115.179702563000092, -8.653661166999939, 0.0 ], [ 115.179448733000072, -8.654134926999973, 0.0 ], [ 115.179647569000053, -8.654403745999957, 0.0 ], [ 115.179914082000096, -8.654493156999933, 0.0 ], [ 115.17990631400005, -8.654583958999979, 0.0 ], [ 115.179400219000058, -8.655375392999929, 0.0 ], [ 115.179489762000117, -8.655637641999931, 0.0 ], [ 115.179671216000088, -8.655730323999933, 0.0 ], [ 115.179864723000037, -8.655998220999948, 0.0 ], [ 115.179920522000089, -8.656174071999942, 0.0 ], [ 115.179814837000094, -8.656247897999947, 0.0 ], [ 115.179882257000031, -8.656313602999944, 0.0 ], [ 115.178749939000113, -8.656541764999929, 0.0 ], [ 115.179170464000094, -8.657049228999938, 0.0 ], [ 115.179187761000094, -8.65741629799993, 0.0 ], [ 115.179083168000034, -8.657574343999954, 0.0 ], [ 115.179072800000085, -8.657797499999958, 0.0 ], [ 115.179121741000017, -8.657965175999948, 0.0 ], [ 115.179213618000063, -8.657977116999973, 0.0 ], [ 115.179152268000053, -8.65813856699998, 0.0 ], [ 115.179820218000032, -8.658761912999978, 0.0 ], [ 115.179897888000028, -8.658942750999927, 0.0 ], [ 115.179817529000047, -8.659277317999965, 0.0 ], [ 115.179862304000039, -8.65944391599993, 0.0 ], [ 115.180494709000072, -8.659943440999939, 0.0 ], [ 115.180535036000038, -8.660080289999939, 0.0 ], [ 115.178890868000053, -8.660416490999978, 0.0 ], [ 115.178211510000096, -8.660695468999961, 0.0 ], [ 115.178132029000039, -8.660484621999956, 0.0 ], [ 115.177954139, -8.66053289599995, 0.0 ], [ 115.177921100000049, -8.660399292999955, 0.0 ], [ 115.177526936000049, -8.660486521999928, 0.0 ], [ 115.17725783100002, -8.660157268999967, 0.0 ], [ 115.176773371000081, -8.659827034999978, 0.0 ], [ 115.17713849800009, -8.659829264999928, 0.0 ], [ 115.17732396200006, -8.659187818999953, 0.0 ], [ 115.17690105500003, -8.659140359999981, 0.0 ], [ 115.177073308000104, -8.658886767999945, 0.0 ], [ 115.176504345000012, -8.658775335999962, 0.0 ], [ 115.176432954, -8.658645797999952, 0.0 ], [ 115.177770848000023, -8.658644635999963, 0.0 ], [ 115.177607812000019, -8.65836428199998, 0.0 ], [ 115.177575814000079, -8.658130526999969, 0.0 ], [ 115.176144689000012, -8.658192834999966, 0.0 ], [ 115.176114551000069, -8.657859057999929, 0.0 ], [ 115.175608986000043, -8.657905366999955, 0.0 ], [ 115.174958120000042, -8.658120581999981, 0.0 ], [ 115.17497154800003, -8.658651377999945, 0.0 ], [ 115.174826253000106, -8.659864257999971, 0.0 ], [ 115.174542167000027, -8.659801743999935, 0.0 ], [ 115.174231042000088, -8.660334543999966, 0.0 ], [ 115.17387177, -8.661352434999969, 0.0 ], [ 115.173459524, -8.661735988999965, 0.0 ], [ 115.173429868000085, -8.661854480999978, 0.0 ], [ 115.173484819, -8.662629669999944, 0.0 ], [ 115.173615827000049, -8.662983642999961, 0.0 ], [ 115.173597163000068, -8.664652711999963, 0.0 ], [ 115.173725167000043, -8.665221002999942, 0.0 ], [ 115.1736248200001, -8.665537653999934, 0.0 ], [ 115.175519996000048, -8.665789366999945, 0.0 ], [ 115.175620785000092, -8.666623692999963, 0.0 ], [ 115.175881126000036, -8.666901738999968, 0.0 ], [ 115.176006496000014, -8.66736427099994, 0.0 ], [ 115.176610286000027, -8.668255890999944, 0.0 ], [ 115.176662143000044, -8.668908302999967, 0.0 ], [ 115.17673624300005, -8.669061127999953, 0.0 ], [ 115.176967195000088, -8.669185826999978, 0.0 ], [ 115.176994654000055, -8.669369011999947, 0.0 ], [ 115.177277306000065, -8.669528936999939, 0.0 ], [ 115.177322402000073, -8.669714333999934, 0.0 ], [ 115.177243023000074, -8.669762911999953, 0.0 ], [ 115.177456939000081, -8.670286940999972, 0.0 ], [ 115.17792367100003, -8.671226865999927, 0.0 ], [ 115.178128186000095, -8.671439005999957, 0.0 ], [ 115.17833771800008, -8.672387560999937, 0.0 ], [ 115.17872916500005, -8.672550932999968, 0.0 ], [ 115.178851132000091, -8.672850371999971, 0.0 ], [ 115.178998620000016, -8.672928979999938, 0.0 ], [ 115.178889244000061, -8.673046579999948, 0.0 ], [ 115.178918205000059, -8.673114921999968, 0.0 ], [ 115.179081261000078, -8.67320119599998, 0.0 ], [ 115.179093926000064, -8.673407278999946, 0.0 ], [ 115.179311158000019, -8.673646493999968, 0.0 ], [ 115.179225321000104, -8.674223223999945, 0.0 ], [ 115.179400293000072, -8.674203445999979, 0.0 ], [ 115.179589796000073, -8.674400533999972, 0.0 ], [ 115.179751799000087, -8.674896548999925, 0.0 ], [ 115.179474227000014, -8.675166463999972, 0.0 ], [ 115.179522171000031, -8.675582249999934, 0.0 ], [ 115.179451303000064, -8.676055713999972, 0.0 ], [ 115.179223412000056, -8.676246101999936, 0.0 ], [ 115.179047921, -8.676625963999982, 0.0 ], [ 115.178874813000107, -8.676664327999958, 0.0 ], [ 115.178772953000021, -8.676579432999972, 0.0 ], [ 115.178521373000081, -8.676818844999957, 0.0 ], [ 115.178078018000065, -8.676809856999967, 0.0 ], [ 115.177929622000079, -8.677084990999958, 0.0 ], [ 115.177894435000098, -8.67784486499994, 0.0 ], [ 115.177643024000076, -8.678153111999961, 0.0 ], [ 115.176968842000065, -8.678571550999948, 0.0 ], [ 115.17667979700002, -8.67861649699995, 0.0 ], [ 115.176549037000086, -8.678524068999934, 0.0 ], [ 115.176280739000049, -8.67850270799994, 0.0 ], [ 115.175980492, -8.678920972999947, 0.0 ], [ 115.175898983000025, -8.679655796999953, 0.0 ], [ 115.175650713000095, -8.679948228999933, 0.0 ], [ 115.175547553000115, -8.680392447999964, 0.0 ], [ 115.17538915800003, -8.68054108299998, 0.0 ], [ 115.17510776600011, -8.68062841699998, 0.0 ], [ 115.175032800000054, -8.680764998999962, 0.0 ], [ 115.174045266, -8.680525132999946, 0.0 ], [ 115.173791779000112, -8.680917330999932, 0.0 ], [ 115.173566699000048, -8.681761147999964, 0.0 ], [ 115.173391490000085, -8.681941232999975, 0.0 ], [ 115.173324510000043, -8.682192280999971, 0.0 ], [ 115.172508437000033, -8.682325727999967, 0.0 ], [ 115.172763189000079, -8.682866888999968, 0.0 ], [ 115.173100804000114, -8.683049411999946, 0.0 ], [ 115.173169856000072, -8.683239900999979, 0.0 ], [ 115.173351149000041, -8.683397888999934, 0.0 ], [ 115.173352971000099, -8.683547021999971, 0.0 ], [ 115.173257787000011, -8.683601541999963, 0.0 ], [ 115.173194403000025, -8.683824300999959, 0.0 ], [ 115.173289080000018, -8.683875306999937, 0.0 ], [ 115.173479155000109, -8.684429138999974, 0.0 ], [ 115.173738056000047, -8.684477568999966, 0.0 ], [ 115.173662069000102, -8.685482135999962, 0.0 ], [ 115.174029916000109, -8.68633159999996, 0.0 ], [ 115.17421893900007, -8.686507019999965, 0.0 ], [ 115.174318456000037, -8.686895820999951, 0.0 ], [ 115.175290550000113, -8.686948148999932, 0.0 ], [ 115.176271387000043, -8.68677916799993, 0.0 ], [ 115.176571226000078, -8.686824712999965, 0.0 ], [ 115.177102637000075, -8.686763529999951, 0.0 ], [ 115.177092848000029, -8.687099281999963, 0.0 ], [ 115.177292421000061, -8.687113011999941, 0.0 ], [ 115.177425972000037, -8.687769863999961, 0.0 ], [ 115.177083377000031, -8.689443111999935, 0.0 ], [ 115.177368125000044, -8.690832275999981, 0.0 ], [ 115.177653599000109, -8.690853862999973, 0.0 ], [ 115.177821286000039, -8.691677873999936, 0.0 ], [ 115.178271726000048, -8.691869467999936, 0.0 ], [ 115.179107162000037, -8.691851112999927, 0.0 ], [ 115.179310852000071, -8.691975540999977, 0.0 ], [ 115.179770655000084, -8.691668037999932, 0.0 ], [ 115.180254062000017, -8.691899164999938, 0.0 ], [ 115.180147559000034, -8.692296943999963, 0.0 ], [ 115.180277077000028, -8.692499092999981, 0.0 ], [ 115.18019369000001, -8.692835848999948, 0.0 ], [ 115.179984183000101, -8.69315981099993, 0.0 ], [ 115.17947622500003, -8.693583168999965, 0.0 ], [ 115.179491122000059, -8.693960194999931, 0.0 ], [ 115.179650861000027, -8.694306834999963, 0.0 ], [ 115.179615450000028, -8.694921680999926, 0.0 ], [ 115.179538232000027, -8.695024717999956, 0.0 ], [ 115.178957667000077, -8.695454001999963, 0.0 ], [ 115.178004824000027, -8.695253352999941, 0.0 ], [ 115.177106333000097, -8.695489011999939, 0.0 ], [ 115.176702980000073, -8.695504672999959, 0.0 ], [ 115.176424442000098, -8.695817296999962, 0.0 ], [ 115.1763344310001, -8.696293656999956, 0.0 ], [ 115.177187866000054, -8.697863276999954, 0.0 ], [ 115.177652164000051, -8.697623379999925, 0.0 ], [ 115.177947061000054, -8.697798798999941, 0.0 ], [ 115.178287691000037, -8.697881543999927, 0.0 ], [ 115.178310850000116, -8.697611497999958, 0.0 ], [ 115.178388007000081, -8.697541361999981, 0.0 ], [ 115.179246493000051, -8.69777660099993, 0.0 ], [ 115.181761307000102, -8.697969315999956, 0.0 ], [ 115.181548758000076, -8.699885103999975, 0.0 ], [ 115.182394761000069, -8.699953060999974, 0.0 ], [ 115.182193618000042, -8.701563823999948, 0.0 ], [ 115.182242581000082, -8.702121505999969, 0.0 ], [ 115.182145927000079, -8.703748992999977, 0.0 ], [ 115.184178271000064, -8.704516568999964, 0.0 ], [ 115.184426120000012, -8.704136310999957, 0.0 ], [ 115.186281363000035, -8.70455587999993, 0.0 ], [ 115.186091552000107, -8.705340265999951, 0.0 ], [ 115.185611451000113, -8.706260906999944, 0.0 ], [ 115.18659454200008, -8.706521872999929, 0.0 ], [ 115.186560743000086, -8.70665474599997, 0.0 ], [ 115.187561989000073, -8.706966082999941, 0.0 ], [ 115.187203219000025, -8.708287205999966, 0.0 ], [ 115.187096279000116, -8.708504339999934, 0.0 ], [ 115.186964833000047, -8.708590450999964, 0.0 ], [ 115.186879549000082, -8.708975043999942, 0.0 ], [ 115.186882200000014, -8.709534861999941, 0.0 ], [ 115.186729700000114, -8.710105646999978, 0.0 ], [ 115.186372959000096, -8.710396220999939, 0.0 ], [ 115.186191535000034, -8.710688427999969, 0.0 ], [ 115.186384440000097, -8.711352151999961, 0.0 ], [ 115.185966904000111, -8.711577084999931, 0.0 ], [ 115.186310730000059, -8.712367348999976, 0.0 ], [ 115.186471343000107, -8.713220594999939, 0.0 ], [ 115.186922588000016, -8.713246719999972, 0.0 ], [ 115.186793202000104, -8.714684968999961, 0.0 ], [ 115.186840004000032, -8.715183269999955, 0.0 ], [ 115.187060857, -8.715300595999963, 0.0 ], [ 115.187095114000044, -8.715720334999958, 0.0 ], [ 115.187041611000041, -8.716242115999933, 0.0 ], [ 115.186848157000099, -8.716875496999933, 0.0 ], [ 115.186974011000075, -8.717658913999969, 0.0 ], [ 115.187058748000027, -8.717901393999966, 0.0 ], [ 115.187743644000079, -8.718297769999936, 0.0 ], [ 115.187814988000014, -8.718458399999975, 0.0 ], [ 115.188116462000039, -8.718700093999928, 0.0 ], [ 115.187160102, -8.720013801999926, 0.0 ], [ 115.18693448700003, -8.720700172999955, 0.0 ], [ 115.186961497000084, -8.721440719999975, 0.0 ], [ 115.187287558000094, -8.72147270499994, 0.0 ], [ 115.188150016, -8.72865405899995, 0.0 ], [ 115.18988141300008, -8.733226547999948, 0.0 ], [ 115.189004217000047, -8.734378628999934, 0.0 ], [ 115.189024019000044, -8.734500435999962, 0.0 ], [ 115.187461122000059, -8.735147170999937, 0.0 ], [ 115.18744700100001, -8.735696077999933, 0.0 ], [ 115.187274751000018, -8.736004605999938, 0.0 ], [ 115.18723981800008, -8.737168313999973, 0.0 ], [ 115.187433721000048, -8.737917265999954, 0.0 ], [ 115.187774764000096, -8.738543940999932, 0.0 ], [ 115.188298248000024, -8.738863403999972, 0.0 ], [ 115.188763813000037, -8.73903805599997, 0.0 ], [ 115.188839163000011, -8.739044688999968, 0.0 ], [ 115.188921275000098, -8.73876041099993, 0.0 ], [ 115.189690030000065, -8.738782985999933, 0.0 ], [ 115.190050007000082, -8.738130007999928, 0.0 ], [ 115.190270981000026, -8.737897041999929, 0.0 ], [ 115.191593986000044, -8.737148958999967, 0.0 ], [ 115.192305996000073, -8.736633965999943, 0.0 ], [ 115.192716037000082, -8.736241998999958, 0.0 ], [ 115.192719017000059, -8.73594996099996, 0.0 ], [ 115.192928997000081, -8.735789976999968, 0.0 ], [ 115.19342197800006, -8.736302038999952, 0.0 ], [ 115.193760022000106, -8.73631196599996, 0.0 ], [ 115.193714998000019, -8.736729988999969, 0.0 ], [ 115.193816976000107, -8.736871032999943, 0.0 ], [ 115.194466974000079, -8.736816007999948, 0.0 ], [ 115.194681021000065, -8.736943333999932, 0.0 ], [ 115.1951, -8.737454017999937, 0.0 ], [ 115.195164026000043, -8.737696027999959, 0.0 ], [ 115.195334037000066, -8.737916034999955, 0.0 ], [ 115.195685991, -8.738041003999967, 0.0 ], [ 115.195841009000105, -8.737950988999955, 0.0 ], [ 115.19604898800003, -8.73772401399998, 0.0 ], [ 115.196283990000097, -8.737113006999948, 0.0 ], [ 115.196312964000072, -8.736821995999946, 0.0 ], [ 115.196133024, -8.736453971999936, 0.0 ], [ 115.196513970000069, -8.734459956999956, 0.0 ], [ 115.19695003400011, -8.733563004999951, 0.0 ], [ 115.197306978000029, -8.733366022999974, 0.0 ], [ 115.19790901500005, -8.733669976999977, 0.0 ], [ 115.198490002000085, -8.734082027999932, 0.0 ], [ 115.198949964, -8.733918977999963, 0.0 ], [ 115.199284035, -8.733601032999957, 0.0 ], [ 115.199324993, -8.733075965999944, 0.0 ], [ 115.199443980000069, -8.732904969999936, 0.0 ], [ 115.200169984000013, -8.732187005999947, 0.0 ], [ 115.201152036000053, -8.731670019999967, 0.0 ], [ 115.201426972000036, -8.731666984999947, 0.0 ], [ 115.20169003, -8.731766035999954, 0.0 ], [ 115.20196402900001, -8.731989967999937, 0.0 ], [ 115.202607036000018, -8.732830036999928, 0.0 ], [ 115.20333701200002, -8.732971975999931, 0.0 ], [ 115.20440097900007, -8.732936972999937, 0.0 ], [ 115.204583011000068, -8.732791039999938, 0.0 ], [ 115.204926033000106, -8.732229978999953, 0.0 ], [ 115.205407972000103, -8.731842040999936, 0.0 ], [ 115.205512964000036, -8.731603994999944, 0.0 ], [ 115.205439999000077, -8.731475022999973, 0.0 ], [ 115.204811995000114, -8.731539030999954, 0.0 ], [ 115.204674025000031, -8.731480979999958, 0.0 ], [ 115.204272002000039, -8.730810994999956, 0.0 ], [ 115.204391002000079, -8.730385996999928, 0.0 ], [ 115.20407302600006, -8.73012895599993, 0.0 ], [ 115.204032015000053, -8.729992993999929, 0.0 ], [ 115.204085020000093, -8.729798993999964, 0.0 ], [ 115.204442004000043, -8.729560966999941, 0.0 ], [ 115.204506972000104, -8.729434997999931, 0.0 ], [ 115.204575032000093, -8.728819032999979, 0.0 ], [ 115.204839005000053, -8.728852009999969, 0.0 ], [ 115.205295964000015, -8.72923697899995, 0.0 ], [ 115.205797028, -8.729110993999939, 0.0 ], [ 115.206229997000037, -8.72910698499993, 0.0 ], [ 115.206880028000114, -8.729278004999969, 0.0 ], [ 115.207494035000082, -8.729680978999966, 0.0 ], [ 115.207993965000014, -8.72977698699998, 0.0 ], [ 115.208345036000082, -8.730023966999966, 0.0 ], [ 115.209250025000074, -8.730123965999951, 0.0 ], [ 115.209717985000111, -8.730544957999939, 0.0 ], [ 115.210276985000064, -8.730321978999939, 0.0 ], [ 115.210584976000064, -8.730364017999932, 0.0 ], [ 115.211457991000088, -8.731435026999975, 0.0 ], [ 115.211386460000085, -8.732717219999927, 0.0 ], [ 115.211574788, -8.732800151999982, 0.0 ], [ 115.211698520000027, -8.732771598999932, 0.0 ], [ 115.211855564000075, -8.73223859899997, 0.0 ], [ 115.212074474000019, -8.731838849999974, 0.0 ], [ 115.212420718000089, -8.73185553999997, 0.0 ], [ 115.21301363200007, -8.728825874999927, 0.0 ], [ 115.21368399000005, -8.726202985999976, 0.0 ], [ 115.213875004000101, -8.726231002999953, 0.0 ], [ 115.214161018000027, -8.72656101299998, 0.0 ], [ 115.215207975000112, -8.726697006999927, 0.0 ], [ 115.21528903, -8.726906011999972, 0.0 ], [ 115.215483024000036, -8.727064025999937, 0.0 ], [ 115.216475966000075, -8.726867029999937, 0.0 ], [ 115.216876987000092, -8.726489992999973, 0.0 ], [ 115.217238988000076, -8.726297983999928, 0.0 ], [ 115.217442024000093, -8.726335004999953, 0.0 ], [ 115.21785297100007, -8.726581986999975, 0.0 ], [ 115.218074033000107, -8.726609961999941, 0.0 ], [ 115.218806973000028, -8.726427014999956, 0.0 ], [ 115.219193002000111, -8.726825014999974, 0.0 ], [ 115.220456031000026, -8.726888971999927, 0.0 ], [ 115.221320979000097, -8.726472975999968, 0.0 ], [ 115.222439017000056, -8.725587040999926, 0.0 ], [ 115.223588990000053, -8.725410013999976, 0.0 ], [ 115.224072360000036, -8.725229652999928, 0.0 ], [ 115.224576361000118, -8.725823056999957, 0.0 ], [ 115.225290199000028, -8.726489305999962, 0.0 ], [ 115.225944551000111, -8.726798635999955, 0.0 ], [ 115.226670286000058, -8.726739148999968, 0.0 ], [ 115.227181871000084, -8.726215667999952, 0.0 ], [ 115.227277049, -8.726013413999965, 0.0 ], [ 115.227217563000067, -8.725870645999976, 0.0 ], [ 115.226468032000071, -8.724990244999958, 0.0 ], [ 115.22526640500007, -8.724335893999978, 0.0 ], [ 115.224860076000027, -8.72398106199995, 0.0 ], [ 115.224828007000042, -8.723831960999973, 0.0 ], [ 115.224351969000054, -8.723610984999937, 0.0 ], [ 115.224335987000018, -8.723472971999968, 0.0 ], [ 115.224525998000104, -8.723095027999932, 0.0 ], [ 115.224257964000117, -8.722748023999941, 0.0 ], [ 115.224253027000032, -8.722334004999936, 0.0 ], [ 115.225300975000096, -8.721735989999956, 0.0 ], [ 115.226163014, -8.721027998999944, 0.0 ], [ 115.227428988000042, -8.720257983999943, 0.0 ], [ 115.227808032000098, -8.719755001999943, 0.0 ], [ 115.229438017, -8.719491970999968, 0.0 ], [ 115.230381979000072, -8.719556029999978, 0.0 ], [ 115.232094005000022, -8.719374, 0.0 ], [ 115.232749973000068, -8.71912802099996, 0.0 ], [ 115.234220029000085, -8.718041018999941, 0.0 ], [ 115.235022017, -8.71786197299997, 0.0 ], [ 115.235309978000032, -8.717684965999979, 0.0 ], [ 115.236616014000106, -8.717537996999965, 0.0 ], [ 115.236878975000081, -8.717450993999933, 0.0 ], [ 115.237019994000093, -8.717275020999978, 0.0 ], [ 115.237628988000097, -8.717202007999958, 0.0 ], [ 115.23790201700001, -8.717300988999966, 0.0 ], [ 115.238078027000029, -8.717140996999944, 0.0 ], [ 115.238690997000049, -8.717179001999966, 0.0 ], [ 115.239034034000042, -8.717096979999951, 0.0 ], [ 115.239337586000033, -8.71690968799993, 0.0 ], [ 115.23953508000011, -8.716522853999948, 0.0 ], [ 115.240224597000065, -8.715669958999968, 0.0 ], [ 115.240469032000078, -8.715555017999975, 0.0 ], [ 115.240671006000071, -8.715130021999926, 0.0 ], [ 115.242233985000098, -8.714338001999977, 0.0 ], [ 115.242608878000055, -8.714055196999936, 0.0 ], [ 115.243007730000045, -8.713576494999927, 0.0 ], [ 115.243531385000097, -8.713306714999931, 0.0 ], [ 115.245301704000099, -8.712716608999926, 0.0 ], [ 115.246015542, -8.712545287999944, 0.0 ], [ 115.247452737000117, -8.712554805999957, 0.0 ], [ 115.247823933000063, -8.712716608999926, 0.0 ], [ 115.248108278000018, -8.713092563999965, 0.0 ], [ 115.24814991900007, -8.713657685999976, 0.0 ], [ 115.248381916000085, -8.713729069999943, 0.0 ], [ 115.248994628000105, -8.713407841999981, 0.0 ], [ 115.250719737000054, -8.713354303999949, 0.0 ], [ 115.250844659000109, -8.713526814999966, 0.0 ], [ 115.250856556000031, -8.712955744999931, 0.0 ], [ 115.250921991000041, -8.712866514999973, 0.0 ], [ 115.251701264000076, -8.712628568999946, 0.0 ], [ 115.252593562000015, -8.712533389999976, 0.0 ], [ 115.252795817000106, -8.712580979999927, 0.0 ], [ 115.252914790000091, -8.712753490999944, 0.0 ], [ 115.253122992000044, -8.712801079999963, 0.0 ], [ 115.253087301000051, -8.712658311999974, 0.0 ], [ 115.252873149000038, -8.712575030999972, 0.0 ], [ 115.252873149000038, -8.712140778999981, 0.0 ], [ 115.253563193000105, -8.711849294999979, 0.0 ], [ 115.253848728000094, -8.711831448999931, 0.0 ], [ 115.255240713000035, -8.712081292999926, 0.0 ], [ 115.255585735000068, -8.712045600999943, 0.0 ], [ 115.255663067000114, -8.711771962999933, 0.0 ], [ 115.256620800000064, -8.711200891999965, 0.0 ], [ 115.257798633000107, -8.710665512999981, 0.0 ], [ 115.258470831000068, -8.710112288999937, 0.0 ], [ 115.259553486000073, -8.709576909999953, 0.0 ], [ 115.260356554000055, -8.708934455999952, 0.0 ], [ 115.260874087000047, -8.708898763999969, 0.0 ], [ 115.261134638000044, -8.70857396699995, 0.0 ], [ 115.261605771000063, -8.70827415499997, 0.0 ], [ 115.262269641000103, -8.707453240999939, 0.0 ], [ 115.262740774, -8.707424687999946, 0.0 ], [ 115.263065570000094, -8.707092752999927, 0.0 ], [ 115.263686610000036, -8.706696572999931, 0.0 ], [ 115.263533134000113, -8.706503835999968, 0.0 ], [ 115.263501012, -8.706250423999961, 0.0 ], [ 115.264129189000073, -8.705590122999979, 0.0 ], [ 115.264181891000021, -8.705033475999926, 0.0 ], [ 115.264594023000086, -8.704308966999974, 0.0 ], [ 115.265045970000074, -8.702475033999974, 0.0 ], [ 115.265692016000116, -8.700354982999954, 0.0 ], [ 115.266076000000112, -8.698290954999948, 0.0 ], [ 115.266414002000033, -8.696970026999963, 0.0 ], [ 115.266780004000111, -8.694268002999934, 0.0 ], [ 115.266901982000036, -8.692148993999979, 0.0 ], [ 115.266792983000073, -8.691215990999979, 0.0 ], [ 115.265946020000115, -8.688267002999964, 0.0 ], [ 115.265569987000049, -8.688051960999928, 0.0 ], [ 115.265482011000017, -8.687892014999932, 0.0 ], [ 115.264680021000117, -8.684616004999953, 0.0 ], [ 115.26450202, -8.683568972999979, 0.0 ], [ 115.264288021000084, -8.681617021999955, 0.0 ], [ 115.264496975000043, -8.68034703099994, 0.0 ], [ 115.264945025000088, -8.678436959999942, 0.0 ], [ 115.265036020000025, -8.677205029999925, 0.0 ], [ 115.265211037000086, -8.676977037999961, 0.0 ], [ 115.265198007000095, -8.676845002999926, 0.0 ], [ 115.264651979000064, -8.676761978999934, 0.0 ], [ 115.264472984, -8.676599991999979, 0.0 ], [ 115.264118985000096, -8.675277, 0.0 ], [ 115.263404966000053, -8.673600012999941, 0.0 ], [ 115.262529989000086, -8.67183198999993, 0.0 ], [ 115.261398028000031, -8.669805986999961, 0.0 ], [ 115.26117101300008, -8.669188012999939, 0.0 ], [ 115.261089018, -8.668363968999927, 0.0 ], [ 115.261454990000061, -8.665629044999946, 0.0 ], [ 115.261761, -8.664544983999974, 0.0 ], [ 115.261968012000011, -8.664118994999967, 0.0 ], [ 115.262996029000078, -8.662576030999958, 0.0 ], [ 115.264418008, -8.660108038999965, 0.0 ], [ 115.266423037000095, -8.657694025999945, 0.0 ], [ 115.269916005000027, -8.654112956999938, 0.0 ], [ 115.271902026000021, -8.652829019999956, 0.0 ], [ 115.273635029000047, -8.651333036999972, 0.0 ], [ 115.274880993000011, -8.650443024999959, 0.0 ], [ 115.274244132000035, -8.650201569999979, 0.0 ], [ 115.273102573000074, -8.647502109999948, 0.0 ], [ 115.272749409000085, -8.645453329999953, 0.0 ], [ 115.270943246000115, -8.640865087999941, 0.0 ], [ 115.270574477000082, -8.640755568999964, 0.0 ], [ 115.270027501000072, -8.64082467999998, 0.0 ], [ 115.268916680000075, -8.641506841999956, 0.0 ], [ 115.268139469000062, -8.641589224999962, 0.0 ], [ 115.267282465000108, -8.64161285299997, 0.0 ], [ 115.267003535000072, -8.641469558999972, 0.0 ], [ 115.265924423000115, -8.641507623999928, 0.0 ], [ 115.265673144000061, -8.64139879499993, 0.0 ], [ 115.265551644000084, -8.641233927999963, 0.0 ], [ 115.265634756000054, -8.640361016999975, 0.0 ], [ 115.264516404, -8.638770101999967, 0.0 ], [ 115.264683271000081, -8.63812440099997, 0.0 ], [ 115.264669433000108, -8.637735562999978, 0.0 ], [ 115.261851377000085, -8.637584715999935, 0.0 ], [ 115.260910804000105, -8.637360756999954, 0.0 ], [ 115.259902963000059, -8.636796429999947, 0.0 ], [ 115.258470205000094, -8.633296056999939, 0.0 ], [ 115.256912079000017, -8.633731252999951, 0.0 ], [ 115.256050089000041, -8.632497839999928, 0.0 ], [ 115.255574668, -8.632170076999955, 0.0 ], [ 115.255967728000087, -8.62966744199997, 0.0 ], [ 115.256629892000092, -8.62849654799993, 0.0 ], [ 115.256735410000033, -8.627255752999929, 0.0 ], [ 115.25665527600006, -8.626395732999981, 0.0 ], [ 115.256432094000047, -8.625344570999971, 0.0 ], [ 115.25605934500004, -8.62385911299998, 0.0 ], [ 115.255797853000104, -8.623224, 0.0 ], [ 115.255547338000042, -8.622816193999938, 0.0 ], [ 115.255199964000099, -8.622563437999929, 0.0 ], [ 115.254347117000066, -8.622463872999958, 0.0 ], [ 115.254155211000011, -8.622379274999957, 0.0 ], [ 115.253981038, -8.622144630999969, 0.0 ], [ 115.252078014000062, -8.622064149999972, 0.0 ], [ 115.251907860000074, -8.621529942999928, 0.0 ], [ 115.251689707000082, -8.621556072999965, 0.0 ], [ 115.251690705000101, -8.621339087999957, 0.0 ], [ 115.251136924000093, -8.621255194999947, 0.0 ], [ 115.250940266000043, -8.620558124999945, 0.0 ], [ 115.250413075000097, -8.620619011999963, 0.0 ], [ 115.249214797000036, -8.620423684999935, 0.0 ], [ 115.248644924000018, -8.617153495999958, 0.0 ], [ 115.247325263000107, -8.616842155999962, 0.0 ], [ 115.246028099000114, -8.616356454999959, 0.0 ], [ 115.245699843000011, -8.615081688999965, 0.0 ], [ 115.245360376, -8.613091762999943, 0.0 ], [ 115.244338239000058, -8.611911379999981, 0.0 ], [ 115.243334644000015, -8.609131507999962, 0.0 ], [ 115.243021595000073, -8.607505695999976, 0.0 ], [ 115.242808487000048, -8.605033444999947, 0.0 ], [ 115.244195995000041, -8.601382415999979, 0.0 ], [ 115.241652990000034, -8.600406626999927, 0.0 ], [ 115.241281484000069, -8.601403519999963, 0.0 ], [ 115.241092261000063, -8.601690316999964, 0.0 ], [ 115.240893528000015, -8.60177854899996, 0.0 ], [ 115.24034142000005, -8.601686306999966, 0.0 ], [ 115.24007562700001, -8.602701792999937, 0.0 ], [ 115.238718472000073, -8.602651560999959, 0.0 ], [ 115.238274641000089, -8.602590632999977, 0.0 ], [ 115.238275700000031, -8.602539165999929, 0.0 ], [ 115.237523802000055, -8.602496237999958, 0.0 ], [ 115.237267472000099, -8.602058285999931, 0.0 ], [ 115.237342020000028, -8.601792762999935, 0.0 ], [ 115.23718786500001, -8.601297202999945, 0.0 ], [ 115.23753513500003, -8.60079805099997, 0.0 ], [ 115.237477853000087, -8.600258623999935, 0.0 ], [ 115.237696615000118, -8.600079903999927, 0.0 ], [ 115.238006340000084, -8.600159407999968, 0.0 ], [ 115.238173898000014, -8.59974247699995, 0.0 ], [ 115.238050335000025, -8.599515399999973, 0.0 ], [ 115.238489969000057, -8.599644456999954, 0.0 ], [ 115.238602386000025, -8.599571842999978, 0.0 ], [ 115.238618332000101, -8.599355009999954, 0.0 ], [ 115.238176451000072, -8.597690870999941, 0.0 ], [ 115.238023466000072, -8.59764926899993, 0.0 ], [ 115.237798656000109, -8.597789537999972, 0.0 ], [ 115.237545708000084, -8.597820605999971, 0.0 ], [ 115.237335838000035, -8.597423017999972, 0.0 ], [ 115.237582565000025, -8.597121098999935, 0.0 ], [ 115.237428144000091, -8.596851428999969, 0.0 ], [ 115.237590978000071, -8.596378700999935, 0.0 ], [ 115.237347784, -8.596185470999956, 0.0 ], [ 115.237501465000037, -8.595806899999957, 0.0 ], [ 115.237464138000064, -8.595530328999928, 0.0 ], [ 115.237620912000011, -8.59529059099998, 0.0 ], [ 115.237487902000112, -8.594968961999939, 0.0 ], [ 115.235981185000014, -8.594939752999949, 0.0 ], [ 115.235865681000064, -8.592893871999934, 0.0 ], [ 115.235633366000116, -8.592832686999941, 0.0 ], [ 115.235603805000096, -8.592283381999948, 0.0 ], [ 115.235432217000039, -8.592052545999934, 0.0 ], [ 115.235274647000097, -8.591582395999978, 0.0 ] ] ], [ [ [ 115.213956858000074, -8.735726739999961, 0.0 ], [ 115.215022857, -8.734337133999929, 0.0 ], [ 115.215689106000013, -8.733670884999981, 0.0 ], [ 115.216355355000019, -8.733309206999934, 0.0 ], [ 115.216812211000047, -8.733252099999959, 0.0 ], [ 115.217364246000102, -8.732795243999931, 0.0 ], [ 115.218163745000084, -8.731881530999942, 0.0 ], [ 115.21902035100004, -8.731120102999967, 0.0 ], [ 115.218982280000091, -8.73073938899995, 0.0 ], [ 115.218163745000084, -8.729578211999979, 0.0 ], [ 115.217230997000115, -8.72902617699998, 0.0 ], [ 115.213861680000036, -8.728321856999969, 0.0 ], [ 115.213442895000071, -8.72914039099993, 0.0 ], [ 115.213385788000096, -8.73011121199994, 0.0 ], [ 115.212833753000041, -8.731615030999933, 0.0 ], [ 115.212700503000065, -8.732642957999929, 0.0 ], [ 115.212605324000037, -8.73296656499997, 0.0 ], [ 115.212300753000022, -8.733290170999965, 0.0 ], [ 115.211645276000013, -8.735221042999967, 0.0 ], [ 115.211113842000032, -8.737142283999958, 0.0 ], [ 115.210872029000029, -8.738419626999928, 0.0 ], [ 115.210124712000038, -8.738677321999944, 0.0 ], [ 115.208282188000112, -8.737994428999968, 0.0 ], [ 115.208101801000112, -8.737749617999953, 0.0 ], [ 115.208217764000096, -8.736912106999966, 0.0 ], [ 115.205589269000029, -8.73629363799995, 0.0 ], [ 115.205344458000013, -8.737208456999952, 0.0 ], [ 115.204746821000072, -8.737101877999976, 0.0 ], [ 115.203985394000028, -8.737158984999951, 0.0 ], [ 115.201586897000084, -8.73780619799993, 0.0 ], [ 115.201320397000018, -8.738148839999951, 0.0 ], [ 115.200958719000027, -8.739367123999955, 0.0 ], [ 115.200806434000015, -8.739900123999973, 0.0 ], [ 115.200863541000103, -8.740509265999947, 0.0 ], [ 115.200616077000063, -8.74102322899995, 0.0 ], [ 115.200539934000062, -8.741422978999935, 0.0 ], [ 115.20111100500003, -8.742108263999967, 0.0 ], [ 115.20269096700008, -8.742869690999953, 0.0 ], [ 115.202843252000093, -8.743212332999974, 0.0 ], [ 115.203185895000047, -8.743250404999969, 0.0 ], [ 115.203509502000088, -8.742793547999952, 0.0 ], [ 115.203376252000112, -8.741917906999959, 0.0 ], [ 115.203395287000035, -8.740909014999943, 0.0 ], [ 115.203642751000075, -8.739728802999934, 0.0 ], [ 115.204194786000016, -8.738110768999945, 0.0 ], [ 115.204289965000044, -8.737501626999972, 0.0 ], [ 115.20442321500002, -8.737292233999938, 0.0 ], [ 115.20478489300001, -8.737292233999938, 0.0 ], [ 115.205228495000028, -8.737466152999957, 0.0 ], [ 115.207869875000029, -8.738045967999938, 0.0 ], [ 115.20772799100007, -8.739372031999949, 0.0 ], [ 115.207321016000037, -8.741460042999961, 0.0 ], [ 115.206232004000071, -8.746050013999934, 0.0 ], [ 115.20753399900002, -8.74621897399993, 0.0 ], [ 115.208896008000011, -8.746265010999934, 0.0 ], [ 115.209903010000062, -8.746430037999971, 0.0 ], [ 115.209929979000094, -8.746556983999938, 0.0 ], [ 115.211767028000054, -8.746707037999954, 0.0 ], [ 115.211807017000069, -8.746524002999934, 0.0 ], [ 115.211731020000116, -8.746463985999981, 0.0 ], [ 115.211362966000024, -8.746458992999976, 0.0 ], [ 115.21140102600009, -8.745534016999954, 0.0 ], [ 115.21068002200002, -8.74540596099996, 0.0 ], [ 115.210572985000113, -8.745020025999963, 0.0 ], [ 115.210584019000066, -8.74456097999996, 0.0 ], [ 115.212015, -8.744835026999965, 0.0 ], [ 115.212599994000016, -8.742260998999939, 0.0 ], [ 115.212550977000092, -8.742216023999958, 0.0 ], [ 115.212803991000101, -8.740856011999938, 0.0 ], [ 115.212719265000032, -8.740800895999939, 0.0 ], [ 115.212760429000014, -8.740443984999956, 0.0 ], [ 115.213218475000076, -8.739248305999979, 0.0 ], [ 115.21368841900005, -8.737588631999927, 0.0 ], [ 115.213664624000103, -8.737517247999961, 0.0 ], [ 115.213271573000043, -8.737478022999937, 0.0 ], [ 115.212871824000104, -8.737306701999955, 0.0 ], [ 115.21265930200002, -8.736981868999976, 0.0 ], [ 115.212851504000014, -8.736174229999961, 0.0 ], [ 115.21372843000006, -8.736316845999966, 0.0 ], [ 115.213956858000074, -8.735726739999961, 0.0 ] ] ], [ [ [ 115.233800973000029, -8.723537017999945, 0.0 ], [ 115.233904982000013, -8.72323296999997, 0.0 ], [ 115.233714028, -8.72312803899996, 0.0 ], [ 115.23232198900007, -8.72348999899998, 0.0 ], [ 115.231840987000055, -8.723494989999949, 0.0 ], [ 115.23159703500005, -8.723760962999961, 0.0 ], [ 115.231664998000042, -8.723920008999926, 0.0 ], [ 115.232091017000016, -8.724277958999949, 0.0 ], [ 115.232592968000063, -8.724296025999934, 0.0 ], [ 115.233224022000059, -8.72399596799994, 0.0 ], [ 115.233800973000029, -8.723537017999945, 0.0 ] ] ], [ [ [ 115.240072898000108, -8.721854527999938, 0.0 ], [ 115.239156806000096, -8.721200175999968, 0.0 ], [ 115.238847476000046, -8.721176380999964, 0.0 ], [ 115.237621579, -8.72158163499995, 0.0 ], [ 115.236528374000045, -8.72135091499996, 0.0 ], [ 115.236328499000024, -8.721408021999935, 0.0 ], [ 115.235605143000043, -8.722131377999972, 0.0 ], [ 115.235062626000058, -8.722388359999968, 0.0 ], [ 115.234463002000098, -8.722949911999933, 0.0 ], [ 115.233663503000116, -8.724073017999956, 0.0 ], [ 115.233387485000094, -8.724977212999931, 0.0 ], [ 115.232892557000014, -8.725281783999947, 0.0 ], [ 115.232635576, -8.725310337999929, 0.0 ], [ 115.232292933000053, -8.725139016999947, 0.0 ], [ 115.231617166000092, -8.724149160999957, 0.0 ], [ 115.23105561300008, -8.723568571999976, 0.0 ], [ 115.230855739000049, -8.723473393999939, 0.0 ], [ 115.230674900000054, -8.723711339999966, 0.0 ], [ 115.230649502, -8.723867966999933, 0.0 ], [ 115.230141987000025, -8.724088994999931, 0.0 ], [ 115.229622007000103, -8.724525966999977, 0.0 ], [ 115.229286013000092, -8.725020020999978, 0.0 ], [ 115.229339993000053, -8.725411038999937, 0.0 ], [ 115.229883, -8.725828020999927, 0.0 ], [ 115.229967967000107, -8.725987959999941, 0.0 ], [ 115.229818032000026, -8.726575985999943, 0.0 ], [ 115.229897344000051, -8.727239629999929, 0.0 ], [ 115.22983376000002, -8.727441144999943, 0.0 ], [ 115.229695752000111, -8.727411639999957, 0.0 ], [ 115.229334073000018, -8.727002372999948, 0.0 ], [ 115.228848663, -8.726640693999968, 0.0 ], [ 115.228601199000082, -8.726593104999949, 0.0 ], [ 115.228515539000114, -8.726792979999971, 0.0 ], [ 115.228372771000068, -8.726802497999927, 0.0 ], [ 115.227944468000032, -8.726545515999931, 0.0 ], [ 115.227801701000089, -8.726535997999974, 0.0 ], [ 115.227573272000086, -8.726840568999933, 0.0 ], [ 115.227106898000102, -8.727820906999966, 0.0 ], [ 115.226385921000087, -8.728370562999942, 0.0 ], [ 115.225065320000112, -8.729055846999927, 0.0 ], [ 115.224651294000068, -8.729355658999964, 0.0 ], [ 115.224237268000024, -8.72980537799998, 0.0 ], [ 115.224058808000109, -8.730162296999936, 0.0 ], [ 115.224015978000011, -8.730926103999934, 0.0 ], [ 115.223723304000032, -8.731297299999937, 0.0 ], [ 115.22328786300011, -8.731425790999936, 0.0 ], [ 115.222773899000117, -8.731268745999955, 0.0 ], [ 115.222317043000089, -8.73132585299993, 0.0 ], [ 115.22213858300006, -8.731411513999944, 0.0 ], [ 115.221910155000046, -8.731689910999933, 0.0 ], [ 115.221767387000114, -8.731968307999978, 0.0 ], [ 115.221724557000016, -8.732325226999933, 0.0 ], [ 115.222195690000035, -8.73322466299993, 0.0 ], [ 115.222359873000073, -8.733902808999972, 0.0 ], [ 115.222352735000072, -8.734395357999972, 0.0 ], [ 115.221945847000029, -8.734902182999974, 0.0 ], [ 115.221196317000022, -8.73500925899998, 0.0 ], [ 115.220989304000113, -8.735109195999939, 0.0 ], [ 115.220775152000101, -8.735658851999972, 0.0 ], [ 115.220568139000079, -8.736708193999959, 0.0 ], [ 115.220822147000035, -8.738725381999927, 0.0 ], [ 115.220596098000101, -8.738903841999957, 0.0 ], [ 115.220001233000062, -8.739153684999962, 0.0 ], [ 115.21978708100005, -8.739498706999939, 0.0 ], [ 115.219334983000067, -8.741925756999933, 0.0 ], [ 115.218906680000032, -8.743008411999938, 0.0 ], [ 115.217824026000017, -8.746506219999958, 0.0 ], [ 115.217800231000069, -8.746910727999932, 0.0 ], [ 115.217895410000096, -8.747315235999963, 0.0 ], [ 115.218371302000037, -8.748183739999945, 0.0 ], [ 115.218728221000106, -8.748457377999955, 0.0 ], [ 115.220191589000024, -8.74912362699996, 0.0 ], [ 115.221143374, -8.749421058999928, 0.0 ], [ 115.224022522000041, -8.750039718999972, 0.0 ], [ 115.225902296000072, -8.750539405999973, 0.0 ], [ 115.226544750000016, -8.750848735999966, 0.0 ], [ 115.228448319000108, -8.752276411999958, 0.0 ], [ 115.229114568000114, -8.752371590999928, 0.0 ], [ 115.229852201000085, -8.752062260999935, 0.0 ], [ 115.230042558000036, -8.751800519999961, 0.0 ], [ 115.230185326000083, -8.751158065999959, 0.0 ], [ 115.229947380000112, -8.75023007599998, 0.0 ], [ 115.230137736000074, -8.749896950999926, 0.0 ], [ 115.232659965000039, -8.748231328999964, 0.0 ], [ 115.232874117000051, -8.748421685999972, 0.0 ], [ 115.233373803000063, -8.748469274999934, 0.0 ], [ 115.233897285000012, -8.748326506999945, 0.0 ], [ 115.2343017930001, -8.747898203999966, 0.0 ], [ 115.234730096000021, -8.746779857999968, 0.0 ], [ 115.234634918000097, -8.74604222499994, 0.0 ], [ 115.234444561000032, -8.745518742999934, 0.0 ], [ 115.234182820000115, -8.745090439999956, 0.0 ], [ 115.233635544000094, -8.74456695899994, 0.0 ], [ 115.233088268000074, -8.74418624499998, 0.0 ], [ 115.232517197000107, -8.743995887999972, 0.0 ], [ 115.231850948000101, -8.743972093999957, 0.0 ], [ 115.230946753000012, -8.74432901299997, 0.0 ], [ 115.230018763000089, -8.743972093999957, 0.0 ], [ 115.228971801000057, -8.743424817999937, 0.0 ], [ 115.226992955000014, -8.741755449999971, 0.0 ], [ 115.227212161000011, -8.741588930999967, 0.0 ], [ 115.22799400800011, -8.741329973999939, 0.0 ], [ 115.228356005000023, -8.741094025999928, 0.0 ], [ 115.228521985000043, -8.740823986999942, 0.0 ], [ 115.228228996000098, -8.740648972999963, 0.0 ], [ 115.22815196800002, -8.740441975999943, 0.0 ], [ 115.228043028000116, -8.739313009999933, 0.0 ], [ 115.228316027, -8.738564030999953, 0.0 ], [ 115.228975005000052, -8.737862954999969, 0.0 ], [ 115.229359989000045, -8.737233002999972, 0.0 ], [ 115.229354024000031, -8.736528004999968, 0.0 ], [ 115.229131991000031, -8.735799038999971, 0.0 ], [ 115.229155006000042, -8.735526974999971, 0.0 ], [ 115.229403977000061, -8.73493001199995, 0.0 ], [ 115.229649030000019, -8.734814007999944, 0.0 ], [ 115.229728008000052, -8.73486201399993, 0.0 ], [ 115.229742987, -8.734942984999975, 0.0 ], [ 115.229483033000065, -8.735279023999965, 0.0 ], [ 115.229395966000084, -8.735801988999981, 0.0 ], [ 115.229952013000116, -8.736936026999956, 0.0 ], [ 115.229951982000102, -8.737434992999965, 0.0 ], [ 115.229546028000073, -8.738285043999952, 0.0 ], [ 115.228845, -8.738829996999925, 0.0 ], [ 115.228842991000079, -8.739081006999982, 0.0 ], [ 115.229198017000044, -8.739067028999955, 0.0 ], [ 115.23048997, -8.738572035999937, 0.0 ], [ 115.230666889000076, -8.738798668999948, 0.0 ], [ 115.231309343000021, -8.739291217999948, 0.0 ], [ 115.231916106000085, -8.739433985999938, 0.0 ], [ 115.232301579000023, -8.739798042999951, 0.0 ], [ 115.2326370830001, -8.739926533999949, 0.0 ], [ 115.233165323000094, -8.740626094999925, 0.0 ], [ 115.233843469000021, -8.740975875999936, 0.0 ], [ 115.234000514000059, -8.741125781999926, 0.0 ], [ 115.234093313000017, -8.741361348999931, 0.0 ], [ 115.234264634000056, -8.742146570999978, 0.0 ], [ 115.235449605000099, -8.743295850999971, 0.0 ], [ 115.236391872000013, -8.743816952999964, 0.0 ], [ 115.236713099000099, -8.743902612999932, 0.0 ], [ 115.236998635000077, -8.743866920999949, 0.0 ], [ 115.237905209000019, -8.743452894999962, 0.0 ], [ 115.239504207000095, -8.743360095999947, 0.0 ], [ 115.239675528000021, -8.743224466999948, 0.0 ], [ 115.239754050000101, -8.743024591999927, 0.0 ], [ 115.239796881000075, -8.742546320999963, 0.0 ], [ 115.240475027000116, -8.742246507999937, 0.0 ], [ 115.240674902000023, -8.742039494999972, 0.0 ], [ 115.241531508000094, -8.740854523999928, 0.0 ], [ 115.242587989000072, -8.739591029999929, 0.0 ], [ 115.242937769000036, -8.739897979999967, 0.0 ], [ 115.243144782000059, -8.739919395999948, 0.0 ], [ 115.243487425000012, -8.739798042999951, 0.0 ], [ 115.24383006700009, -8.739241248999974, 0.0 ], [ 115.243972835000022, -8.738477441999976, 0.0 ], [ 115.24394428100004, -8.73756372899993, 0.0 ], [ 115.243801514000097, -8.736935550999931, 0.0 ], [ 115.245043592000115, -8.735900485999935, 0.0 ], [ 115.245222052000031, -8.735829101999968, 0.0 ], [ 115.245371958000078, -8.73585051699996, 0.0 ], [ 115.245985859000029, -8.736278819999939, 0.0 ], [ 115.246214287000043, -8.736321650999969, 0.0 ], [ 115.246435577000057, -8.736228851999954, 0.0 ], [ 115.246678282000062, -8.73585051699996, 0.0 ], [ 115.247192246000054, -8.734694098999967, 0.0 ], [ 115.247320736, -8.73361620299994, 0.0 ], [ 115.247220799000047, -8.732938056999956, 0.0 ], [ 115.24725649100003, -8.732731043999934, 0.0 ], [ 115.247784731000024, -8.732309878999956, 0.0 ], [ 115.248627061000093, -8.731260536999969, 0.0 ], [ 115.248905457000092, -8.731139183999971, 0.0 ], [ 115.249233823000054, -8.731367612999975, 0.0 ], [ 115.249854862, -8.731431857999951, 0.0 ], [ 115.250654361000102, -8.73108207699994, 0.0 ], [ 115.250854236, -8.73063949799996, 0.0 ], [ 115.250847098, -8.730061288999934, 0.0 ], [ 115.250682915000084, -8.729640123999957, 0.0 ], [ 115.249426559000085, -8.72874782599996, 0.0 ], [ 115.24859136900011, -8.728305245999934, 0.0 ], [ 115.248041713000021, -8.728198170999974, 0.0 ], [ 115.24755630300001, -8.728305245999934, 0.0 ], [ 115.247277906000022, -8.72844801399998, 0.0 ], [ 115.245464757000036, -8.730403930999955, 0.0 ], [ 115.244700950000038, -8.731103492999978, 0.0 ], [ 115.244593874000088, -8.731517518999965, 0.0 ], [ 115.244943655000043, -8.731974374999936, 0.0 ], [ 115.245065007000107, -8.732531168999969, 0.0 ], [ 115.244965070000035, -8.733073685999955, 0.0 ], [ 115.244536767000113, -8.734087336999949, 0.0 ], [ 115.244094187000087, -8.734308625999972, 0.0 ], [ 115.243573085000094, -8.734736928999951, 0.0 ], [ 115.243059122000091, -8.734936803999972, 0.0 ], [ 115.242587989000072, -8.734972495999955, 0.0 ], [ 115.242352422000067, -8.735072432999971, 0.0 ], [ 115.240974714000117, -8.734829727999966, 0.0 ], [ 115.239311471000065, -8.736193159999971, 0.0 ], [ 115.238669016000017, -8.736535801999935, 0.0 ], [ 115.238504833000093, -8.736864167999954, 0.0 ], [ 115.238012285000082, -8.737378130999957, 0.0 ], [ 115.237526875000071, -8.737620835999962, 0.0 ], [ 115.237191371000108, -8.737585143999979, 0.0 ], [ 115.236755930000072, -8.737185394999926, 0.0 ], [ 115.236420426000109, -8.736999796999953, 0.0 ], [ 115.236299073000055, -8.736835613999972, 0.0 ], [ 115.236256243000071, -8.736343065999961, 0.0 ], [ 115.236465635000059, -8.736200297999972, 0.0 ], [ 115.236589367000079, -8.735952833999931, 0.0 ], [ 115.236808278000012, -8.73600042299995, 0.0 ], [ 115.23690345600005, -8.735952833999931, 0.0 ], [ 115.236922492000076, -8.735838619999981, 0.0 ], [ 115.23715092000009, -8.735810065999942, 0.0 ], [ 115.237169956000116, -8.735629226999947, 0.0 ], [ 115.237465009000061, -8.735162852999963, 0.0 ], [ 115.238045597000109, -8.735219959999938, 0.0 ], [ 115.238740400000097, -8.735001049999937, 0.0 ], [ 115.238787989000116, -8.734829727999966, 0.0 ], [ 115.238968828000111, -8.734744067999941, 0.0 ], [ 115.239025935000086, -8.734572746999959, 0.0 ], [ 115.239216292000037, -8.734572746999959, 0.0 ], [ 115.239701702000048, -8.734325282999976, 0.0 ], [ 115.239796881000075, -8.733830354999952, 0.0 ], [ 115.239301953000108, -8.732888087999982, 0.0 ], [ 115.239359060000083, -8.732469302999959, 0.0 ], [ 115.239625560000036, -8.731869678999942, 0.0 ], [ 115.240320362000034, -8.731450893999977, 0.0 ], [ 115.241367325000056, -8.73171739299994, 0.0 ], [ 115.241662378000115, -8.731688839999947, 0.0 ], [ 115.241900324000085, -8.731174875999955, 0.0 ], [ 115.241786110000021, -8.730499108999936, 0.0 ], [ 115.241614789000096, -8.730270680999979, 0.0 ], [ 115.241119861000016, -8.729937556999971, 0.0 ], [ 115.240434576000098, -8.729870931999926, 0.0 ], [ 115.240053863000071, -8.729690092999931, 0.0 ], [ 115.239282917000082, -8.729004807999956, 0.0 ], [ 115.239064007000025, -8.728662165999935, 0.0 ], [ 115.239025935000086, -8.728110130999937, 0.0 ], [ 115.239340024000057, -8.727434363999976, 0.0 ], [ 115.239597006000054, -8.727196417999949, 0.0 ], [ 115.24057734400003, -8.726863292999951, 0.0 ], [ 115.241100825000103, -8.726844256999925, 0.0 ], [ 115.241481539, -8.726948953999965, 0.0 ], [ 115.241786110000021, -8.727224970999941, 0.0 ], [ 115.242547538000053, -8.728890593999949, 0.0 ], [ 115.242952046000028, -8.729111883999963, 0.0 ], [ 115.243297068000061, -8.729421213999956, 0.0 ], [ 115.24426075000008, -8.729790029999947, 0.0 ], [ 115.244498696000051, -8.729730543999949, 0.0 ], [ 115.244665258000055, -8.729504494999958, 0.0 ], [ 115.244808026000101, -8.729052396999975, 0.0 ], [ 115.244819923000023, -8.728219585999966, 0.0 ], [ 115.244510593000086, -8.725376129999972, 0.0 ], [ 115.244415415000049, -8.72516197799996, 0.0 ], [ 115.243499322000048, -8.724733674999982, 0.0 ], [ 115.242963943000063, -8.724816956999973, 0.0 ], [ 115.242666511000039, -8.72465039399998, 0.0 ], [ 115.242416667000043, -8.724305371999947, 0.0 ], [ 115.242012159000069, -8.723020462999955, 0.0 ], [ 115.24183369900004, -8.722865798999976, 0.0 ], [ 115.241274526000097, -8.722675441999968, 0.0 ], [ 115.240965196000047, -8.722473186999935, 0.0 ], [ 115.240572585000109, -8.721997294999937, 0.0 ], [ 115.240072898000108, -8.721854527999938, 0.0 ] ] ] ] } },
{ "type": "Feature", "properties": { "OBJECTID": 964, "NAMOBJ": "Badung", "FCODE": "BA03050040", "REMARK": " ", "METADATA": "TASWIL5000020230907KABKOTA", "SRS_ID": "4326", "KDBBPS": " ", "KDCBPS": " ", "KDCPUM": " ", "KDEBPS": " ", "KDEPUM": null, "KDPBPS": " ", "KDPKAB": "51.03", "KDPPUM": "51", "LUASWH": 398.74924907000002, "TIPADM": 4, "WADMKC": " ", "WADMKD": " ", "WADMKK": "Badung", "WADMPR": "Bali", "WIADKC": " ", "WIADKK": " ", "WIADPR": " ", "WIADKD": 0, "SHAPE_Length": 2.2269606793481156, "SHAPE_Area": 0.032752028061215403 }, "geometry": { "type": "MultiPolygon", "coordinates": [ [ [ [ 115.229655703000049, -8.24020423199994, 0.0 ], [ 115.228933768000047, -8.239714741999933, 0.0 ], [ 115.227980424000066, -8.239449392999973, 0.0 ], [ 115.227156656000034, -8.239554827999939, 0.0 ], [ 115.225573657000041, -8.240513073999978, 0.0 ], [ 115.224931064000089, -8.240105742999958, 0.0 ], [ 115.223992849000069, -8.239879998999982, 0.0 ], [ 115.222281595000027, -8.24202289699997, 0.0 ], [ 115.221598234000112, -8.24249163099995, 0.0 ], [ 115.220558979000089, -8.242704082999978, 0.0 ], [ 115.218865581000045, -8.242702025999961, 0.0 ], [ 115.215903653000055, -8.24178324199994, 0.0 ], [ 115.213831940000091, -8.24324314699993, 0.0 ], [ 115.213032125000041, -8.244031824999979, 0.0 ], [ 115.210884725000028, -8.245505883999954, 0.0 ], [ 115.210056267000027, -8.245980519999932, 0.0 ], [ 115.209423427000047, -8.24615644499994, 0.0 ], [ 115.208482007000043, -8.24592572499995, 0.0 ], [ 115.207593756000051, -8.245287506999944, 0.0 ], [ 115.206785548000084, -8.244401248999964, 0.0 ], [ 115.204441857, -8.244401247999974, 0.0 ], [ 115.202017185000045, -8.244108280999967, 0.0 ], [ 115.200487744000043, -8.243804272999967, 0.0 ], [ 115.199303411000074, -8.24399466999995, 0.0 ], [ 115.197526904000028, -8.244134754999948, 0.0 ], [ 115.196342575000017, -8.243531403999953, 0.0 ], [ 115.194566068000086, -8.243718181999952, 0.0 ], [ 115.193085648000078, -8.244107794999934, 0.0 ], [ 115.19180111300011, -8.244793357999981, 0.0 ], [ 115.190951117000054, -8.244987189999961, 0.0 ], [ 115.187764564000076, -8.244694215999971, 0.0 ], [ 115.186900351000077, -8.244694222999954, 0.0 ], [ 115.185944373000098, -8.245060518999935, 0.0 ], [ 115.184648508, -8.245168996999951, 0.0 ], [ 115.183928194000032, -8.245345153999949, 0.0 ], [ 115.184230564000018, -8.24616238599998, 0.0 ], [ 115.18464490000008, -8.246780786999977, 0.0 ], [ 115.187483633000056, -8.249980940999933, 0.0 ], [ 115.188351240000088, -8.251875870999982, 0.0 ], [ 115.189481780000051, -8.255784142999971, 0.0 ], [ 115.189605383000071, -8.257449063999957, 0.0 ], [ 115.18957841100007, -8.258569394999938, 0.0 ], [ 115.189994861000059, -8.26091914899996, 0.0 ], [ 115.190067223000028, -8.261833244999934, 0.0 ], [ 115.190159835000031, -8.264635637999959, 0.0 ], [ 115.189638818000049, -8.267904478999981, 0.0 ], [ 115.189331880000054, -8.269243245999974, 0.0 ], [ 115.188164703000098, -8.271644399999957, 0.0 ], [ 115.187802741000041, -8.272237416999928, 0.0 ], [ 115.187497093000047, -8.273631126999931, 0.0 ], [ 115.187353925000025, -8.273648273999981, 0.0 ], [ 115.186714442000039, -8.274568378999959, 0.0 ], [ 115.185823847000052, -8.275514329999965, 0.0 ], [ 115.185829094000042, -8.275911957999938, 0.0 ], [ 115.186208255000111, -8.276680523999971, 0.0 ], [ 115.186683346000109, -8.277266180999959, 0.0 ], [ 115.187409168000045, -8.27763686399993, 0.0 ], [ 115.188253543000087, -8.278202584999974, 0.0 ], [ 115.190579585000023, -8.280071688999953, 0.0 ], [ 115.191378028000031, -8.281692386999964, 0.0 ], [ 115.192090488000076, -8.282614088999935, 0.0 ], [ 115.19412310000007, -8.284546685999942, 0.0 ], [ 115.195637504000047, -8.286408073999951, 0.0 ], [ 115.196146181000017, -8.286777763999964, 0.0 ], [ 115.197359387, -8.287431583999933, 0.0 ], [ 115.197488557000042, -8.287680697999974, 0.0 ], [ 115.197487376000026, -8.287940025999944, 0.0 ], [ 115.197256770000081, -8.289287083999966, 0.0 ], [ 115.197288016000016, -8.289578976999962, 0.0 ], [ 115.198252864000096, -8.289929115999939, 0.0 ], [ 115.198500594000052, -8.29037326699995, 0.0 ], [ 115.198760170000014, -8.290601356999957, 0.0 ], [ 115.199638936000042, -8.290778214999932, 0.0 ], [ 115.200071956000102, -8.291071921999958, 0.0 ], [ 115.20033064800009, -8.291494508999961, 0.0 ], [ 115.200415994000082, -8.291829867999979, 0.0 ], [ 115.200922916000081, -8.292588549999948, 0.0 ], [ 115.201648535000118, -8.293013242999962, 0.0 ], [ 115.201831022000079, -8.293478707999952, 0.0 ], [ 115.201903082000058, -8.295000333999951, 0.0 ], [ 115.202113919000112, -8.296395212999926, 0.0 ], [ 115.202285597000014, -8.296849822999945, 0.0 ], [ 115.202813457000047, -8.297781489999977, 0.0 ], [ 115.2034743480001, -8.30045089999993, 0.0 ], [ 115.203664849, -8.301543128999981, 0.0 ], [ 115.203740320000065, -8.301662329999942, 0.0 ], [ 115.204220429000088, -8.301833692999935, 0.0 ], [ 115.204573568000114, -8.302303620999965, 0.0 ], [ 115.205111081000041, -8.303772780999964, 0.0 ], [ 115.205290679000086, -8.304875765999952, 0.0 ], [ 115.205635912000048, -8.305374381999968, 0.0 ], [ 115.206303093000088, -8.306717289999938, 0.0 ], [ 115.207016312000064, -8.307487704999971, 0.0 ], [ 115.207548072, -8.307565739999973, 0.0 ], [ 115.207862562000059, -8.308081723999976, 0.0 ], [ 115.207849594000095, -8.308546308999951, 0.0 ], [ 115.207618901000046, -8.309128774999976, 0.0 ], [ 115.207496212000024, -8.309841395999968, 0.0 ], [ 115.208232943000098, -8.310718460999965, 0.0 ], [ 115.208703509000088, -8.312016902999972, 0.0 ], [ 115.209146585000099, -8.312494345999937, 0.0 ], [ 115.20912329600003, -8.312840022999978, 0.0 ], [ 115.208617733000096, -8.314166843999942, 0.0 ], [ 115.208615476000091, -8.314663892999931, 0.0 ], [ 115.208959395000079, -8.315454255999953, 0.0 ], [ 115.209022490000052, -8.315908377999961, 0.0 ], [ 115.208911590000071, -8.316415744999972, 0.0 ], [ 115.208560862000013, -8.317082514999981, 0.0 ], [ 115.208427751000045, -8.317697838999948, 0.0 ], [ 115.208292920000076, -8.318691350999927, 0.0 ], [ 115.20843714800003, -8.320410101999926, 0.0 ], [ 115.20838083600006, -8.320852878999972, 0.0 ], [ 115.207841062000057, -8.322284841999931, 0.0 ], [ 115.207795410000017, -8.322770889999958, 0.0 ], [ 115.207859241000051, -8.323062930999981, 0.0 ], [ 115.208056209, -8.323408, 0.0 ], [ 115.20946790000005, -8.325144870999964, 0.0 ], [ 115.209527803000015, -8.326301346999969, 0.0 ], [ 115.209974881000107, -8.326489051999943, 0.0 ], [ 115.211012092000033, -8.327666139999963, 0.0 ], [ 115.211943727000062, -8.328178202999936, 0.0 ], [ 115.212289523000095, -8.328557958999966, 0.0 ], [ 115.212348184, -8.329213557999935, 0.0 ], [ 115.212353878000044, -8.331095390999963, 0.0 ], [ 115.211535341000058, -8.331078592999972, 0.0 ], [ 115.208457171000077, -8.331933626999955, 0.0 ], [ 115.203186856000116, -8.332778714999961, 0.0 ], [ 115.202663528000016, -8.332675129999927, 0.0 ], [ 115.202317690000086, -8.332704934999981, 0.0 ], [ 115.201869592000094, -8.333441979999975, 0.0 ], [ 115.201511111000059, -8.335489064999933, 0.0 ], [ 115.201526359000013, -8.335798264999937, 0.0 ], [ 115.201680528000111, -8.336124204999976, 0.0 ], [ 115.201853904000018, -8.337356262999947, 0.0 ], [ 115.202053744000068, -8.337906981999936, 0.0 ], [ 115.202409065000097, -8.338497124999947, 0.0 ], [ 115.202775121000059, -8.34020942799998, 0.0 ], [ 115.202613093000082, -8.341602586999954, 0.0 ], [ 115.202952444000061, -8.344165514999929, 0.0 ], [ 115.202833116000079, -8.344730274999961, 0.0 ], [ 115.202301003000116, -8.345355111999936, 0.0 ], [ 115.202214082000069, -8.345641239999964, 0.0 ], [ 115.202270234000025, -8.347127840999974, 0.0 ], [ 115.202370172000087, -8.347399328999927, 0.0 ], [ 115.202718425000057, -8.347834564999971, 0.0 ], [ 115.202980728000057, -8.348876452999946, 0.0 ], [ 115.203305095000019, -8.349422494999942, 0.0 ], [ 115.203674385000113, -8.349836814999946, 0.0 ], [ 115.203681673, -8.349945260999959, 0.0 ], [ 115.202859541000066, -8.352286712999955, 0.0 ], [ 115.202254925000034, -8.353445544999943, 0.0 ], [ 115.201787849000084, -8.353965418999962, 0.0 ], [ 115.200196170000027, -8.355231763999939, 0.0 ], [ 115.199154864000093, -8.356566708999935, 0.0 ], [ 115.198754973000064, -8.35720762699998, 0.0 ], [ 115.198105731000055, -8.357909358999962, 0.0 ], [ 115.197995627000068, -8.358156659999963, 0.0 ], [ 115.198002384, -8.358713648999981, 0.0 ], [ 115.198164126000052, -8.359086089999948, 0.0 ], [ 115.198381272, -8.359257442999933, 0.0 ], [ 115.198855516000094, -8.359375758999931, 0.0 ], [ 115.199002402000019, -8.359593255999926, 0.0 ], [ 115.19905514300001, -8.359972941999956, 0.0 ], [ 115.198981645000117, -8.360723759999928, 0.0 ], [ 115.199251395000033, -8.361305775999938, 0.0 ], [ 115.199603796000019, -8.362540189999947, 0.0 ], [ 115.199942675000102, -8.364707783999961, 0.0 ], [ 115.19989797400001, -8.366463108999938, 0.0 ], [ 115.199800554000035, -8.367337717999931, 0.0 ], [ 115.199952167000106, -8.368221203999951, 0.0 ], [ 115.20005239000011, -8.368430743999966, 0.0 ], [ 115.200626409000051, -8.368859268999927, 0.0 ], [ 115.20078636400001, -8.369757395999954, 0.0 ], [ 115.201266983000096, -8.37018549499993, 0.0 ], [ 115.201598696000019, -8.370603383999935, 0.0 ], [ 115.201703815000087, -8.371674299999938, 0.0 ], [ 115.201971939000032, -8.372612523999976, 0.0 ], [ 115.202234800000042, -8.373000911999952, 0.0 ], [ 115.203511011000046, -8.373439185999928, 0.0 ], [ 115.203899194000087, -8.373657777999938, 0.0 ], [ 115.204399125, -8.374968760999934, 0.0 ], [ 115.204494759000113, -8.375831021999943, 0.0 ], [ 115.204603518000113, -8.376164251999967, 0.0 ], [ 115.205615683000019, -8.377056415999959, 0.0 ], [ 115.20613094700002, -8.377728531999935, 0.0 ], [ 115.206405638000092, -8.377927317999934, 0.0 ], [ 115.207315262000066, -8.378163765999943, 0.0 ], [ 115.208325187000014, -8.378594262999968, 0.0 ], [ 115.208891941000047, -8.378914333999944, 0.0 ], [ 115.209037988000091, -8.37931767699996, 0.0 ], [ 115.209097317000101, -8.379960686999937, 0.0 ], [ 115.208907744000044, -8.380563846999962, 0.0 ], [ 115.209108557000036, -8.381167824999977, 0.0 ], [ 115.20914983800003, -8.382352822999962, 0.0 ], [ 115.209203119000108, -8.382616355999971, 0.0 ], [ 115.209652093000045, -8.383160463999957, 0.0 ], [ 115.209666232000018, -8.383292529999949, 0.0 ], [ 115.209580340000116, -8.383531843999947, 0.0 ], [ 115.208995282000046, -8.383807966999939, 0.0 ], [ 115.208445556000015, -8.38450843499993, 0.0 ], [ 115.208295429000032, -8.384995615999969, 0.0 ], [ 115.208323760000098, -8.385607508999954, 0.0 ], [ 115.207823682000026, -8.386023405999936, 0.0 ], [ 115.207784018000098, -8.386185845999933, 0.0 ], [ 115.207930101000102, -8.38658144599998, 0.0 ], [ 115.208224252000036, -8.386939, 0.0 ], [ 115.209436604000075, -8.387725142999955, 0.0 ], [ 115.209869911000055, -8.388292411999942, 0.0 ], [ 115.209892343000092, -8.388493854999979, 0.0 ], [ 115.20972675400003, -8.388957734999963, 0.0 ], [ 115.209736780000071, -8.389186092999978, 0.0 ], [ 115.210693862000085, -8.391138746999957, 0.0 ], [ 115.210710436000113, -8.391413812999929, 0.0 ], [ 115.210191775000112, -8.391739670999925, 0.0 ], [ 115.210054249000109, -8.392564014999948, 0.0 ], [ 115.20992840200006, -8.392785209999943, 0.0 ], [ 115.209552810000105, -8.393118167999944, 0.0 ], [ 115.209408639000117, -8.393445724999935, 0.0 ], [ 115.209568286000035, -8.393632733999937, 0.0 ], [ 115.210477940000033, -8.393601383999965, 0.0 ], [ 115.210548987000038, -8.393663800999946, 0.0 ], [ 115.210310247000052, -8.395170724999957, 0.0 ], [ 115.210424864000061, -8.395455106999975, 0.0 ], [ 115.210923097000091, -8.395696876999978, 0.0 ], [ 115.211620322000044, -8.397270146999972, 0.0 ], [ 115.211741319000112, -8.398219268999981, 0.0 ], [ 115.211539138000035, -8.399531205999949, 0.0 ], [ 115.211882544000105, -8.400481923999962, 0.0 ], [ 115.211899035000101, -8.400774728999977, 0.0 ], [ 115.211591845000044, -8.401651526999956, 0.0 ], [ 115.211545897000065, -8.402013336999971, 0.0 ], [ 115.211547333000112, -8.403645541999936, 0.0 ], [ 115.211928357000033, -8.40589829399994, 0.0 ], [ 115.211793138000075, -8.406217022999954, 0.0 ], [ 115.211202958000058, -8.406578037999964, 0.0 ], [ 115.211166884000022, -8.406666579999978, 0.0 ], [ 115.211278370000059, -8.407633985999951, 0.0 ], [ 115.211480369000014, -8.408309071999952, 0.0 ], [ 115.211461437000025, -8.408548494999934, 0.0 ], [ 115.21035767300009, -8.409801693999952, 0.0 ], [ 115.210115043000087, -8.410208638999961, 0.0 ], [ 115.209988129000067, -8.410660462999942, 0.0 ], [ 115.210011502000043, -8.41139683199998, 0.0 ], [ 115.210160606000045, -8.411938619999944, 0.0 ], [ 115.210312044000034, -8.412196841999958, 0.0 ], [ 115.211244780000015, -8.41313809899998, 0.0 ], [ 115.211490753000021, -8.413988898999946, 0.0 ], [ 115.211689537000098, -8.415322298999968, 0.0 ], [ 115.212233647000062, -8.417168189999927, 0.0 ], [ 115.212745508000012, -8.418332570999951, 0.0 ], [ 115.213472850000016, -8.419178589999945, 0.0 ], [ 115.213391295000065, -8.41946207999996, 0.0 ], [ 115.213068486000111, -8.419850919999931, 0.0 ], [ 115.2130677130001, -8.420019458999946, 0.0 ], [ 115.213501564000012, -8.420695600999977, 0.0 ], [ 115.213544846000104, -8.420979657999965, 0.0 ], [ 115.213444007000021, -8.42180252299994, 0.0 ], [ 115.213496699000075, -8.421980175999977, 0.0 ], [ 115.213914546000069, -8.42225706499994, 0.0 ], [ 115.214099653000062, -8.422728051999968, 0.0 ], [ 115.214096967000046, -8.423313501999928, 0.0 ], [ 115.213896677000093, -8.424208525999973, 0.0 ], [ 115.214266035000037, -8.425336777999973, 0.0 ], [ 115.214300073000118, -8.425903923999954, 0.0 ], [ 115.21460159500009, -8.426268990999972, 0.0 ], [ 115.21554634600011, -8.426379734999955, 0.0 ], [ 115.215785772000118, -8.426673554999979, 0.0 ], [ 115.215469922000011, -8.42748821999993, 0.0 ], [ 115.21550461400011, -8.427701272999968, 0.0 ], [ 115.2159481650001, -8.42820891599996, 0.0 ], [ 115.215920763000099, -8.428350721999948, 0.0 ], [ 115.215427256000112, -8.429013776999966, 0.0 ], [ 115.215506127000026, -8.429315736999968, 0.0 ], [ 115.217129340000042, -8.431681996999941, 0.0 ], [ 115.217119569000033, -8.431868235999957, 0.0 ], [ 115.216948918000071, -8.43213357999997, 0.0 ], [ 115.216277054000102, -8.432795823999982, 0.0 ], [ 115.216276484000105, -8.432920009999975, 0.0 ], [ 115.216676391000078, -8.433223430999931, 0.0 ], [ 115.217012935000071, -8.433730588999936, 0.0 ], [ 115.21692168800007, -8.434182575999955, 0.0 ], [ 115.216473214000075, -8.434737536999933, 0.0 ], [ 115.21644467100009, -8.435127715999954, 0.0 ], [ 115.216953630000035, -8.436930772999972, 0.0 ], [ 115.21741140600011, -8.438227968999968, 0.0 ], [ 115.216951201000029, -8.439315920999945, 0.0 ], [ 115.21653793400003, -8.439979338999933, 0.0 ], [ 115.216296261000025, -8.440173392999952, 0.0 ], [ 115.215652927000065, -8.440445454999974, 0.0 ], [ 115.215616637000039, -8.440839715999971, 0.0 ], [ 115.21565777100011, -8.441332541999941, 0.0 ], [ 115.215772275000063, -8.441643535999958, 0.0 ], [ 115.215770279000026, -8.442078187999925, 0.0 ], [ 115.21560609900007, -8.442408245999957, 0.0 ], [ 115.215160043000083, -8.442909249999957, 0.0 ], [ 115.214255243000025, -8.446111375999976, 0.0 ], [ 115.214034476000052, -8.447019442999931, 0.0 ], [ 115.213963048000096, -8.447736007999936, 0.0 ], [ 115.214088727000103, -8.448526068999968, 0.0 ], [ 115.212117688000035, -8.450495220999926, 0.0 ], [ 115.212020353000071, -8.451938488999929, 0.0 ], [ 115.212241053000071, -8.452427381999939, 0.0 ], [ 115.212222155000063, -8.452657931999966, 0.0 ], [ 115.211645682000039, -8.45389718399997, 0.0 ], [ 115.211454696000033, -8.45480732599998, 0.0 ], [ 115.210569566000117, -8.45529116299997, 0.0 ], [ 115.210603764000098, -8.45561066199997, 0.0 ], [ 115.211509188000036, -8.45652847599996, 0.0 ], [ 115.211427124000011, -8.456918407999979, 0.0 ], [ 115.210960399000101, -8.457563827999934, 0.0 ], [ 115.20955144200002, -8.458984140999974, 0.0 ], [ 115.20925641000008, -8.459142459999953, 0.0 ], [ 115.207889934000036, -8.459570859999928, 0.0 ], [ 115.207237358000043, -8.459904950999942, 0.0 ], [ 115.207120642000064, -8.460072956999966, 0.0 ], [ 115.207146412000043, -8.460285970999962, 0.0 ], [ 115.207923658000027, -8.461921722999932, 0.0 ], [ 115.207958263000023, -8.462152517999925, 0.0 ], [ 115.207894974000055, -8.462338509999938, 0.0 ], [ 115.207434386000045, -8.462937602999943, 0.0 ], [ 115.207141817000092, -8.464081637999925, 0.0 ], [ 115.206882988000075, -8.464531780999948, 0.0 ], [ 115.206632294000087, -8.46474352599995, 0.0 ], [ 115.20584597300001, -8.465068128999974, 0.0 ], [ 115.205487437000102, -8.465456787999926, 0.0 ], [ 115.204799008, -8.465826190999962, 0.0 ], [ 115.204709294000054, -8.465941094999948, 0.0 ], [ 115.204406832000018, -8.467349382999942, 0.0 ], [ 115.204258421000077, -8.468581709999967, 0.0 ], [ 115.204043150000075, -8.46884683899998, 0.0 ], [ 115.203506407000077, -8.469199192999952, 0.0 ], [ 115.203235484000061, -8.469925334999971, 0.0 ], [ 115.203304934000016, -8.470333699999969, 0.0 ], [ 115.203900118000092, -8.470842061999974, 0.0 ], [ 115.204219747000025, -8.473211148999951, 0.0 ], [ 115.204079917000058, -8.474514480999972, 0.0 ], [ 115.203322743000058, -8.476266323999937, 0.0 ], [ 115.203222333000099, -8.476762613999938, 0.0 ], [ 115.203300704000071, -8.477171020999947, 0.0 ], [ 115.203760837000118, -8.477953749999926, 0.0 ], [ 115.20398087600006, -8.478584572999978, 0.0 ], [ 115.204329789000099, -8.480271588999926, 0.0 ], [ 115.204552309000064, -8.482179040999938, 0.0 ], [ 115.204525059000048, -8.482285361999971, 0.0 ], [ 115.203872807000039, -8.482539605999932, 0.0 ], [ 115.203875937000021, -8.48370138599995, 0.0 ], [ 115.203767694000021, -8.484047118999968, 0.0 ], [ 115.202799409000022, -8.485034734999942, 0.0 ], [ 115.202813899000034, -8.485203249999927, 0.0 ], [ 115.203312692000054, -8.485897545999933, 0.0 ], [ 115.203434542000082, -8.486545658999944, 0.0 ], [ 115.203494703000047, -8.487033817999929, 0.0 ], [ 115.203414856000109, -8.487654309999925, 0.0 ], [ 115.203248181000049, -8.488192939999976, 0.0 ], [ 115.203064221000091, -8.488593717999947, 0.0 ], [ 115.202453911000021, -8.489319105999925, 0.0 ], [ 115.197747346000028, -8.488562467999941, 0.0 ], [ 115.197660291000034, -8.489036647999967, 0.0 ], [ 115.195431877000033, -8.489492043999974, 0.0 ], [ 115.195806929000014, -8.486570331999928, 0.0 ], [ 115.196455053000022, -8.484914907999951, 0.0 ], [ 115.1964641080001, -8.483053814999948, 0.0 ], [ 115.196597616000076, -8.482516960999931, 0.0 ], [ 115.197816160000116, -8.47813285999996, 0.0 ], [ 115.198293397000043, -8.477126875999943, 0.0 ], [ 115.198636518000058, -8.476094947999968, 0.0 ], [ 115.198750574000087, -8.474953802999948, 0.0 ], [ 115.199104989000034, -8.474090171999933, 0.0 ], [ 115.199381195000115, -8.47369318799997, 0.0 ], [ 115.199958078, -8.472519801999965, 0.0 ], [ 115.199984254000015, -8.472087288999944, 0.0 ], [ 115.199760286000014, -8.471042549999936, 0.0 ], [ 115.199798546000011, -8.470610093999937, 0.0 ], [ 115.199623849000091, -8.469203229999948, 0.0 ], [ 115.199028792000036, -8.467253638999978, 0.0 ], [ 115.198656147000065, -8.466843321999932, 0.0 ], [ 115.198458722000055, -8.466337459999977, 0.0 ], [ 115.198201058000109, -8.464784046999966, 0.0 ], [ 115.198078013000099, -8.463367898999934, 0.0 ], [ 115.197900304000086, -8.462609970999949, 0.0 ], [ 115.197950421000087, -8.462225638999939, 0.0 ], [ 115.198573696000039, -8.460702278999975, 0.0 ], [ 115.198667797000098, -8.458998635999933, 0.0 ], [ 115.199229813000102, -8.457655253999974, 0.0 ], [ 115.199304955000116, -8.454482954999946, 0.0 ], [ 115.1994996520001, -8.453740072999949, 0.0 ], [ 115.198920955000062, -8.452935576999948, 0.0 ], [ 115.198439744000098, -8.45141039899994, 0.0 ], [ 115.198309960000074, -8.450681427999939, 0.0 ], [ 115.198363215000086, -8.448797583999976, 0.0 ], [ 115.198616468000068, -8.446834344999957, 0.0 ], [ 115.198435847000042, -8.445940286999928, 0.0 ], [ 115.198350935, -8.445711908999954, 0.0 ], [ 115.19636885400007, -8.445452171999932, 0.0 ], [ 115.195010145000083, -8.445432661999973, 0.0 ], [ 115.192513957000074, -8.445106892999945, 0.0 ], [ 115.190300724000053, -8.443754301999945, 0.0 ], [ 115.189987794000103, -8.443366232999949, 0.0 ], [ 115.189019555000073, -8.442973068999947, 0.0 ], [ 115.188812634000101, -8.444065724999973, 0.0 ], [ 115.188037443000098, -8.444272676999958, 0.0 ], [ 115.187879858000088, -8.444620993999933, 0.0 ], [ 115.187901208000085, -8.444820547999939, 0.0 ], [ 115.188287892000062, -8.445509348999963, 0.0 ], [ 115.188242842000022, -8.445614408999973, 0.0 ], [ 115.187818914000104, -8.445631178999975, 0.0 ], [ 115.187105465000059, -8.445306283999969, 0.0 ], [ 115.186990943000069, -8.445326054999953, 0.0 ], [ 115.186790152000071, -8.445972323999968, 0.0 ], [ 115.18651877100001, -8.446237005999933, 0.0 ], [ 115.186137235000047, -8.446235239999965, 0.0 ], [ 115.185213726000029, -8.445998263999968, 0.0 ], [ 115.185096551000015, -8.446042045999945, 0.0 ], [ 115.185012511000082, -8.446146922999958, 0.0 ], [ 115.184994663000111, -8.446390618999942, 0.0 ], [ 115.185070674000031, -8.446812041999976, 0.0 ], [ 115.185291085000017, -8.447322780999968, 0.0 ], [ 115.185278469000082, -8.447638524999945, 0.0 ], [ 115.184214880000013, -8.44757819199998, 0.0 ], [ 115.184041282000067, -8.44777684099995, 0.0 ], [ 115.184077858000023, -8.448292268999978, 0.0 ], [ 115.183989673000042, -8.448683090999964, 0.0 ], [ 115.183614848000047, -8.449081970999941, 0.0 ], [ 115.182011797000087, -8.450033019999978, 0.0 ], [ 115.181191826000031, -8.450284070999942, 0.0 ], [ 115.180892825000114, -8.450596108999946, 0.0 ], [ 115.180265854000027, -8.451570231999938, 0.0 ], [ 115.179932134000069, -8.452654597999981, 0.0 ], [ 115.179387404000067, -8.453599470999961, 0.0 ], [ 115.178023880000069, -8.456684115999963, 0.0 ], [ 115.177139018000048, -8.457416032999959, 0.0 ], [ 115.176587661000099, -8.458582484999965, 0.0 ], [ 115.176161291000085, -8.459228719999942, 0.0 ], [ 115.176087049000103, -8.459476384999959, 0.0 ], [ 115.176154921000034, -8.46044072899997, 0.0 ], [ 115.17611368900009, -8.460917008999957, 0.0 ], [ 115.175425475000111, -8.462530952999941, 0.0 ], [ 115.174598326000023, -8.464079898999955, 0.0 ], [ 115.175445484000079, -8.464375927999981, 0.0 ], [ 115.180272473000059, -8.465205755999932, 0.0 ], [ 115.180269281000051, -8.46588530899993, 0.0 ], [ 115.179953055000055, -8.467654329999959, 0.0 ], [ 115.17980719000002, -8.468237310999939, 0.0 ], [ 115.178901350000046, -8.470697465999933, 0.0 ], [ 115.17862781000008, -8.472561076999966, 0.0 ], [ 115.178516371000114, -8.474309637999966, 0.0 ], [ 115.177816144000076, -8.476149240999973, 0.0 ], [ 115.177633650000075, -8.476909992999936, 0.0 ], [ 115.177561213000104, -8.478081976999931, 0.0 ], [ 115.177244500000029, -8.479476710999961, 0.0 ], [ 115.177118865000011, -8.481275640999968, 0.0 ], [ 115.177144874000078, -8.481830950999949, 0.0 ], [ 115.177404052000043, -8.483020833999944, 0.0 ], [ 115.177423406000116, -8.483469347999971, 0.0 ], [ 115.176653028000032, -8.487153029999945, 0.0 ], [ 115.177815454000097, -8.487546497999972, 0.0 ], [ 115.178741750000086, -8.487616687999946, 0.0 ], [ 115.178546828000094, -8.48869254899995, 0.0 ], [ 115.182309482000051, -8.489087502999951, 0.0 ], [ 115.182510997, -8.488250910999966, 0.0 ], [ 115.18294529800005, -8.48826893699993, 0.0 ], [ 115.183345603000021, -8.48842035399997, 0.0 ], [ 115.183177123000064, -8.489150011999925, 0.0 ], [ 115.184153259000027, -8.489453776999937, 0.0 ], [ 115.183714183, -8.492646881999974, 0.0 ], [ 115.183670118, -8.495079532999966, 0.0 ], [ 115.183143783000105, -8.496647511999981, 0.0 ], [ 115.183048976, -8.499078808999968, 0.0 ], [ 115.182742308000115, -8.499834232999945, 0.0 ], [ 115.18193064400009, -8.501004212999931, 0.0 ], [ 115.181520625000076, -8.501340284999969, 0.0 ], [ 115.180712676000098, -8.501721349999968, 0.0 ], [ 115.179971778000095, -8.502678966999952, 0.0 ], [ 115.179365908000023, -8.502949839999928, 0.0 ], [ 115.179168007000044, -8.503124942999932, 0.0 ], [ 115.178132115000039, -8.504694186999927, 0.0 ], [ 115.177922710000075, -8.505913354999961, 0.0 ], [ 115.178189193000094, -8.507998850999968, 0.0 ], [ 115.177719439000043, -8.509676634999948, 0.0 ], [ 115.177148258000102, -8.51075484699993, 0.0 ], [ 115.17654093200008, -8.511562947999948, 0.0 ], [ 115.175883062000025, -8.512711406999927, 0.0 ], [ 115.174520304000112, -8.51452343699998, 0.0 ], [ 115.174266350000039, -8.515035363999971, 0.0 ], [ 115.174186678000069, -8.515516039999966, 0.0 ], [ 115.173822476000055, -8.51615572999998, 0.0 ], [ 115.172622460000071, -8.517296659999943, 0.0 ], [ 115.172191474000101, -8.518263075999926, 0.0 ], [ 115.171854817000053, -8.518788086999962, 0.0 ], [ 115.171980604000055, -8.519778031999977, 0.0 ], [ 115.171913051000047, -8.520264281999971, 0.0 ], [ 115.171516660000066, -8.521300426999971, 0.0 ], [ 115.171432947000085, -8.521754161999979, 0.0 ], [ 115.171543501000087, -8.522516971999949, 0.0 ], [ 115.171507418000033, -8.523064630999954, 0.0 ], [ 115.171046393000097, -8.52397071799993, 0.0 ], [ 115.171011073000045, -8.52453821499995, 0.0 ], [ 115.171136086000047, -8.525690345999976, 0.0 ], [ 115.170382461000031, -8.526384206999978, 0.0 ], [ 115.169919884000024, -8.527614660999973, 0.0 ], [ 115.166851916000041, -8.530597087999979, 0.0 ], [ 115.164584858000012, -8.53395988799997, 0.0 ], [ 115.164240927000037, -8.534250198999928, 0.0 ], [ 115.163538456000083, -8.534473935999927, 0.0 ], [ 115.163407112000073, -8.534651719999943, 0.0 ], [ 115.163435378000031, -8.534938344999944, 0.0 ], [ 115.163790429000073, -8.535734747999982, 0.0 ], [ 115.163804414000083, -8.536221379999972, 0.0 ], [ 115.163656526000068, -8.536447743999929, 0.0 ], [ 115.16305098700002, -8.536866563999979, 0.0 ], [ 115.163017201000116, -8.537109685999951, 0.0 ], [ 115.163079653000068, -8.537693859999933, 0.0 ], [ 115.163321611000015, -8.53826266599998, 0.0 ], [ 115.163418034000074, -8.539204043999973, 0.0 ], [ 115.162665541000024, -8.542223118999971, 0.0 ], [ 115.162709069000016, -8.54304452599996, 0.0 ], [ 115.162639916000103, -8.543610542999943, 0.0 ], [ 115.16241853300005, -8.544251349999968, 0.0 ], [ 115.162452506000022, -8.545126061999952, 0.0 ], [ 115.162307253000108, -8.54568556199996, 0.0 ], [ 115.162343075000081, -8.546099754999943, 0.0 ], [ 115.162671172000046, -8.546960267999964, 0.0 ], [ 115.162660279000079, -8.547252828999945, 0.0 ], [ 115.162349049000113, -8.548448366999935, 0.0 ], [ 115.161908583000013, -8.551335704999929, 0.0 ], [ 115.161154061000047, -8.552304344999925, 0.0 ], [ 115.160748925, -8.553652206999971, 0.0 ], [ 115.160338190000061, -8.554188279999948, 0.0 ], [ 115.160045740000101, -8.554439135999928, 0.0 ], [ 115.159889440000029, -8.55473361199995, 0.0 ], [ 115.159599247000074, -8.555976855999972, 0.0 ], [ 115.159546165000052, -8.557147046999944, 0.0 ], [ 115.159210816000041, -8.557796745999951, 0.0 ], [ 115.159168, -8.558044880999944, 0.0 ], [ 115.159170760000052, -8.558230751999929, 0.0 ], [ 115.159358925000106, -8.558580891999952, 0.0 ], [ 115.159143414000027, -8.559411926999928, 0.0 ], [ 115.159093490000032, -8.560245022999936, 0.0 ], [ 115.158745478000014, -8.560996789999933, 0.0 ], [ 115.158154454000055, -8.561721898999963, 0.0 ], [ 115.157868365000013, -8.562904027999934, 0.0 ], [ 115.157789634000096, -8.563580889999969, 0.0 ], [ 115.157443068000021, -8.563884986999938, 0.0 ], [ 115.156971933000023, -8.564124935999928, 0.0 ], [ 115.156026192000013, -8.56503366499993, 0.0 ], [ 115.155771932000107, -8.565386332999935, 0.0 ], [ 115.156228387000056, -8.565784083999972, 0.0 ], [ 115.156363506000048, -8.566332673999966, 0.0 ], [ 115.156351257000097, -8.566492430999972, 0.0 ], [ 115.155992301000083, -8.56712998699993, 0.0 ], [ 115.155908862000047, -8.567768857999965, 0.0 ], [ 115.155839267000033, -8.567916925999953, 0.0 ], [ 115.155551500000115, -8.568075368999928, 0.0 ], [ 115.155228412000042, -8.568416291999938, 0.0 ], [ 115.154682581000088, -8.569715050999946, 0.0 ], [ 115.154689394000115, -8.570476744999951, 0.0 ], [ 115.154276648000064, -8.571090431999949, 0.0 ], [ 115.154004805000113, -8.57198031799993, 0.0 ], [ 115.153819968000107, -8.572219157999939, 0.0 ], [ 115.153207605000034, -8.572706689999961, 0.0 ], [ 115.153045405000057, -8.573334171999932, 0.0 ], [ 115.152661094000109, -8.574124781999956, 0.0 ], [ 115.152879289000111, -8.576288151999961, 0.0 ], [ 115.153529576000096, -8.577136010999936, 0.0 ], [ 115.153553075000104, -8.57747003399993, 0.0 ], [ 115.153446512000073, -8.577694971999961, 0.0 ], [ 115.152603992000081, -8.578615592999938, 0.0 ], [ 115.152268585000115, -8.579127681999978, 0.0 ], [ 115.15172941000003, -8.579038029999936, 0.0 ], [ 115.151247180000041, -8.579054295999981, 0.0 ], [ 115.150556104000088, -8.579519018999974, 0.0 ], [ 115.150463543000114, -8.579666974999952, 0.0 ], [ 115.150310598000033, -8.580431077999947, 0.0 ], [ 115.150044343000104, -8.580886419999956, 0.0 ], [ 115.15011189900008, -8.581828143999928, 0.0 ], [ 115.150485236, -8.582681909999962, 0.0 ], [ 115.150524668000116, -8.582966090999946, 0.0 ], [ 115.150482388000114, -8.583270164999931, 0.0 ], [ 115.149335464000046, -8.586062196999933, 0.0 ], [ 115.149199645000067, -8.586720811999953, 0.0 ], [ 115.149038785000016, -8.588614126999971, 0.0 ], [ 115.149112923000075, -8.590156150999974, 0.0 ], [ 115.149223572000096, -8.590481245999968, 0.0 ], [ 115.149406467000063, -8.59063426199998, 0.0 ], [ 115.149824599000112, -8.590666698999939, 0.0 ], [ 115.150345633000029, -8.590517061999947, 0.0 ], [ 115.150589891000095, -8.590639944999964, 0.0 ], [ 115.150883732000011, -8.591057200999956, 0.0 ], [ 115.151215630000024, -8.592042622999941, 0.0 ], [ 115.15158899700009, -8.592344889999936, 0.0 ], [ 115.15220139500002, -8.59264620099998, 0.0 ], [ 115.1536067400001, -8.592585127999939, 0.0 ], [ 115.155597631000091, -8.59267925499995, 0.0 ], [ 115.155597002000036, -8.594047164999949, 0.0 ], [ 115.155121866000059, -8.595162907999963, 0.0 ], [ 115.155116312000018, -8.596421253999949, 0.0 ], [ 115.155723795000085, -8.597446675999947, 0.0 ], [ 115.15670728200007, -8.598074260999965, 0.0 ], [ 115.156385398000111, -8.59880855199998, 0.0 ], [ 115.155884056000104, -8.60042335199995, 0.0 ], [ 115.155209682000077, -8.601234941999962, 0.0 ], [ 115.154893040000047, -8.60127007799997, 0.0 ], [ 115.153348410000035, -8.601013351999939, 0.0 ], [ 115.152149287000043, -8.601006458999962, 0.0 ], [ 115.151566750000029, -8.601231819999953, 0.0 ], [ 115.150273120000065, -8.601413770999955, 0.0 ], [ 115.150000118000094, -8.601682868999944, 0.0 ], [ 115.15000012400003, -8.602535448999959, 0.0 ], [ 115.149488021000025, -8.603244727999936, 0.0 ], [ 115.149534352000046, -8.604208492999931, 0.0 ], [ 115.150389656000016, -8.605447286999947, 0.0 ], [ 115.15070778900008, -8.606397641999934, 0.0 ], [ 115.150646730000062, -8.60693493399998, 0.0 ], [ 115.14919928300003, -8.606164876999969, 0.0 ], [ 115.148679911000045, -8.605999596999936, 0.0 ], [ 115.146916208000107, -8.60732816999996, 0.0 ], [ 115.143725268000026, -8.610929816999942, 0.0 ], [ 115.142954137000061, -8.609323544999938, 0.0 ], [ 115.142196561000105, -8.609008461999963, 0.0 ], [ 115.142005588000075, -8.60917905499997, 0.0 ], [ 115.140874611000072, -8.610958667999967, 0.0 ], [ 115.140783396000074, -8.612472921999938, 0.0 ], [ 115.140879164000012, -8.612621063999939, 0.0 ], [ 115.14001543400002, -8.613653116999956, 0.0 ], [ 115.139842971, -8.614069381999968, 0.0 ], [ 115.139762117000032, -8.614518675999932, 0.0 ], [ 115.140085240000076, -8.616689448999978, 0.0 ], [ 115.139979408000045, -8.616884451999965, 0.0 ], [ 115.13948751800001, -8.61734213099993, 0.0 ], [ 115.13819418300011, -8.618378757999949, 0.0 ], [ 115.138344513000106, -8.61568082399998, 0.0 ], [ 115.13665556400008, -8.61497985099993, 0.0 ], [ 115.136286311000049, -8.614909326999964, 0.0 ], [ 115.135410453000077, -8.614390195999931, 0.0 ], [ 115.134864342000014, -8.614236344999938, 0.0 ], [ 115.134621221000089, -8.613880177999931, 0.0 ], [ 115.133477088000063, -8.613445396999964, 0.0 ], [ 115.133683465000104, -8.612833038999952, 0.0 ], [ 115.134127491000072, -8.612739218999934, 0.0 ], [ 115.134517152000058, -8.611223501999973, 0.0 ], [ 115.135013447, -8.611364834999961, 0.0 ], [ 115.135641036000038, -8.611755891999962, 0.0 ], [ 115.137160986000026, -8.611023941999974, 0.0 ], [ 115.136838596000075, -8.610584574999962, 0.0 ], [ 115.136530738000033, -8.61070252899998, 0.0 ], [ 115.136049412000034, -8.609906043999956, 0.0 ], [ 115.137039222000112, -8.609717402999934, 0.0 ], [ 115.137599099000113, -8.609511289999944, 0.0 ], [ 115.137407615000029, -8.608808117999956, 0.0 ], [ 115.135440304000099, -8.608745159999955, 0.0 ], [ 115.134749623000062, -8.609264147999966, 0.0 ], [ 115.134245832000033, -8.609394126999973, 0.0 ], [ 115.13380325300011, -8.609112417999938, 0.0 ], [ 115.133259072000101, -8.608425588999978, 0.0 ], [ 115.133001544000081, -8.608331154999973, 0.0 ], [ 115.131401600000117, -8.60847542099998, 0.0 ], [ 115.130841620000069, -8.608372845999952, 0.0 ], [ 115.130181213000014, -8.608098168999959, 0.0 ], [ 115.12917751100008, -8.607996663999927, 0.0 ], [ 115.128867197000091, -8.608050365999929, 0.0 ], [ 115.128083379000032, -8.608405436999931, 0.0 ], [ 115.126850801000046, -8.609217048999938, 0.0 ], [ 115.126475518, -8.609307242999932, 0.0 ], [ 115.124835042000086, -8.609219841999959, 0.0 ], [ 115.124689424000053, -8.609270926999955, 0.0 ], [ 115.124159528000064, -8.609746854999969, 0.0 ], [ 115.123795629000028, -8.610343220999937, 0.0 ], [ 115.123462134000079, -8.610590804999958, 0.0 ], [ 115.122245452000016, -8.610511243999952, 0.0 ], [ 115.120166457000096, -8.610749541999951, 0.0 ], [ 115.119758415000092, -8.610913184999959, 0.0 ], [ 115.11927903600008, -8.611555989999943, 0.0 ], [ 115.119122975000096, -8.61192153099995, 0.0 ], [ 115.118957189000071, -8.612693700999955, 0.0 ], [ 115.118190913000035, -8.613242077999928, 0.0 ], [ 115.118050504000053, -8.613484670999981, 0.0 ], [ 115.117977708000012, -8.615103890999933, 0.0 ], [ 115.117826038000089, -8.615395938999939, 0.0 ], [ 115.117338623000023, -8.615757701999939, 0.0 ], [ 115.11635488200011, -8.616776705999939, 0.0 ], [ 115.114330902, -8.617099435999933, 0.0 ], [ 115.113557788000094, -8.617500617999951, 0.0 ], [ 115.112152672000093, -8.619185938999976, 0.0 ], [ 115.111116157000083, -8.619889551999961, 0.0 ], [ 115.109950567000055, -8.62021647499995, 0.0 ], [ 115.109673268000051, -8.620388670999944, 0.0 ], [ 115.108863345000032, -8.621854177999978, 0.0 ], [ 115.108541391000017, -8.622228640999936, 0.0 ], [ 115.107300236000015, -8.623119255999939, 0.0 ], [ 115.107109871000034, -8.623364195999955, 0.0 ], [ 115.106917921000104, -8.623927322999975, 0.0 ], [ 115.106737278000082, -8.62514135899994, 0.0 ], [ 115.106101498000044, -8.626494531999981, 0.0 ], [ 115.105491395000058, -8.627389640999979, 0.0 ], [ 115.104810254000085, -8.628672130999973, 0.0 ], [ 115.104239936000113, -8.629247848999967, 0.0 ], [ 115.102955605000034, -8.630036984999947, 0.0 ], [ 115.102575511000055, -8.630396689999941, 0.0 ], [ 115.102370155000017, -8.630728330999943, 0.0 ], [ 115.101544268000112, -8.632789837999951, 0.0 ], [ 115.101229033000095, -8.634726369999953, 0.0 ], [ 115.100340125000116, -8.63499676999993, 0.0 ], [ 115.099843915000065, -8.635298039999952, 0.0 ], [ 115.099594470000056, -8.635716240999955, 0.0 ], [ 115.099178765000033, -8.637282336999931, 0.0 ], [ 115.099607002000084, -8.638633990999949, 0.0 ], [ 115.099943972, -8.639240979999954, 0.0 ], [ 115.099963980000098, -8.639448967999954, 0.0 ], [ 115.099452991000021, -8.639949975999969, 0.0 ], [ 115.099453007000079, -8.640215982999962, 0.0 ], [ 115.100094034000108, -8.639984971999979, 0.0 ], [ 115.100285965000012, -8.639563004999957, 0.0 ], [ 115.102706011, -8.641874973999961, 0.0 ], [ 115.102887003000092, -8.642456965999941, 0.0 ], [ 115.102787029000069, -8.642960013999925, 0.0 ], [ 115.103157987000031, -8.642794003999938, 0.0 ], [ 115.104028963000019, -8.643617037999945, 0.0 ], [ 115.104377981000084, -8.643854042999976, 0.0 ], [ 115.105235016000051, -8.644259961999978, 0.0 ], [ 115.107394996000039, -8.645018955999944, 0.0 ], [ 115.108254005000049, -8.645285955999952, 0.0 ], [ 115.110413984000047, -8.645477033999953, 0.0 ], [ 115.110967982000034, -8.645619957999941, 0.0 ], [ 115.114379033000091, -8.647424991999969, 0.0 ], [ 115.115484012000024, -8.648108969999953, 0.0 ], [ 115.116347006000069, -8.648330959999953, 0.0 ], [ 115.117715003000058, -8.64913599099998, 0.0 ], [ 115.120739970000045, -8.65130099199996, 0.0 ], [ 115.12104398200006, -8.651856017999933, 0.0 ], [ 115.122311036000042, -8.652779038999938, 0.0 ], [ 115.123054976000049, -8.653204979999941, 0.0 ], [ 115.124451989000022, -8.654480963999958, 0.0 ], [ 115.125291015000016, -8.655493983999975, 0.0 ], [ 115.127706017000037, -8.657365, 0.0 ], [ 115.128841011000077, -8.658368979999977, 0.0 ], [ 115.129636994000066, -8.659348972999965, 0.0 ], [ 115.131596018000096, -8.661058025999978, 0.0 ], [ 115.133308011000054, -8.662018989999979, 0.0 ], [ 115.13431601100001, -8.662909986999978, 0.0 ], [ 115.134889968000039, -8.663237009999932, 0.0 ], [ 115.136328993, -8.664441041999964, 0.0 ], [ 115.137934023000071, -8.665496014999974, 0.0 ], [ 115.138987033000035, -8.667049044999942, 0.0 ], [ 115.141128025000057, -8.669675038999969, 0.0 ], [ 115.142228021000051, -8.670619979999969, 0.0 ], [ 115.14326002100006, -8.671224997999957, 0.0 ], [ 115.143658017, -8.671689993999962, 0.0 ], [ 115.144122036000113, -8.672623973999976, 0.0 ], [ 115.144489018000058, -8.673150011999951, 0.0 ], [ 115.146306971000058, -8.675102018999951, 0.0 ], [ 115.146932993000064, -8.676062003999959, 0.0 ], [ 115.147291973000051, -8.676937985999928, 0.0 ], [ 115.147546976000058, -8.677293004999967, 0.0 ], [ 115.14854901800004, -8.678238001999944, 0.0 ], [ 115.149079022000024, -8.67890402699993, 0.0 ], [ 115.150273977000097, -8.680982979999953, 0.0 ], [ 115.15054503500005, -8.681211983999958, 0.0 ], [ 115.150725998000098, -8.682183997999971, 0.0 ], [ 115.151120035000076, -8.682972019999966, 0.0 ], [ 115.152165024000055, -8.684224, 0.0 ], [ 115.155001998000103, -8.688653964999958, 0.0 ], [ 115.156333978000021, -8.689794974999927, 0.0 ], [ 115.157418014000086, -8.691542015999971, 0.0 ], [ 115.158101969000086, -8.692386032999934, 0.0 ], [ 115.15893703200004, -8.69370803399994, 0.0 ], [ 115.159787028000096, -8.694749990999981, 0.0 ], [ 115.16011400800005, -8.695236960999978, 0.0 ], [ 115.161023032000116, -8.69712696199997, 0.0 ], [ 115.162072993000038, -8.698755965999965, 0.0 ], [ 115.164622031000022, -8.704181956999946, 0.0 ], [ 115.165798985000038, -8.70767901499994, 0.0 ], [ 115.166632033000042, -8.711516990999939, 0.0 ], [ 115.167189983000071, -8.71361301099995, 0.0 ], [ 115.16782701000011, -8.715518961999976, 0.0 ], [ 115.169260016000067, -8.721988991999979, 0.0 ], [ 115.169347031000029, -8.722906955999974, 0.0 ], [ 115.169217995000054, -8.724092966999933, 0.0 ], [ 115.168895975000055, -8.724842007999939, 0.0 ], [ 115.168477022000047, -8.725523962999944, 0.0 ], [ 115.167486992000022, -8.726675986999965, 0.0 ], [ 115.1653709630001, -8.728126994999968, 0.0 ], [ 115.165001981000046, -8.728471039999931, 0.0 ], [ 115.164445036000075, -8.729083985999978, 0.0 ], [ 115.164042009000013, -8.729754983999953, 0.0 ], [ 115.16371902800006, -8.730650984999954, 0.0 ], [ 115.163353986000061, -8.733174961999964, 0.0 ], [ 115.162942987000065, -8.73478397699995, 0.0 ], [ 115.162082020000071, -8.736424974999977, 0.0 ], [ 115.161436189000028, -8.736991027999977, 0.0 ], [ 115.160198870000045, -8.73723849199996, 0.0 ], [ 115.160198870000045, -8.737619205999977, 0.0 ], [ 115.160484405000034, -8.737771491999979, 0.0 ], [ 115.160788976000049, -8.738399668999932, 0.0 ], [ 115.160788976000049, -8.739560845999961, 0.0 ], [ 115.160339035000106, -8.740892039999949, 0.0 ], [ 115.160164719000022, -8.742147245999945, 0.0 ], [ 115.15952905100005, -8.742069987999969, 0.0 ], [ 115.156822414000089, -8.742159217999927, 0.0 ], [ 115.156941387000074, -8.744033042999945, 0.0 ], [ 115.151974263000056, -8.744300732999932, 0.0 ], [ 115.152252034000071, -8.74725996799998, 0.0 ], [ 115.152159020000113, -8.74752299599993, 0.0 ], [ 115.152217007000104, -8.750123034999945, 0.0 ], [ 115.152278016000082, -8.750348038999959, 0.0 ], [ 115.152411016000087, -8.750485988999969, 0.0 ], [ 115.153724029000045, -8.750493029999973, 0.0 ], [ 115.158957005000048, -8.750227019999954, 0.0 ], [ 115.159593996000012, -8.750291039999979, 0.0 ], [ 115.159768963000033, -8.750383002999968, 0.0 ], [ 115.16122800900007, -8.751828002999957, 0.0 ], [ 115.162009029000046, -8.752150961999973, 0.0 ], [ 115.162487985000098, -8.752444973999957, 0.0 ], [ 115.164021008000077, -8.753966975999958, 0.0 ], [ 115.167025010000089, -8.756558992999942, 0.0 ], [ 115.167756978000057, -8.757568030999948, 0.0 ], [ 115.168562992000034, -8.759387042999947, 0.0 ], [ 115.169133028000033, -8.761682981999968, 0.0 ], [ 115.169157985000083, -8.764345971999944, 0.0 ], [ 115.169072025000105, -8.765924023999958, 0.0 ], [ 115.168337030000089, -8.76987300299993, 0.0 ], [ 115.167639007000048, -8.772237994999955, 0.0 ], [ 115.166606964000039, -8.775016969999967, 0.0 ], [ 115.165674010000089, -8.776826997999933, 0.0 ], [ 115.163957976, -8.779572985999948, 0.0 ], [ 115.162668007000093, -8.780967009999927, 0.0 ], [ 115.161708964000013, -8.781675957999937, 0.0 ], [ 115.16145799800006, -8.781766026999946, 0.0 ], [ 115.160416008000084, -8.781726958999968, 0.0 ], [ 115.159173030000034, -8.781916043999956, 0.0 ], [ 115.158608989000072, -8.781712987999981, 0.0 ], [ 115.157762981000019, -8.781230971999946, 0.0 ], [ 115.156977979000089, -8.781066967999948, 0.0 ], [ 115.155606018000071, -8.780227962999959, 0.0 ], [ 115.154126035000104, -8.780321957999945, 0.0 ], [ 115.153327018000027, -8.780552966999949, 0.0 ], [ 115.153149997000014, -8.780540981999934, 0.0 ], [ 115.152723987000059, -8.780371044999981, 0.0 ], [ 115.152337989000102, -8.779884038999967, 0.0 ], [ 115.152129998000078, -8.779830956999945, 0.0 ], [ 115.150664964000043, -8.779888042999971, 0.0 ], [ 115.149254969000026, -8.77948495499993, 0.0 ], [ 115.148545967000018, -8.779501993999929, 0.0 ], [ 115.146868002000019, -8.780034004999948, 0.0 ], [ 115.14653803300007, -8.780036992999953, 0.0 ], [ 115.145691016000114, -8.779928973999972, 0.0 ], [ 115.145079024000097, -8.779937986999926, 0.0 ], [ 115.144654553, -8.77936062699996, 0.0 ], [ 115.143876023000075, -8.779705209999975, 0.0 ], [ 115.143391564000012, -8.780155653999941, 0.0 ], [ 115.142878370000062, -8.779964358999962, 0.0 ], [ 115.142465241000082, -8.780380245999936, 0.0 ], [ 115.142106258000013, -8.780111190999946, 0.0 ], [ 115.141740786000014, -8.78019287199993, 0.0 ], [ 115.141479556000036, -8.780476771999929, 0.0 ], [ 115.141415324000036, -8.780790083999932, 0.0 ], [ 115.140720765000083, -8.782298315999981, 0.0 ], [ 115.140415473000076, -8.782576717999973, 0.0 ], [ 115.139251745000024, -8.783373629999971, 0.0 ], [ 115.138224951000097, -8.784356284999944, 0.0 ], [ 115.136894424000047, -8.785470511999961, 0.0 ], [ 115.135502667000083, -8.786191353999925, 0.0 ], [ 115.133558000000107, -8.786670698999956, 0.0 ], [ 115.133243869000012, -8.786830499999951, 0.0 ], [ 115.132822480000073, -8.787231676999966, 0.0 ], [ 115.131925080000087, -8.788811988999953, 0.0 ], [ 115.130614666000042, -8.789807176999943, 0.0 ], [ 115.129882306000013, -8.789893568999958, 0.0 ], [ 115.128172111000026, -8.790458066999975, 0.0 ], [ 115.126845901000024, -8.790452180999978, 0.0 ], [ 115.126541986, -8.790645113999972, 0.0 ], [ 115.126406757000041, -8.790611850999937, 0.0 ], [ 115.126169108000113, -8.790263248999963, 0.0 ], [ 115.125899080000067, -8.790084376999971, 0.0 ], [ 115.125569177000102, -8.790003386999956, 0.0 ], [ 115.125269889000037, -8.789594178999948, 0.0 ], [ 115.12516886200001, -8.78956223299997, 0.0 ], [ 115.124924432000057, -8.789720265999961, 0.0 ], [ 115.124962005000043, -8.790359600999977, 0.0 ], [ 115.123680878000073, -8.79141470899998, 0.0 ], [ 115.122334337000098, -8.79325272899996, 0.0 ], [ 115.121579013000087, -8.79394356399996, 0.0 ], [ 115.12039766700002, -8.794030479999947, 0.0 ], [ 115.120124767000107, -8.793954479999968, 0.0 ], [ 115.119572143000028, -8.79311230899998, 0.0 ], [ 115.119294021000087, -8.793106074999969, 0.0 ], [ 115.119105188000049, -8.793217224999978, 0.0 ], [ 115.118641083000057, -8.793756803999941, 0.0 ], [ 115.11838471100009, -8.794347676999962, 0.0 ], [ 115.118054020000045, -8.795961165999927, 0.0 ], [ 115.117732534000083, -8.796932045999938, 0.0 ], [ 115.117656319000048, -8.797836790999952, 0.0 ], [ 115.116545065000082, -8.802053886999943, 0.0 ], [ 115.11607661700009, -8.803112488999943, 0.0 ], [ 115.115846838000039, -8.80345291499998, 0.0 ], [ 115.114765782000063, -8.804449501999954, 0.0 ], [ 115.114149229000077, -8.804899764999959, 0.0 ], [ 115.113118095000118, -8.805498822999937, 0.0 ], [ 115.11235216700004, -8.806112652999957, 0.0 ], [ 115.110794110000029, -8.807173145999968, 0.0 ], [ 115.11054802700005, -8.807197136999946, 0.0 ], [ 115.109931362000111, -8.807063367999945, 0.0 ], [ 115.109453010000038, -8.807162948999974, 0.0 ], [ 115.105538624000019, -8.809816362999982, 0.0 ], [ 115.103819985000086, -8.810738600999969, 0.0 ], [ 115.1033302620001, -8.811081619999982, 0.0 ], [ 115.102069802000074, -8.81059047399998, 0.0 ], [ 115.101380763000066, -8.810551085999975, 0.0 ], [ 115.100719798000114, -8.810303764999958, 0.0 ], [ 115.100206449000098, -8.81034849699995, 0.0 ], [ 115.100032512000098, -8.810449964999975, 0.0 ], [ 115.099359943000081, -8.811184306999962, 0.0 ], [ 115.097517411000013, -8.812595096999928, 0.0 ], [ 115.096270049000054, -8.813323023999942, 0.0 ], [ 115.095425675000115, -8.813698730999931, 0.0 ], [ 115.094445855000117, -8.813841772999979, 0.0 ], [ 115.093972482000027, -8.813805018999972, 0.0 ], [ 115.092865628000027, -8.813468371999932, 0.0 ], [ 115.092113948000019, -8.813725271999942, 0.0 ], [ 115.091329024000061, -8.813480513999934, 0.0 ], [ 115.090784955000117, -8.813643179999929, 0.0 ], [ 115.090222412000116, -8.813970013999949, 0.0 ], [ 115.08961057800002, -8.81398412599998, 0.0 ], [ 115.089136714, -8.814368706999971, 0.0 ], [ 115.088572216000102, -8.81463673899998, 0.0 ], [ 115.088289662000079, -8.814859185999978, 0.0 ], [ 115.088207646000114, -8.816140572999927, 0.0 ], [ 115.087368145000028, -8.816962559999979, 0.0 ], [ 115.08713755000008, -8.818044608999969, 0.0 ], [ 115.086268822000079, -8.819891906999942, 0.0 ], [ 115.085192604000099, -8.821249332999969, 0.0 ], [ 115.085154416000023, -8.821479675999967, 0.0 ], [ 115.085255971000038, -8.822391729999936, 0.0 ], [ 115.085109210000041, -8.823171839999929, 0.0 ], [ 115.085055441, -8.824254063999945, 0.0 ], [ 115.084608086000117, -8.824633852999966, 0.0 ], [ 115.084141914000043, -8.824707448999959, 0.0 ], [ 115.083999522000113, -8.824847777999935, 0.0 ], [ 115.084094229000016, -8.825293288999944, 0.0 ], [ 115.084387940000056, -8.825898076999977, 0.0 ], [ 115.084233137000069, -8.826682411999968, 0.0 ], [ 115.084574478000036, -8.827305974999945, 0.0 ], [ 115.084641131000012, -8.827840679999952, 0.0 ], [ 115.084540601000072, -8.828967476999935, 0.0 ], [ 115.084459007000078, -8.829078979999963, 0.0 ], [ 115.083932969000102, -8.829232839999975, 0.0 ], [ 115.083842733000097, -8.829327098999954, 0.0 ], [ 115.083878764000019, -8.829893477999974, 0.0 ], [ 115.083955322000065, -8.830000472999927, 0.0 ], [ 115.084863769000094, -8.830219394999972, 0.0 ], [ 115.084990420000054, -8.830364415999952, 0.0 ], [ 115.084971514000017, -8.831086622999976, 0.0 ], [ 115.085038165000014, -8.831373405999955, 0.0 ], [ 115.085244869, -8.831719900999929, 0.0 ], [ 115.086055430000101, -8.832288145999939, 0.0 ], [ 115.086603524000111, -8.832779943999981, 0.0 ], [ 115.086684851000086, -8.832942370999945, 0.0 ], [ 115.086873673000014, -8.834851567999976, 0.0 ], [ 115.087070910000079, -8.835592543999951, 0.0 ], [ 115.087551378000057, -8.836517832999959, 0.0 ], [ 115.088653667000017, -8.837618944999974, 0.0 ], [ 115.088858980000055, -8.838201050999942, 0.0 ], [ 115.089315119000048, -8.838273665999964, 0.0 ], [ 115.09086723300004, -8.838282307999975, 0.0 ], [ 115.091514717000109, -8.838685243999976, 0.0 ], [ 115.092063607000114, -8.838827639999977, 0.0 ], [ 115.094661598000016, -8.840170740999952, 0.0 ], [ 115.095976158000099, -8.840669580999929, 0.0 ], [ 115.097866285, -8.840948512999944, 0.0 ], [ 115.101327545000117, -8.841804539999941, 0.0 ], [ 115.103470678, -8.842568695999944, 0.0 ], [ 115.107766233, -8.844520072999956, 0.0 ], [ 115.108770459000084, -8.844879828999979, 0.0 ], [ 115.11002251900004, -8.845140068999967, 0.0 ], [ 115.111261030000037, -8.845569526999952, 0.0 ], [ 115.112235019000082, -8.845799843999941, 0.0 ], [ 115.114049593000118, -8.845884429999956, 0.0 ], [ 115.115413953000029, -8.846216701999936, 0.0 ], [ 115.119006916000103, -8.846256093999955, 0.0 ], [ 115.119740601000103, -8.84644108599997, 0.0 ], [ 115.120482920000086, -8.84631302899993, 0.0 ], [ 115.120822539000073, -8.846329460999925, 0.0 ], [ 115.121215929000073, -8.846543677999932, 0.0 ], [ 115.121380161000047, -8.846982270999945, 0.0 ], [ 115.121399852000081, -8.847327589999963, 0.0 ], [ 115.121545268000091, -8.847424220999926, 0.0 ], [ 115.122039704000031, -8.847671427999956, 0.0 ], [ 115.122508186, -8.847575208999956, 0.0 ], [ 115.123108466000076, -8.847646103999978, 0.0 ], [ 115.123439558000086, -8.848048782999967, 0.0 ], [ 115.123655924000104, -8.847981149999953, 0.0 ], [ 115.124026908000019, -8.847474714999976, 0.0 ], [ 115.125181892000114, -8.847196501999974, 0.0 ], [ 115.125650104000101, -8.847297423999976, 0.0 ], [ 115.126727784000082, -8.847005844999956, 0.0 ], [ 115.127109326000095, -8.846821201999944, 0.0 ], [ 115.129335458000014, -8.84743575899995, 0.0 ], [ 115.131201975000067, -8.847572045999925, 0.0 ], [ 115.133543526000039, -8.84760396799993, 0.0 ], [ 115.137444997000102, -8.847979613999939, 0.0 ], [ 115.139231608000046, -8.84776740999996, 0.0 ], [ 115.141581427, -8.84771539999997, 0.0 ], [ 115.143467496000085, -8.848203339999941, 0.0 ], [ 115.145959037000011, -8.848483967999925, 0.0 ], [ 115.146514969, -8.848437006999973, 0.0 ], [ 115.147284986000045, -8.848100959999954, 0.0 ], [ 115.148461971000074, -8.848084004999976, 0.0 ], [ 115.149996010000109, -8.847366043999955, 0.0 ], [ 115.151726637000024, -8.847814095999979, 0.0 ], [ 115.15526009000007, -8.847966418999931, 0.0 ], [ 115.15702111600001, -8.848301224999943, 0.0 ], [ 115.157460018000052, -8.848324991999959, 0.0 ], [ 115.158147991000078, -8.848162965999961, 0.0 ], [ 115.158638489000055, -8.848298388999979, 0.0 ], [ 115.160439283000073, -8.848367515999939, 0.0 ], [ 115.161488965000103, -8.848594993999939, 0.0 ], [ 115.163775014000066, -8.848537970999928, 0.0 ], [ 115.165737978000038, -8.849078988999963, 0.0 ], [ 115.166829980000102, -8.849258969999937, 0.0 ], [ 115.167251972000031, -8.849257962999957, 0.0 ], [ 115.168753014000117, -8.848994954999966, 0.0 ], [ 115.169433019000053, -8.848973966999949, 0.0 ], [ 115.17005020900001, -8.84908248399995, 0.0 ], [ 115.170697030000042, -8.84892898499993, 0.0 ], [ 115.172532796000041, -8.848018426999943, 0.0 ], [ 115.173059010000088, -8.847871034999969, 0.0 ], [ 115.174196964000089, -8.847929011999952, 0.0 ], [ 115.174928031000036, -8.848101965999945, 0.0 ], [ 115.176300014000049, -8.847836036999979, 0.0 ], [ 115.177187028000048, -8.847787026999981, 0.0 ], [ 115.178245971000024, -8.847284011999932, 0.0 ], [ 115.179810523000015, -8.847145244999979, 0.0 ], [ 115.181492004, -8.846661087999962, 0.0 ], [ 115.182797983000114, -8.846652819999974, 0.0 ], [ 115.184713449000014, -8.846057954999935, 0.0 ], [ 115.186527788000035, -8.845677240999976, 0.0 ], [ 115.187509316000046, -8.845570165999959, 0.0 ], [ 115.18791382400002, -8.845409551999978, 0.0 ], [ 115.188226612000108, -8.844840279999971, 0.0 ], [ 115.189181967000081, -8.844314963999977, 0.0 ], [ 115.190370979000022, -8.843464988999926, 0.0 ], [ 115.190853994, -8.843231042999946, 0.0 ], [ 115.195594966000044, -8.841960967999967, 0.0 ], [ 115.196571976000087, -8.841792031999944, 0.0 ], [ 115.198522984000078, -8.841687978999971, 0.0 ], [ 115.19929503100002, -8.841264956999964, 0.0 ], [ 115.201825993000057, -8.840363986999932, 0.0 ], [ 115.202516035000031, -8.840034027999934, 0.0 ], [ 115.20380499800001, -8.838348004999943, 0.0 ], [ 115.204448031000084, -8.837926972999981, 0.0 ], [ 115.208685013000036, -8.836377969999944, 0.0 ], [ 115.211788003000038, -8.835018026999933, 0.0 ], [ 115.216140014000075, -8.83380600199996, 0.0 ], [ 115.216948978, -8.833524032999946, 0.0 ], [ 115.217559011000048, -8.833118996999929, 0.0 ], [ 115.218426997000051, -8.832127007999929, 0.0 ], [ 115.219385012000089, -8.830615964999936, 0.0 ], [ 115.220005018000052, -8.829380001999937, 0.0 ], [ 115.220235991000095, -8.828776016999939, 0.0 ], [ 115.220770013000106, -8.826713013999949, 0.0 ], [ 115.22221202500009, -8.823903968999957, 0.0 ], [ 115.222614969, -8.822726989999978, 0.0 ], [ 115.22294699400004, -8.822116971999947, 0.0 ], [ 115.223883970000088, -8.82077899799998, 0.0 ], [ 115.224880001000088, -8.82008398499994, 0.0 ], [ 115.225030031000074, -8.819884024999965, 0.0 ], [ 115.225253978000069, -8.819194037999978, 0.0 ], [ 115.225159019000102, -8.81857317999993, 0.0 ], [ 115.225005338000074, -8.818557809999959, 0.0 ], [ 115.224762633000068, -8.818257997999979, 0.0 ], [ 115.224678580000045, -8.817761970999982, 0.0 ], [ 115.226527967000038, -8.816068973999961, 0.0 ], [ 115.229533999000068, -8.81364997999998, 0.0 ], [ 115.231422980000048, -8.811479972999962, 0.0 ], [ 115.23173000700001, -8.81098299599995, 0.0 ], [ 115.231973990000029, -8.80895899799998, 0.0 ], [ 115.232252006000067, -8.808225959999959, 0.0 ], [ 115.232900971000049, -8.807011969999962, 0.0 ], [ 115.235050999, -8.804638963999935, 0.0 ], [ 115.235684973000048, -8.803817017999961, 0.0 ], [ 115.236854017000041, -8.802751980999972, 0.0 ], [ 115.237016986000071, -8.802696972999968, 0.0 ], [ 115.237536969000075, -8.80282297499997, 0.0 ], [ 115.237510995000093, -8.803306994999957, 0.0 ], [ 115.23757002900004, -8.803691981999975, 0.0 ], [ 115.237691967000046, -8.803882015999932, 0.0 ], [ 115.237911036000014, -8.803913955999974, 0.0 ], [ 115.238746982000066, -8.803773965999937, 0.0 ], [ 115.238781034000112, -8.803815976999942, 0.0 ], [ 115.238219985000114, -8.80432198799997, 0.0 ], [ 115.238241026000082, -8.80442097599996, 0.0 ], [ 115.238418017000072, -8.80452304399995, 0.0 ], [ 115.238794001000088, -8.804575966999948, 0.0 ], [ 115.239295973000026, -8.804470025999933, 0.0 ], [ 115.239996009000038, -8.804003983999962, 0.0 ], [ 115.240128993000098, -8.803792002999955, 0.0 ], [ 115.240266968000014, -8.802967996999939, 0.0 ], [ 115.239934025000025, -8.802023012999939, 0.0 ], [ 115.239906975000054, -8.801561975999959, 0.0 ], [ 115.239579010000057, -8.801212972999963, 0.0 ], [ 115.239287010000112, -8.801104039999927, 0.0 ], [ 115.238914036000097, -8.801270966999937, 0.0 ], [ 115.238458967000042, -8.801143010999965, 0.0 ], [ 115.237920983000095, -8.801844015999961, 0.0 ], [ 115.237751966000019, -8.80198902799998, 0.0 ], [ 115.237428030000046, -8.802056027999981, 0.0 ], [ 115.23693400600007, -8.801686991999929, 0.0 ], [ 115.236594969000066, -8.801192041999968, 0.0 ], [ 115.236092989000099, -8.800019017999944, 0.0 ], [ 115.23600800600002, -8.799463971999955, 0.0 ], [ 115.236117032000038, -8.798961991999931, 0.0 ], [ 115.23667699900011, -8.798872957999947, 0.0 ], [ 115.236859019, -8.79859296099994, 0.0 ], [ 115.237280023000039, -8.798379979999936, 0.0 ], [ 115.237603014000115, -8.797815002999926, 0.0 ], [ 115.237434036000082, -8.797287042999926, 0.0 ], [ 115.237295981000102, -8.797209020999958, 0.0 ], [ 115.236109004000014, -8.797111983999969, 0.0 ], [ 115.235987029000057, -8.797231001999933, 0.0 ], [ 115.235986987000047, -8.797856968999952, 0.0 ], [ 115.235900027000071, -8.798225994999939, 0.0 ], [ 115.23565097300002, -8.798576001999947, 0.0 ], [ 115.234855995000089, -8.79858203699996, 0.0 ], [ 115.234264036000013, -8.798258006999959, 0.0 ], [ 115.233778977000043, -8.797627957999964, 0.0 ], [ 115.233220023000058, -8.796602998999958, 0.0 ], [ 115.232638986000097, -8.794467015999942, 0.0 ], [ 115.232430073000046, -8.793181791999928, 0.0 ], [ 115.232321091000017, -8.792939187999934, 0.0 ], [ 115.232630717, -8.792397123999933, 0.0 ], [ 115.232571231000065, -8.792319790999954, 0.0 ], [ 115.232297593000112, -8.792414969999982, 0.0 ], [ 115.23214292800003, -8.792218663999961, 0.0 ], [ 115.231863341, -8.790868319999959, 0.0 ], [ 115.231399346000103, -8.790539954999929, 0.0 ], [ 115.23135770600004, -8.790373391999935, 0.0 ], [ 115.231458833000033, -8.790171137999948, 0.0 ], [ 115.231446935, -8.789891550999926, 0.0 ], [ 115.231322014000057, -8.789760680999962, 0.0 ], [ 115.231032909000078, -8.789926053999977, 0.0 ], [ 115.230728338000063, -8.789735696999969, 0.0 ], [ 115.230577541000116, -8.789390814999933, 0.0 ], [ 115.230345980000038, -8.78830904199998, 0.0 ], [ 115.230276005000064, -8.788178005999953, 0.0 ], [ 115.229771034, -8.787846968999929, 0.0 ], [ 115.229469710000103, -8.787244763999979, 0.0 ], [ 115.229529090000028, -8.786728057999937, 0.0 ], [ 115.229424394000034, -8.786585289999948, 0.0 ], [ 115.229281626000102, -8.786556736999955, 0.0 ], [ 115.2291293400001, -8.787042146999966, 0.0 ], [ 115.228805734000048, -8.787108771999954, 0.0 ], [ 115.228463091000094, -8.787023110999939, 0.0 ], [ 115.227920574000109, -8.786118915999964, 0.0 ], [ 115.227787324000019, -8.785595434999948, 0.0 ], [ 115.227654075000032, -8.785595434999948, 0.0 ], [ 115.227454200000011, -8.785776273999943, 0.0 ], [ 115.227282879000086, -8.785757237999974, 0.0 ], [ 115.227033267000024, -8.785573357999965, 0.0 ], [ 115.22675301400011, -8.784374022999941, 0.0 ], [ 115.226713008000047, -8.783014971999933, 0.0 ], [ 115.226782036000031, -8.781814980999968, 0.0 ], [ 115.22662002800007, -8.781291030999967, 0.0 ], [ 115.226695999000071, -8.780206954999926, 0.0 ], [ 115.225859349000075, -8.776741644999959, 0.0 ], [ 115.225485434, -8.776789762999954, 0.0 ], [ 115.225276041000029, -8.77668506699996, 0.0 ], [ 115.225171345000035, -8.776485191999939, 0.0 ], [ 115.225066649000041, -8.77607592499993, 0.0 ], [ 115.225007296000058, -8.774859692999939, 0.0 ], [ 115.224679001000027, -8.774221025999964, 0.0 ], [ 115.224405001000036, -8.773184025999967, 0.0 ], [ 115.224299023000071, -8.771262970999942, 0.0 ], [ 115.223918022000021, -8.770019012999967, 0.0 ], [ 115.223665980000078, -8.766964027999961, 0.0 ], [ 115.223743997000042, -8.766395015999933, 0.0 ], [ 115.223600023000017, -8.765325996999934, 0.0 ], [ 115.224219023000046, -8.763115026999969, 0.0 ], [ 115.224262974000112, -8.762601987999972, 0.0 ], [ 115.224191008000048, -8.761755038999979, 0.0 ], [ 115.223618007000027, -8.76027696899996, 0.0 ], [ 115.222881990000019, -8.759058009999933, 0.0 ], [ 115.222621977000017, -8.758264954999959, 0.0 ], [ 115.222391002000109, -8.75713297599998, 0.0 ], [ 115.222294009000052, -8.755149954999979, 0.0 ], [ 115.22202500800006, -8.754404041999976, 0.0 ], [ 115.221070032000057, -8.752966027999946, 0.0 ], [ 115.220371964000037, -8.752722031999951, 0.0 ], [ 115.219981004000033, -8.752867982999931, 0.0 ], [ 115.219752976000109, -8.752772992999951, 0.0 ], [ 115.219538011000054, -8.752799008999943, 0.0 ], [ 115.21938203000002, -8.752948957999934, 0.0 ], [ 115.218700993000084, -8.752700970999967, 0.0 ], [ 115.218369990000042, -8.752404012999932, 0.0 ], [ 115.217898988000115, -8.752442018999943, 0.0 ], [ 115.217680967000092, -8.752559042999962, 0.0 ], [ 115.217388964000065, -8.752837971999952, 0.0 ], [ 115.216805980000117, -8.75374700499998, 0.0 ], [ 115.216264973000079, -8.755612035999945, 0.0 ], [ 115.215818001000116, -8.756581998999934, 0.0 ], [ 115.215685979000114, -8.75733298199998, 0.0 ], [ 115.216452993000075, -8.75757704199998, 0.0 ], [ 115.216750974000092, -8.757931968999969, 0.0 ], [ 115.217320010000094, -8.759811001999935, 0.0 ], [ 115.217131970000082, -8.760083006999935, 0.0 ], [ 115.216230998000015, -8.760319017999961, 0.0 ], [ 115.215959021000117, -8.760780990999933, 0.0 ], [ 115.215903997000055, -8.762812010999937, 0.0 ], [ 115.215627030000064, -8.764491985999939, 0.0 ], [ 115.215593028000058, -8.765854025999943, 0.0 ], [ 115.216505986000016, -8.76862196899998, 0.0 ], [ 115.217256, -8.770078011999942, 0.0 ], [ 115.217475972000102, -8.770764037999982, 0.0 ], [ 115.217604022000046, -8.771397021999974, 0.0 ], [ 115.217612990000021, -8.772596018999934, 0.0 ], [ 115.217364012000075, -8.773230024999975, 0.0 ], [ 115.214722966000068, -8.774566003999951, 0.0 ], [ 115.214134026000011, -8.775331001999973, 0.0 ], [ 115.213962977000051, -8.775824000999933, 0.0 ], [ 115.214004964000083, -8.776289986999927, 0.0 ], [ 115.214362988000062, -8.777709018999929, 0.0 ], [ 115.214839981000068, -8.778430971999967, 0.0 ], [ 115.215148016000057, -8.77911497599996, 0.0 ], [ 115.215614028000118, -8.780613972999959, 0.0 ], [ 115.216309997000053, -8.783376012999952, 0.0 ], [ 115.216934970000011, -8.784718028999976, 0.0 ], [ 115.217562029000078, -8.785435990999929, 0.0 ], [ 115.218120975000033, -8.785869981999952, 0.0 ], [ 115.2186589800001, -8.786248010999941, 0.0 ], [ 115.219900966000068, -8.786789991999967, 0.0 ], [ 115.220226010000033, -8.787132031999931, 0.0 ], [ 115.217887011000016, -8.787091963999956, 0.0 ], [ 115.217358000000104, -8.787184011999955, 0.0 ], [ 115.21545698500006, -8.786341968999977, 0.0 ], [ 115.214994996000087, -8.786444996999933, 0.0 ], [ 115.214798015000042, -8.786577029999933, 0.0 ], [ 115.214591020000057, -8.786937975999933, 0.0 ], [ 115.214345963000028, -8.787062007999964, 0.0 ], [ 115.212233030000107, -8.78614003399997, 0.0 ], [ 115.210526002000051, -8.785778955999945, 0.0 ], [ 115.208088011000086, -8.785554955999942, 0.0 ], [ 115.207934014000102, -8.785475040999927, 0.0 ], [ 115.207786989000056, -8.785191960999953, 0.0 ], [ 115.206114982000031, -8.783878038999944, 0.0 ], [ 115.204294014000084, -8.782157004999931, 0.0 ], [ 115.20366901500006, -8.781968003999964, 0.0 ], [ 115.202594020000106, -8.781944984999939, 0.0 ], [ 115.202333976000091, -8.781867003999935, 0.0 ], [ 115.20151798400002, -8.781173973999955, 0.0 ], [ 115.201295015000028, -8.78108495999993, 0.0 ], [ 115.201035, -8.781063019999976, 0.0 ], [ 115.199998022000045, -8.781424968999943, 0.0 ], [ 115.197501013000078, -8.78163802499995, 0.0 ], [ 115.197123016000091, -8.781606027999942, 0.0 ], [ 115.196958969000093, -8.781358025999964, 0.0 ], [ 115.197595033000084, -8.780200992999937, 0.0 ], [ 115.197474967000062, -8.779799988999969, 0.0 ], [ 115.197176982000087, -8.779432030999942, 0.0 ], [ 115.194856967000078, -8.77755898199996, 0.0 ], [ 115.19377496300001, -8.776169021999976, 0.0 ], [ 115.193695001000037, -8.775874960999943, 0.0 ], [ 115.19370802800006, -8.774452005999933, 0.0 ], [ 115.194037997, -8.773069977999967, 0.0 ], [ 115.194028013000093, -8.772438010999963, 0.0 ], [ 115.193665991000103, -8.771739006999951, 0.0 ], [ 115.193384016000095, -8.771456000999933, 0.0 ], [ 115.19252700200002, -8.770947971999931, 0.0 ], [ 115.192293988000074, -8.770505028999935, 0.0 ], [ 115.192196022000076, -8.769672967999952, 0.0 ], [ 115.191917969000087, -8.768936039999971, 0.0 ], [ 115.19158896700003, -8.767577975999927, 0.0 ], [ 115.191214991000038, -8.766996963999929, 0.0 ], [ 115.190837975000022, -8.766781023999954, 0.0 ], [ 115.190433005000045, -8.766828978999968, 0.0 ], [ 115.190239964000057, -8.766721031999964, 0.0 ], [ 115.190161017000037, -8.766605044999949, 0.0 ], [ 115.190145963000077, -8.765952986999935, 0.0 ], [ 115.18992198, -8.76559595699996, 0.0 ], [ 115.189645010000049, -8.765549976999978, 0.0 ], [ 115.189022971000099, -8.766149989999974, 0.0 ], [ 115.188670037000065, -8.76625396399993, 0.0 ], [ 115.187005022000108, -8.765431018999948, 0.0 ], [ 115.186877002000074, -8.765312987999948, 0.0 ], [ 115.186708037000017, -8.76441297599996, 0.0 ], [ 115.187130022000019, -8.763637011999947, 0.0 ], [ 115.187167987000066, -8.763318025999979, 0.0 ], [ 115.186463023000101, -8.762876974999926, 0.0 ], [ 115.186175997000078, -8.762788008999962, 0.0 ], [ 115.185779019000051, -8.762857963999977, 0.0 ], [ 115.185532022000075, -8.763167990999932, 0.0 ], [ 115.185465029000056, -8.764665975999947, 0.0 ], [ 115.185338975000036, -8.764838015999942, 0.0 ], [ 115.184633035000047, -8.765307996999979, 0.0 ], [ 115.184326974000101, -8.765604994999933, 0.0 ], [ 115.183650028000102, -8.765613038999959, 0.0 ], [ 115.183653031000063, -8.765365023999948, 0.0 ], [ 115.183979989000022, -8.765239958999928, 0.0 ], [ 115.184069993000094, -8.765131019999956, 0.0 ], [ 115.184138989000076, -8.764765, 0.0 ], [ 115.18304101800004, -8.764763969999933, 0.0 ], [ 115.18276103300002, -8.764645025999926, 0.0 ], [ 115.182728982000071, -8.764038987999982, 0.0 ], [ 115.182577014000117, -8.763699023999948, 0.0 ], [ 115.18177598300008, -8.762704044999964, 0.0 ], [ 115.181329964000042, -8.761562985999944, 0.0 ], [ 115.180943008000099, -8.759463986999947, 0.0 ], [ 115.180885000000103, -8.758479000999955, 0.0 ], [ 115.18123301300011, -8.75705802799996, 0.0 ], [ 115.181979978000072, -8.755620983999961, 0.0 ], [ 115.182492997000054, -8.75486200499995, 0.0 ], [ 115.183109037, -8.753502966999974, 0.0 ], [ 115.183295011000041, -8.752501976999952, 0.0 ], [ 115.184130998000114, -8.749607992999927, 0.0 ], [ 115.18475197600003, -8.748045956999931, 0.0 ], [ 115.184591976000092, -8.747337976999972, 0.0 ], [ 115.184420984000099, -8.745063031999962, 0.0 ], [ 115.184037013000079, -8.744633012999941, 0.0 ], [ 115.184057014000018, -8.744262960999947, 0.0 ], [ 115.18467397500001, -8.743403958999977, 0.0 ], [ 115.18484697100007, -8.743285020999963, 0.0 ], [ 115.18548501500004, -8.743100970999933, 0.0 ], [ 115.18574396300005, -8.743429965999951, 0.0 ], [ 115.185864005000099, -8.74349200599994, 0.0 ], [ 115.185983025000041, -8.743377961999954, 0.0 ], [ 115.186079987000085, -8.742991013999927, 0.0 ], [ 115.186110029000019, -8.742032026999937, 0.0 ], [ 115.186264967000056, -8.741448033999973, 0.0 ], [ 115.186437989000069, -8.741153014999952, 0.0 ], [ 115.187200027000017, -8.740723963999926, 0.0 ], [ 115.18793800100002, -8.740917042999968, 0.0 ], [ 115.188476015000106, -8.740885990999971, 0.0 ], [ 115.188723997000011, -8.740740020999965, 0.0 ], [ 115.188945010000111, -8.740064957999948, 0.0 ], [ 115.189344989, -8.739741011999968, 0.0 ], [ 115.189385014000095, -8.739599019999957, 0.0 ], [ 115.189256019000027, -8.739466974999971, 0.0 ], [ 115.188754488000086, -8.739337838999973, 0.0 ], [ 115.188839163000011, -8.739044688999968, 0.0 ], [ 115.188298248000024, -8.738863403999972, 0.0 ], [ 115.187774764000096, -8.738543940999932, 0.0 ], [ 115.187433721000048, -8.737917265999954, 0.0 ], [ 115.18723981800008, -8.737168313999973, 0.0 ], [ 115.187274751000018, -8.736004605999938, 0.0 ], [ 115.18744700100001, -8.735696077999933, 0.0 ], [ 115.187436745000014, -8.735181285999943, 0.0 ], [ 115.189024019000044, -8.734500435999962, 0.0 ], [ 115.189004217000047, -8.734378628999934, 0.0 ], [ 115.18988141300008, -8.733226547999948, 0.0 ], [ 115.188150016, -8.72865405899995, 0.0 ], [ 115.187287558000094, -8.72147270499994, 0.0 ], [ 115.186961497000084, -8.721440719999975, 0.0 ], [ 115.18693448700003, -8.720700172999955, 0.0 ], [ 115.187160102, -8.720013801999926, 0.0 ], [ 115.188116462000039, -8.718700093999928, 0.0 ], [ 115.187814988000014, -8.718458399999975, 0.0 ], [ 115.187743644000079, -8.718297769999936, 0.0 ], [ 115.187058748000027, -8.717901393999966, 0.0 ], [ 115.186974011000075, -8.717658913999969, 0.0 ], [ 115.186848157000099, -8.716875496999933, 0.0 ], [ 115.187041611000041, -8.716242115999933, 0.0 ], [ 115.187095114000044, -8.715720334999958, 0.0 ], [ 115.187060857, -8.715300595999963, 0.0 ], [ 115.186840004000032, -8.715183269999955, 0.0 ], [ 115.186793202000104, -8.714684968999961, 0.0 ], [ 115.186922588000016, -8.713246719999972, 0.0 ], [ 115.186471343000107, -8.713220594999939, 0.0 ], [ 115.186310730000059, -8.712367348999976, 0.0 ], [ 115.185966904000111, -8.711577084999931, 0.0 ], [ 115.186384440000097, -8.711352151999961, 0.0 ], [ 115.186191535000034, -8.710688427999969, 0.0 ], [ 115.186372959000096, -8.710396220999939, 0.0 ], [ 115.186729700000114, -8.710105646999978, 0.0 ], [ 115.186882200000014, -8.709534861999941, 0.0 ], [ 115.186879549000082, -8.708975043999942, 0.0 ], [ 115.186964833000047, -8.708590450999964, 0.0 ], [ 115.187096279000116, -8.708504339999934, 0.0 ], [ 115.187203219000025, -8.708287205999966, 0.0 ], [ 115.187561989000073, -8.706966082999941, 0.0 ], [ 115.186560743000086, -8.70665474599997, 0.0 ], [ 115.18659454200008, -8.706521872999929, 0.0 ], [ 115.185611451000113, -8.706260906999944, 0.0 ], [ 115.186091552000107, -8.705340265999951, 0.0 ], [ 115.186281363000035, -8.70455587999993, 0.0 ], [ 115.184426120000012, -8.704136310999957, 0.0 ], [ 115.184178271000064, -8.704516568999964, 0.0 ], [ 115.182145927000079, -8.703748992999977, 0.0 ], [ 115.182242581000082, -8.702121505999969, 0.0 ], [ 115.182193618000042, -8.701563823999948, 0.0 ], [ 115.182394761000069, -8.699953060999974, 0.0 ], [ 115.181548758000076, -8.699885103999975, 0.0 ], [ 115.181761307000102, -8.697969315999956, 0.0 ], [ 115.179246493000051, -8.69777660099993, 0.0 ], [ 115.178388007000081, -8.697541361999981, 0.0 ], [ 115.178310850000116, -8.697611497999958, 0.0 ], [ 115.178287691000037, -8.697881543999927, 0.0 ], [ 115.177947061000054, -8.697798798999941, 0.0 ], [ 115.177652164000051, -8.697623379999925, 0.0 ], [ 115.177187866000054, -8.697863276999954, 0.0 ], [ 115.1763344310001, -8.696293656999956, 0.0 ], [ 115.176424442000098, -8.695817296999962, 0.0 ], [ 115.176702980000073, -8.695504672999959, 0.0 ], [ 115.177106333000097, -8.695489011999939, 0.0 ], [ 115.178004824000027, -8.695253352999941, 0.0 ], [ 115.178957667000077, -8.695454001999963, 0.0 ], [ 115.179538232000027, -8.695024717999956, 0.0 ], [ 115.179615450000028, -8.694921680999926, 0.0 ], [ 115.179650861000027, -8.694306834999963, 0.0 ], [ 115.179491122000059, -8.693960194999931, 0.0 ], [ 115.17947622500003, -8.693583168999965, 0.0 ], [ 115.179984183000101, -8.69315981099993, 0.0 ], [ 115.18019369000001, -8.692835848999948, 0.0 ], [ 115.180277077000028, -8.692499092999981, 0.0 ], [ 115.180147559000034, -8.692296943999963, 0.0 ], [ 115.180254062000017, -8.691899164999938, 0.0 ], [ 115.179770655000084, -8.691668037999932, 0.0 ], [ 115.179310852000071, -8.691975540999977, 0.0 ], [ 115.179107162000037, -8.691851112999927, 0.0 ], [ 115.178271726000048, -8.691869467999936, 0.0 ], [ 115.177821286000039, -8.691677873999936, 0.0 ], [ 115.177653599000109, -8.690853862999973, 0.0 ], [ 115.177368125000044, -8.690832275999981, 0.0 ], [ 115.177083377000031, -8.689443111999935, 0.0 ], [ 115.177425972000037, -8.687769863999961, 0.0 ], [ 115.177292421000061, -8.687113011999941, 0.0 ], [ 115.177092848000029, -8.687099281999963, 0.0 ], [ 115.177102637000075, -8.686763529999951, 0.0 ], [ 115.176571226000078, -8.686824712999965, 0.0 ], [ 115.176271387000043, -8.68677916799993, 0.0 ], [ 115.175290550000113, -8.686948148999932, 0.0 ], [ 115.174318456000037, -8.686895820999951, 0.0 ], [ 115.17421893900007, -8.686507019999965, 0.0 ], [ 115.174029916000109, -8.68633159999996, 0.0 ], [ 115.173662069000102, -8.685482135999962, 0.0 ], [ 115.173738056000047, -8.684477568999966, 0.0 ], [ 115.173479155000109, -8.684429138999974, 0.0 ], [ 115.173289080000018, -8.683875306999937, 0.0 ], [ 115.173194403000025, -8.683824300999959, 0.0 ], [ 115.173257787000011, -8.683601541999963, 0.0 ], [ 115.173352971000099, -8.683547021999971, 0.0 ], [ 115.173351149000041, -8.683397888999934, 0.0 ], [ 115.173169856000072, -8.683239900999979, 0.0 ], [ 115.173100804000114, -8.683049411999946, 0.0 ], [ 115.172763189000079, -8.682866888999968, 0.0 ], [ 115.172508437000033, -8.682325727999967, 0.0 ], [ 115.173324510000043, -8.682192280999971, 0.0 ], [ 115.173391490000085, -8.681941232999975, 0.0 ], [ 115.173566699000048, -8.681761147999964, 0.0 ], [ 115.173791779000112, -8.680917330999932, 0.0 ], [ 115.174045266, -8.680525132999946, 0.0 ], [ 115.175032800000054, -8.680764998999962, 0.0 ], [ 115.17510776600011, -8.68062841699998, 0.0 ], [ 115.17538915800003, -8.68054108299998, 0.0 ], [ 115.175547553000115, -8.680392447999964, 0.0 ], [ 115.175650713000095, -8.679948228999933, 0.0 ], [ 115.175898983000025, -8.679655796999953, 0.0 ], [ 115.175980492, -8.678920972999947, 0.0 ], [ 115.176280739000049, -8.67850270799994, 0.0 ], [ 115.176549037000086, -8.678524068999934, 0.0 ], [ 115.17667979700002, -8.67861649699995, 0.0 ], [ 115.176968842000065, -8.678571550999948, 0.0 ], [ 115.177643024000076, -8.678153111999961, 0.0 ], [ 115.177894435000098, -8.67784486499994, 0.0 ], [ 115.177929622000079, -8.677084990999958, 0.0 ], [ 115.178078018000065, -8.676809856999967, 0.0 ], [ 115.178521373000081, -8.676818844999957, 0.0 ], [ 115.178772953000021, -8.676579432999972, 0.0 ], [ 115.178874813000107, -8.676664327999958, 0.0 ], [ 115.179047921, -8.676625963999982, 0.0 ], [ 115.179223412000056, -8.676246101999936, 0.0 ], [ 115.179451303000064, -8.676055713999972, 0.0 ], [ 115.179522171000031, -8.675582249999934, 0.0 ], [ 115.179474227000014, -8.675166463999972, 0.0 ], [ 115.179751799000087, -8.674896548999925, 0.0 ], [ 115.179589796000073, -8.674400533999972, 0.0 ], [ 115.179400293000072, -8.674203445999979, 0.0 ], [ 115.179225321000104, -8.674223223999945, 0.0 ], [ 115.179311158000019, -8.673646493999968, 0.0 ], [ 115.179093926000064, -8.673407278999946, 0.0 ], [ 115.179081261000078, -8.67320119599998, 0.0 ], [ 115.178918205000059, -8.673114921999968, 0.0 ], [ 115.178889244000061, -8.673046579999948, 0.0 ], [ 115.178998620000016, -8.672928979999938, 0.0 ], [ 115.178851132000091, -8.672850371999971, 0.0 ], [ 115.17872916500005, -8.672550932999968, 0.0 ], [ 115.17833771800008, -8.672387560999937, 0.0 ], [ 115.178128186000095, -8.671439005999957, 0.0 ], [ 115.17792367100003, -8.671226865999927, 0.0 ], [ 115.177456939000081, -8.670286940999972, 0.0 ], [ 115.177243023000074, -8.669762911999953, 0.0 ], [ 115.177322402000073, -8.669714333999934, 0.0 ], [ 115.177277306000065, -8.669528936999939, 0.0 ], [ 115.176994654000055, -8.669369011999947, 0.0 ], [ 115.176967195000088, -8.669185826999978, 0.0 ], [ 115.17673624300005, -8.669061127999953, 0.0 ], [ 115.176662143000044, -8.668908302999967, 0.0 ], [ 115.176610286000027, -8.668255890999944, 0.0 ], [ 115.176006496000014, -8.66736427099994, 0.0 ], [ 115.175881126000036, -8.666901738999968, 0.0 ], [ 115.175620785000092, -8.666623692999963, 0.0 ], [ 115.175519996000048, -8.665789366999945, 0.0 ], [ 115.1736248200001, -8.665537653999934, 0.0 ], [ 115.173725167000043, -8.665221002999942, 0.0 ], [ 115.173597163000068, -8.664652711999963, 0.0 ], [ 115.173615827000049, -8.662983642999961, 0.0 ], [ 115.173484819, -8.662629669999944, 0.0 ], [ 115.173429868000085, -8.661854480999978, 0.0 ], [ 115.173459524, -8.661735988999965, 0.0 ], [ 115.17387177, -8.661352434999969, 0.0 ], [ 115.174231042000088, -8.660334543999966, 0.0 ], [ 115.174542167000027, -8.659801743999935, 0.0 ], [ 115.174826253000106, -8.659864257999971, 0.0 ], [ 115.17497154800003, -8.658651377999945, 0.0 ], [ 115.174958120000042, -8.658120581999981, 0.0 ], [ 115.175608986000043, -8.657905366999955, 0.0 ], [ 115.176114551000069, -8.657859057999929, 0.0 ], [ 115.176144689000012, -8.658192834999966, 0.0 ], [ 115.177575814000079, -8.658130526999969, 0.0 ], [ 115.177607812000019, -8.65836428199998, 0.0 ], [ 115.177770848000023, -8.658644635999963, 0.0 ], [ 115.176432954, -8.658645797999952, 0.0 ], [ 115.176504345000012, -8.658775335999962, 0.0 ], [ 115.177073308000104, -8.658886767999945, 0.0 ], [ 115.17690105500003, -8.659140359999981, 0.0 ], [ 115.17732396200006, -8.659187818999953, 0.0 ], [ 115.17713849800009, -8.659829264999928, 0.0 ], [ 115.176773371000081, -8.659827034999978, 0.0 ], [ 115.17725783100002, -8.660157268999967, 0.0 ], [ 115.177526936000049, -8.660486521999928, 0.0 ], [ 115.177921100000049, -8.660399292999955, 0.0 ], [ 115.177954139, -8.66053289599995, 0.0 ], [ 115.178132029000039, -8.660484621999956, 0.0 ], [ 115.178211510000096, -8.660695468999961, 0.0 ], [ 115.178890868000053, -8.660416490999978, 0.0 ], [ 115.180535036000038, -8.660080289999939, 0.0 ], [ 115.180494709000072, -8.659943440999939, 0.0 ], [ 115.179862304000039, -8.65944391599993, 0.0 ], [ 115.179817529000047, -8.659277317999965, 0.0 ], [ 115.179897888000028, -8.658942750999927, 0.0 ], [ 115.179820218000032, -8.658761912999978, 0.0 ], [ 115.179152268000053, -8.65813856699998, 0.0 ], [ 115.179213618000063, -8.657977116999973, 0.0 ], [ 115.179121741000017, -8.657965175999948, 0.0 ], [ 115.179072800000085, -8.657797499999958, 0.0 ], [ 115.179083168000034, -8.657574343999954, 0.0 ], [ 115.179187761000094, -8.65741629799993, 0.0 ], [ 115.179170464000094, -8.657049228999938, 0.0 ], [ 115.178749939000113, -8.656541764999929, 0.0 ], [ 115.179882257000031, -8.656313602999944, 0.0 ], [ 115.179814837000094, -8.656247897999947, 0.0 ], [ 115.179920522000089, -8.656174071999942, 0.0 ], [ 115.179864723000037, -8.655998220999948, 0.0 ], [ 115.179671216000088, -8.655730323999933, 0.0 ], [ 115.179489762000117, -8.655637641999931, 0.0 ], [ 115.179400219000058, -8.655375392999929, 0.0 ], [ 115.17990631400005, -8.654583958999979, 0.0 ], [ 115.179914082000096, -8.654493156999933, 0.0 ], [ 115.179647569000053, -8.654403745999957, 0.0 ], [ 115.179448733000072, -8.654134926999973, 0.0 ], [ 115.179702563000092, -8.653661166999939, 0.0 ], [ 115.179738514000064, -8.653205095999965, 0.0 ], [ 115.179602059000104, -8.653113983999958, 0.0 ], [ 115.179410607000023, -8.65311732999993, 0.0 ], [ 115.179200712000011, -8.652952433999928, 0.0 ], [ 115.179383112000096, -8.652607414999977, 0.0 ], [ 115.179513137000072, -8.652589940999974, 0.0 ], [ 115.179866546000085, -8.652267020999943, 0.0 ], [ 115.179988071000025, -8.651618586999973, 0.0 ], [ 115.180221059000019, -8.651414966999937, 0.0 ], [ 115.180452633000073, -8.650927764999949, 0.0 ], [ 115.180480432000081, -8.650706529999979, 0.0 ], [ 115.18033618000004, -8.650236185999972, 0.0 ], [ 115.180667664000111, -8.649806183999942, 0.0 ], [ 115.180489201000114, -8.64958551999996, 0.0 ], [ 115.18082250000009, -8.649053375999927, 0.0 ], [ 115.180804419000083, -8.648787824999943, 0.0 ], [ 115.180721733000041, -8.648670559999971, 0.0 ], [ 115.180999991000022, -8.648297897999953, 0.0 ], [ 115.181029319000118, -8.648059757999931, 0.0 ], [ 115.181247412000062, -8.647996906999936, 0.0 ], [ 115.181313945000056, -8.647815210999966, 0.0 ], [ 115.18142256200008, -8.647795611999982, 0.0 ], [ 115.181558181000014, -8.647234795999964, 0.0 ], [ 115.181557699000109, -8.646372337999935, 0.0 ], [ 115.181453641000076, -8.646246060999943, 0.0 ], [ 115.181201142000077, -8.64627248499994, 0.0 ], [ 115.181058494000013, -8.645987937999962, 0.0 ], [ 115.181287929000064, -8.645010825999975, 0.0 ], [ 115.181002360000093, -8.644777241999975, 0.0 ], [ 115.180970148000029, -8.644575135999958, 0.0 ], [ 115.180565426000044, -8.644360011999936, 0.0 ], [ 115.180621675000111, -8.644203477999952, 0.0 ], [ 115.180559727000059, -8.643833180999934, 0.0 ], [ 115.181058606000079, -8.643248184999948, 0.0 ], [ 115.18101329600006, -8.642727726999965, 0.0 ], [ 115.180765651000115, -8.642662384999937, 0.0 ], [ 115.180711236000093, -8.64204525599996, 0.0 ], [ 115.18079943400005, -8.641708379999955, 0.0 ], [ 115.18086232600001, -8.641578202999938, 0.0 ], [ 115.181079482000087, -8.641526192999947, 0.0 ], [ 115.181172500000116, -8.641320138999959, 0.0 ], [ 115.181375495000111, -8.641192222999962, 0.0 ], [ 115.18158217000007, -8.640912236999952, 0.0 ], [ 115.181684236000024, -8.64059131199997, 0.0 ], [ 115.181668432000038, -8.640395565999938, 0.0 ], [ 115.181264067000029, -8.639694675999976, 0.0 ], [ 115.181294147000017, -8.639259749999951, 0.0 ], [ 115.181361963000086, -8.639255552999941, 0.0 ], [ 115.181650870000112, -8.638723956999968, 0.0 ], [ 115.18166382000004, -8.638334458999964, 0.0 ], [ 115.18159627600005, -8.637059945999965, 0.0 ], [ 115.1813662940001, -8.636789756999974, 0.0 ], [ 115.181308583000032, -8.636135029999934, 0.0 ], [ 115.180431743000099, -8.634142475999965, 0.0 ], [ 115.1803263380001, -8.633673261999945, 0.0 ], [ 115.18024915500007, -8.633663579999961, 0.0 ], [ 115.180174700000066, -8.632789720999938, 0.0 ], [ 115.180376977000037, -8.632435529999952, 0.0 ], [ 115.180361766000033, -8.632094062999954, 0.0 ], [ 115.180045776000043, -8.631411406999973, 0.0 ], [ 115.179908060000116, -8.631397215999925, 0.0 ], [ 115.179878916, -8.631270991999941, 0.0 ], [ 115.180047801000114, -8.630993470999954, 0.0 ], [ 115.180125727000018, -8.630538416999968, 0.0 ], [ 115.180031526000107, -8.629758869999932, 0.0 ], [ 115.179763814000012, -8.629229055999929, 0.0 ], [ 115.179542015000038, -8.629154063999977, 0.0 ], [ 115.179338392000091, -8.628383000999975, 0.0 ], [ 115.17974639800002, -8.628186319999941, 0.0 ], [ 115.180230091000112, -8.628384342999937, 0.0 ], [ 115.180914052000048, -8.628385094999942, 0.0 ], [ 115.181041331000074, -8.628308445999949, 0.0 ], [ 115.180998718000069, -8.627944051999975, 0.0 ], [ 115.181769373000066, -8.627899741999954, 0.0 ], [ 115.181730799000093, -8.627548454999953, 0.0 ], [ 115.181944151000039, -8.627505059999976, 0.0 ], [ 115.181892356000048, -8.627360920999934, 0.0 ], [ 115.182129521000093, -8.627280145999976, 0.0 ], [ 115.182009604000086, -8.626126350999925, 0.0 ], [ 115.18201960500005, -8.624907825999969, 0.0 ], [ 115.182308237000029, -8.624167991999968, 0.0 ], [ 115.182241598000019, -8.623859897999978, 0.0 ], [ 115.181883774000084, -8.623403393999979, 0.0 ], [ 115.181464041000027, -8.623120255999936, 0.0 ], [ 115.181198882000103, -8.623115194999968, 0.0 ], [ 115.181218837000074, -8.622692515999972, 0.0 ], [ 115.181014905000097, -8.622051454999962, 0.0 ], [ 115.180641674000071, -8.621483081999941, 0.0 ], [ 115.179946930000028, -8.620043503999966, 0.0 ], [ 115.179886678000116, -8.619671302999961, 0.0 ], [ 115.179955140000061, -8.618903472999932, 0.0 ], [ 115.179901859000097, -8.61814962699998, 0.0 ], [ 115.180057402000102, -8.617435889999967, 0.0 ], [ 115.1800393850001, -8.616862547999972, 0.0 ], [ 115.180251156000054, -8.616698929999927, 0.0 ], [ 115.180192976000058, -8.616197460999956, 0.0 ], [ 115.180596465, -8.616158784999925, 0.0 ], [ 115.180927923000013, -8.615817522999976, 0.0 ], [ 115.181656533000023, -8.615850762999969, 0.0 ], [ 115.182014779000042, -8.616111408999927, 0.0 ], [ 115.183117116000062, -8.615755410999952, 0.0 ], [ 115.183470386000067, -8.615792600999953, 0.0 ], [ 115.183729063000101, -8.615928649999944, 0.0 ], [ 115.184210228000097, -8.616392097999949, 0.0 ], [ 115.18423451000001, -8.616562327999929, 0.0 ], [ 115.184761338000044, -8.616684407999969, 0.0 ], [ 115.185050023000031, -8.616454767999926, 0.0 ], [ 115.185278225000047, -8.616452533999961, 0.0 ], [ 115.185404395000091, -8.616551668999932, 0.0 ], [ 115.186116046000052, -8.616372500999944, 0.0 ], [ 115.186150225, -8.616524374999926, 0.0 ], [ 115.18633198100008, -8.616647404999981, 0.0 ], [ 115.186413817000016, -8.61655752799993, 0.0 ], [ 115.186517603000084, -8.615707974999964, 0.0 ], [ 115.187099747000048, -8.615000710999936, 0.0 ], [ 115.187258578000069, -8.614942827999926, 0.0 ], [ 115.187568856000098, -8.614992257999972, 0.0 ], [ 115.187927132000027, -8.615202386999954, 0.0 ], [ 115.188269443000081, -8.614776273999951, 0.0 ], [ 115.189333510000097, -8.614837512999941, 0.0 ], [ 115.189463814000078, -8.613701914999979, 0.0 ], [ 115.189317261000042, -8.612931001999925, 0.0 ], [ 115.19021568900007, -8.612869338999928, 0.0 ], [ 115.190331342000036, -8.613405720999936, 0.0 ], [ 115.190478213, -8.613608278999948, 0.0 ], [ 115.191562992000058, -8.613746779999929, 0.0 ], [ 115.191467210000042, -8.612909941999931, 0.0 ], [ 115.191875850000088, -8.612917196999945, 0.0 ], [ 115.192523144, -8.612732412999947, 0.0 ], [ 115.192416510000044, -8.612475484999948, 0.0 ], [ 115.192894195, -8.612250562999975, 0.0 ], [ 115.192938433000108, -8.612420764999968, 0.0 ], [ 115.194371741000054, -8.612288392999972, 0.0 ], [ 115.19433524100009, -8.61163441399998, 0.0 ], [ 115.19505588200002, -8.611463913999955, 0.0 ], [ 115.19619573600005, -8.611807760999966, 0.0 ], [ 115.196548657000108, -8.612055175999956, 0.0 ], [ 115.197399697000037, -8.611896874999957, 0.0 ], [ 115.197281861000079, -8.611199620999969, 0.0 ], [ 115.197480759000086, -8.611012757999958, 0.0 ], [ 115.197506788000055, -8.610681338999939, 0.0 ], [ 115.197657665000065, -8.610304134999978, 0.0 ], [ 115.197571380000113, -8.609339245999934, 0.0 ], [ 115.197362953000038, -8.60883284199997, 0.0 ], [ 115.197466327000029, -8.60840208999997, 0.0 ], [ 115.197140737000041, -8.60754852499997, 0.0 ], [ 115.196646419000103, -8.607398983999929, 0.0 ], [ 115.196575253000105, -8.606931478999968, 0.0 ], [ 115.196452981000107, -8.606679350999968, 0.0 ], [ 115.196682173000113, -8.605997635999927, 0.0 ], [ 115.196754356000042, -8.605020570999955, 0.0 ], [ 115.198706438000045, -8.605149943999947, 0.0 ], [ 115.198712686000022, -8.605013634999978, 0.0 ], [ 115.199281821000113, -8.605010721999975, 0.0 ], [ 115.199676310000086, -8.603687147999949, 0.0 ], [ 115.200086271000032, -8.603239769999959, 0.0 ], [ 115.200327457000071, -8.603326419999973, 0.0 ], [ 115.200418909000064, -8.603211579999936, 0.0 ], [ 115.200548222000066, -8.603254325999956, 0.0 ], [ 115.20068164700001, -8.602953766999974, 0.0 ], [ 115.200588442000026, -8.602912429999947, 0.0 ], [ 115.200830127000017, -8.602365728999928, 0.0 ], [ 115.201568003000034, -8.602494361999959, 0.0 ], [ 115.20197887900008, -8.601456393999968, 0.0 ], [ 115.20268777800004, -8.601655536999942, 0.0 ], [ 115.202632991000087, -8.601918041999966, 0.0 ], [ 115.203130956000109, -8.601953832999925, 0.0 ], [ 115.203129120000085, -8.601815006999971, 0.0 ], [ 115.2033858100001, -8.601782740999965, 0.0 ], [ 115.203384129000028, -8.602403691999939, 0.0 ], [ 115.203548322000074, -8.602444119999973, 0.0 ], [ 115.203495821000047, -8.602750016999948, 0.0 ], [ 115.203729858000088, -8.602768460999926, 0.0 ], [ 115.204661927000075, -8.602650107999978, 0.0 ], [ 115.20556478200001, -8.601859838999928, 0.0 ], [ 115.205529549000062, -8.601672518999976, 0.0 ], [ 115.206556172000091, -8.601573192999979, 0.0 ], [ 115.206816937000099, -8.601469055999928, 0.0 ], [ 115.206904957, -8.601553747999958, 0.0 ], [ 115.207114773000058, -8.601485476999926, 0.0 ], [ 115.207308363000038, -8.601730282999938, 0.0 ], [ 115.20788407900011, -8.601757238999937, 0.0 ], [ 115.207794514000057, -8.60084226999993, 0.0 ], [ 115.208322175000035, -8.600653852999926, 0.0 ], [ 115.208194644000059, -8.600231848999954, 0.0 ], [ 115.209248254000045, -8.599954159999982, 0.0 ], [ 115.209312947000058, -8.599172372999931, 0.0 ], [ 115.209569527000099, -8.598633169999971, 0.0 ], [ 115.209618361000025, -8.598311141999943, 0.0 ], [ 115.209932688000094, -8.598203532999946, 0.0 ], [ 115.210000388000026, -8.598107170999981, 0.0 ], [ 115.209926799000073, -8.597866376999946, 0.0 ], [ 115.210092668000016, -8.597815091999962, 0.0 ], [ 115.209945449000088, -8.597342179999941, 0.0 ], [ 115.211201755000047, -8.597390159999975, 0.0 ], [ 115.211165507000032, -8.597153257999935, 0.0 ], [ 115.211273877000053, -8.597147564999943, 0.0 ], [ 115.211239019000118, -8.596879682999941, 0.0 ], [ 115.211423363000108, -8.596871862999933, 0.0 ], [ 115.21152642900006, -8.596403831999964, 0.0 ], [ 115.211729592000097, -8.596366352999951, 0.0 ], [ 115.211724267000022, -8.596174214999962, 0.0 ], [ 115.21249474900003, -8.596253398999977, 0.0 ], [ 115.213435129000118, -8.59648458199996, 0.0 ], [ 115.213863856000103, -8.596678684999972, 0.0 ], [ 115.213840988000015, -8.596775255999944, 0.0 ], [ 115.214296256000011, -8.596886438999945, 0.0 ], [ 115.214424997000037, -8.596785400999977, 0.0 ], [ 115.214778186000103, -8.596888673999956, 0.0 ], [ 115.214966322, -8.595538549999958, 0.0 ], [ 115.215280232000055, -8.595586174999937, 0.0 ], [ 115.215319524000051, -8.595306241999936, 0.0 ], [ 115.215966755000068, -8.595444340999961, 0.0 ], [ 115.216043442000114, -8.595556245999944, 0.0 ], [ 115.216613549000044, -8.595609704999958, 0.0 ], [ 115.217747781000071, -8.595931014999962, 0.0 ], [ 115.218012254000087, -8.596098325999947, 0.0 ], [ 115.218205605000094, -8.596028571999966, 0.0 ], [ 115.218730981000022, -8.596060749999936, 0.0 ], [ 115.218768195000052, -8.595825426999966, 0.0 ], [ 115.218993530000034, -8.595840102999944, 0.0 ], [ 115.2190327080001, -8.595984059999978, 0.0 ], [ 115.21919191500001, -8.596025697999949, 0.0 ], [ 115.219201432000091, -8.596121179999955, 0.0 ], [ 115.21971958000006, -8.596101265999948, 0.0 ], [ 115.220800710000049, -8.596328124999957, 0.0 ], [ 115.221426264000115, -8.596242394999933, 0.0 ], [ 115.222900416000016, -8.596376864999968, 0.0 ], [ 115.223076798000079, -8.596474355999931, 0.0 ], [ 115.223392882000098, -8.59705835699998, 0.0 ], [ 115.223911999000052, -8.597365657999944, 0.0 ], [ 115.224684534000062, -8.597006060999945, 0.0 ], [ 115.226187720000098, -8.595652070999961, 0.0 ], [ 115.226279549000083, -8.595186458999933, 0.0 ], [ 115.22600877900004, -8.594364073999941, 0.0 ], [ 115.226096479000034, -8.593982725999979, 0.0 ], [ 115.225944513000059, -8.593722980999928, 0.0 ], [ 115.22581992500011, -8.593199356999946, 0.0 ], [ 115.225951659000089, -8.592883422999932, 0.0 ], [ 115.22615788600001, -8.592750495999951, 0.0 ], [ 115.22716932000003, -8.592810137999948, 0.0 ], [ 115.227283345000046, -8.591739168999936, 0.0 ], [ 115.227567520000093, -8.591753744999949, 0.0 ], [ 115.227544523, -8.592050558999972, 0.0 ], [ 115.227666867000039, -8.592455663999942, 0.0 ], [ 115.228041745000041, -8.592363468999963, 0.0 ], [ 115.228205929000069, -8.592429396999933, 0.0 ], [ 115.228447002000053, -8.59237215099995, 0.0 ], [ 115.228610524000032, -8.59256497299998, 0.0 ], [ 115.229602303000092, -8.592442647999974, 0.0 ], [ 115.229558738000037, -8.592168225999956, 0.0 ], [ 115.232779802000096, -8.591665312999964, 0.0 ], [ 115.233121837000112, -8.591815095999948, 0.0 ], [ 115.233267688000069, -8.591800608999961, 0.0 ], [ 115.233297254000036, -8.59192289899994, 0.0 ], [ 115.233627947000059, -8.592239886999948, 0.0 ], [ 115.234280095000031, -8.592623636999974, 0.0 ], [ 115.234530669000037, -8.593043413999965, 0.0 ], [ 115.234790851000071, -8.59210995199993, 0.0 ], [ 115.234793242000023, -8.591519025999958, 0.0 ], [ 115.235274647000097, -8.591582395999978, 0.0 ], [ 115.235432217000039, -8.592052545999934, 0.0 ], [ 115.235603805000096, -8.592283381999948, 0.0 ], [ 115.235633366000116, -8.592832686999941, 0.0 ], [ 115.235865681000064, -8.592893871999934, 0.0 ], [ 115.235981185000014, -8.594939752999949, 0.0 ], [ 115.237487902000112, -8.594968961999939, 0.0 ], [ 115.237604952000083, -8.59524093999994, 0.0 ], [ 115.237464138000064, -8.595530328999928, 0.0 ], [ 115.237485001000096, -8.595866318999981, 0.0 ], [ 115.237346826000021, -8.596123493999926, 0.0 ], [ 115.237379859000043, -8.596251308999967, 0.0 ], [ 115.237601956000049, -8.596428329999981, 0.0 ], [ 115.237429722000115, -8.596779547999972, 0.0 ], [ 115.237577349000048, -8.597171892999938, 0.0 ], [ 115.237335838000035, -8.597423017999972, 0.0 ], [ 115.237545708000084, -8.597820605999971, 0.0 ], [ 115.237798656000109, -8.597789537999972, 0.0 ], [ 115.238023466000072, -8.59764926899993, 0.0 ], [ 115.238176451000072, -8.597690870999941, 0.0 ], [ 115.238636634000045, -8.599436898999954, 0.0 ], [ 115.238489969000057, -8.599644456999954, 0.0 ], [ 115.238061597000069, -8.599503675999927, 0.0 ], [ 115.238173898000014, -8.59974247699995, 0.0 ], [ 115.238036365000085, -8.600129797999955, 0.0 ], [ 115.237911569000062, -8.60018624199995, 0.0 ], [ 115.237696615000118, -8.600079903999927, 0.0 ], [ 115.237477853000087, -8.600258623999935, 0.0 ], [ 115.23753513500003, -8.60079805099997, 0.0 ], [ 115.23718786500001, -8.601297202999945, 0.0 ], [ 115.237342020000028, -8.601792762999935, 0.0 ], [ 115.237267472000099, -8.602058285999931, 0.0 ], [ 115.237523802000055, -8.602496237999958, 0.0 ], [ 115.238275700000031, -8.602539165999929, 0.0 ], [ 115.238274641000089, -8.602590632999977, 0.0 ], [ 115.238718472000073, -8.602651560999959, 0.0 ], [ 115.24007562700001, -8.602701792999937, 0.0 ], [ 115.24034142000005, -8.601686306999966, 0.0 ], [ 115.240893528000015, -8.60177854899996, 0.0 ], [ 115.241092261000063, -8.601690316999964, 0.0 ], [ 115.241281484000069, -8.601403519999963, 0.0 ], [ 115.241652990000034, -8.600406626999927, 0.0 ], [ 115.244195995000041, -8.601382415999979, 0.0 ], [ 115.244271905, -8.600575971999945, 0.0 ], [ 115.244201413000042, -8.600173758999972, 0.0 ], [ 115.243994516000043, -8.60006423699997, 0.0 ], [ 115.2433375600001, -8.600048039999933, 0.0 ], [ 115.243331099000102, -8.599822650999954, 0.0 ], [ 115.243513506000113, -8.598668617999977, 0.0 ], [ 115.243650670000079, -8.598272992999966, 0.0 ], [ 115.244090418000042, -8.59778874899996, 0.0 ], [ 115.244193844000051, -8.597475329999952, 0.0 ], [ 115.244607038000026, -8.597225217999949, 0.0 ], [ 115.244699621000109, -8.597071821999975, 0.0 ], [ 115.244515571000079, -8.596633218999955, 0.0 ], [ 115.243936349000023, -8.595974779999949, 0.0 ], [ 115.244079681000017, -8.595521669999926, 0.0 ], [ 115.243963214000019, -8.594959788999972, 0.0 ], [ 115.244059482000011, -8.594503440999972, 0.0 ], [ 115.244634072000053, -8.593597859999932, 0.0 ], [ 115.244540489000087, -8.593199983999966, 0.0 ], [ 115.244190744000093, -8.592677106999929, 0.0 ], [ 115.244198065000091, -8.592459635999944, 0.0 ], [ 115.246695938000016, -8.593323613999928, 0.0 ], [ 115.247411807000049, -8.591551028999959, 0.0 ], [ 115.246375121000028, -8.591045392999945, 0.0 ], [ 115.246570325000107, -8.588581489999967, 0.0 ], [ 115.246793899000068, -8.587596837999968, 0.0 ], [ 115.248760209000011, -8.58433955199996, 0.0 ], [ 115.249373326000068, -8.582271357999957, 0.0 ], [ 115.249556175000066, -8.580694694999977, 0.0 ], [ 115.249776661000055, -8.577236226999958, 0.0 ], [ 115.249750697000081, -8.576030774999936, 0.0 ], [ 115.249124843000118, -8.574240370999973, 0.0 ], [ 115.249067309000111, -8.572872252999957, 0.0 ], [ 115.249255237000057, -8.568974981999929, 0.0 ], [ 115.249217339000097, -8.566473413999972, 0.0 ], [ 115.249106956000105, -8.565810136999971, 0.0 ], [ 115.248198501000047, -8.564508670999942, 0.0 ], [ 115.247535329000016, -8.563321525999982, 0.0 ], [ 115.247368019000078, -8.562707347999947, 0.0 ], [ 115.247068431000116, -8.560019630999932, 0.0 ], [ 115.246808384000019, -8.558998739999936, 0.0 ], [ 115.246548954000104, -8.558348982999973, 0.0 ], [ 115.246233142000051, -8.557857159999969, 0.0 ], [ 115.245837344000051, -8.557467798999937, 0.0 ], [ 115.245409173000098, -8.557391164999956, 0.0 ], [ 115.242528029000027, -8.557503311999938, 0.0 ], [ 115.241465344000062, -8.557274108999934, 0.0 ], [ 115.241640791, -8.555831718999968, 0.0 ], [ 115.24162428000011, -8.555148373999941, 0.0 ], [ 115.241318706000015, -8.554511788999946, 0.0 ], [ 115.241231688000084, -8.553994612999929, 0.0 ], [ 115.240672877000065, -8.55275398699996, 0.0 ], [ 115.240591185000085, -8.552368789999946, 0.0 ], [ 115.240687924000099, -8.551445018999971, 0.0 ], [ 115.240618621000067, -8.551014900999974, 0.0 ], [ 115.240272006000055, -8.550507847999938, 0.0 ], [ 115.239487023000038, -8.549722803999941, 0.0 ], [ 115.23932125400006, -8.549460554999939, 0.0 ], [ 115.239543211000068, -8.548971565999977, 0.0 ], [ 115.239418795, -8.548526045999949, 0.0 ], [ 115.239019423000059, -8.548003760999961, 0.0 ], [ 115.238560731, -8.54779945599995, 0.0 ], [ 115.23850316100004, -8.547375277999947, 0.0 ], [ 115.23811769800011, -8.546798846999934, 0.0 ], [ 115.237553633000061, -8.546530423999968, 0.0 ], [ 115.236984292000102, -8.545915054999966, 0.0 ], [ 115.236456751000105, -8.545781343999977, 0.0 ], [ 115.234946075000039, -8.545686922999948, 0.0 ], [ 115.234758981000027, -8.544898214999932, 0.0 ], [ 115.233662984000034, -8.542955911999968, 0.0 ], [ 115.232896707, -8.54137216099997, 0.0 ], [ 115.232374690000029, -8.538521442999979, 0.0 ], [ 115.232343939000089, -8.537563076999959, 0.0 ], [ 115.232477559000017, -8.535710883999968, 0.0 ], [ 115.233189635000031, -8.532354442999974, 0.0 ], [ 115.233033651000028, -8.531291713999963, 0.0 ], [ 115.232673262000048, -8.530155312999966, 0.0 ], [ 115.231092760000024, -8.526692812999954, 0.0 ], [ 115.229902425000091, -8.52517230899997, 0.0 ], [ 115.231211250000115, -8.52393878099997, 0.0 ], [ 115.231573232000073, -8.523230103999936, 0.0 ], [ 115.231833215000051, -8.522460042999967, 0.0 ], [ 115.231773990000079, -8.522154591999936, 0.0 ], [ 115.230823619000034, -8.521806916999935, 0.0 ], [ 115.230629342000043, -8.521537708999972, 0.0 ], [ 115.230681537, -8.518928476999974, 0.0 ], [ 115.23084536500005, -8.517883950999931, 0.0 ], [ 115.231097609000017, -8.517321140999968, 0.0 ], [ 115.231516074000069, -8.516927356999929, 0.0 ], [ 115.231645703000027, -8.516702368999972, 0.0 ], [ 115.232182278000096, -8.515193366999938, 0.0 ], [ 115.232495811000035, -8.51455939899995, 0.0 ], [ 115.233394022000084, -8.513547132999975, 0.0 ], [ 115.23347972800002, -8.513229407999972, 0.0 ], [ 115.2333048160001, -8.512798519999933, 0.0 ], [ 115.233305843000039, -8.512585040999966, 0.0 ], [ 115.233521340000038, -8.512410257999932, 0.0 ], [ 115.234765095000057, -8.511968285999956, 0.0 ], [ 115.235219384000061, -8.512024867999969, 0.0 ], [ 115.235672126000054, -8.512403759999927, 0.0 ], [ 115.235886516000051, -8.512459197999931, 0.0 ], [ 115.236716591000118, -8.511897788999931, 0.0 ], [ 115.237269710000078, -8.511122012999977, 0.0 ], [ 115.237286692000112, -8.51054290999997, 0.0 ], [ 115.237426636, -8.509992646999933, 0.0 ], [ 115.238126835000116, -8.509230731999935, 0.0 ], [ 115.238374902000032, -8.508841079999968, 0.0 ], [ 115.238342844000044, -8.508614904999945, 0.0 ], [ 115.237919328000089, -8.508069353999929, 0.0 ], [ 115.237680332000082, -8.507554957999957, 0.0 ], [ 115.238290491000043, -8.505891750999979, 0.0 ], [ 115.238259019000111, -8.505543149999937, 0.0 ], [ 115.237985889000015, -8.505235779999964, 0.0 ], [ 115.237878594000108, -8.504508090999934, 0.0 ], [ 115.237813396000092, -8.503665565999938, 0.0 ], [ 115.237943780000023, -8.503131192999945, 0.0 ], [ 115.238667700000065, -8.502223614999934, 0.0 ], [ 115.239432857000111, -8.501480375999961, 0.0 ], [ 115.240553632000115, -8.500010389999943, 0.0 ], [ 115.241326266000101, -8.499929301999941, 0.0 ], [ 115.241710960000091, -8.499671573999933, 0.0 ], [ 115.242121117000011, -8.49965762599993, 0.0 ], [ 115.242684605000022, -8.49987747199998, 0.0 ], [ 115.243031055000074, -8.499820844999931, 0.0 ], [ 115.243164856000021, -8.499683757999946, 0.0 ], [ 115.243203755000081, -8.499344935999943, 0.0 ], [ 115.242648226000028, -8.498574245999976, 0.0 ], [ 115.242601600000057, -8.498348611999972, 0.0 ], [ 115.242855780000014, -8.497539379999978, 0.0 ], [ 115.243266428000084, -8.496642411999972, 0.0 ], [ 115.243214891000093, -8.496281973999942, 0.0 ], [ 115.243040383000107, -8.496021596999981, 0.0 ], [ 115.242822563000118, -8.495909328999971, 0.0 ], [ 115.241960512000105, -8.495756931999949, 0.0 ], [ 115.241817200000014, -8.495655610999961, 0.0 ], [ 115.241749770000069, -8.494010235999951, 0.0 ], [ 115.241589555000019, -8.492914912999936, 0.0 ], [ 115.241441653000038, -8.492659957999933, 0.0 ], [ 115.24126651600011, -8.492532000999972, 0.0 ], [ 115.240342136000095, -8.492050895999967, 0.0 ], [ 115.240226188000065, -8.491796091999959, 0.0 ], [ 115.240318166000066, -8.491494601999932, 0.0 ], [ 115.241845365000017, -8.490564601999949, 0.0 ], [ 115.242408311000077, -8.489277073999972, 0.0 ], [ 115.242966754, -8.488822843999969, 0.0 ], [ 115.243277086000035, -8.488258461999976, 0.0 ], [ 115.243440216000067, -8.487735853999936, 0.0 ], [ 115.243471733000092, -8.487312662999955, 0.0 ], [ 115.243168224000101, -8.486447783999949, 0.0 ], [ 115.243021070000054, -8.486375832999954, 0.0 ], [ 115.242839684000046, -8.48641269899997, 0.0 ], [ 115.242364127000087, -8.487160723999978, 0.0 ], [ 115.242060213000059, -8.487264072999949, 0.0 ], [ 115.241849767000076, -8.48720858799993, 0.0 ], [ 115.24169039200001, -8.487048557999969, 0.0 ], [ 115.241616300000032, -8.486679356999957, 0.0 ], [ 115.241788485000029, -8.485921514999973, 0.0 ], [ 115.242277881000064, -8.484861332999969, 0.0 ], [ 115.243308534000107, -8.483997927999951, 0.0 ], [ 115.243579428000089, -8.483483576999959, 0.0 ], [ 115.244067999000094, -8.481753467999965, 0.0 ], [ 115.244077324000045, -8.480915491999951, 0.0 ], [ 115.2439830080001, -8.48056498699998, 0.0 ], [ 115.244126081000104, -8.479687302999935, 0.0 ], [ 115.244342764000066, -8.478977597999972, 0.0 ], [ 115.244783754000082, -8.478244755999981, 0.0 ], [ 115.244811981000112, -8.477916044999972, 0.0 ], [ 115.24458018200005, -8.477320910999936, 0.0 ], [ 115.24344442000006, -8.476208870999926, 0.0 ], [ 115.243038919000014, -8.475989192999975, 0.0 ], [ 115.242785770000069, -8.475968010999964, 0.0 ], [ 115.241988395000021, -8.476198180999972, 0.0 ], [ 115.241729220000025, -8.475862555999981, 0.0 ], [ 115.241656942000077, -8.475013574999934, 0.0 ], [ 115.241798011000014, -8.47450506499996, 0.0 ], [ 115.241963042000066, -8.474240526999949, 0.0 ], [ 115.242573089000075, -8.47417876999998, 0.0 ], [ 115.2427814670001, -8.474027053999976, 0.0 ], [ 115.242568930000061, -8.472747803999937, 0.0 ], [ 115.242687780000097, -8.472378299999946, 0.0 ], [ 115.242954977000068, -8.472257571999933, 0.0 ], [ 115.243440474000067, -8.472206822999965, 0.0 ], [ 115.244048107000026, -8.472262730999944, 0.0 ], [ 115.244208557000093, -8.472162712999932, 0.0 ], [ 115.244151189000036, -8.471891941999957, 0.0 ], [ 115.24396015800005, -8.471694795999952, 0.0 ], [ 115.243587628000114, -8.471539222999979, 0.0 ], [ 115.242246290000026, -8.471354533999943, 0.0 ], [ 115.241598231000012, -8.471172383999942, 0.0 ], [ 115.241257401000098, -8.470942505999972, 0.0 ], [ 115.241158462000044, -8.470663840999975, 0.0 ], [ 115.241274009000108, -8.47022609499993, 0.0 ], [ 115.242309600000112, -8.469418620999932, 0.0 ], [ 115.242583523, -8.469021598999973, 0.0 ], [ 115.242363431000058, -8.468277693999937, 0.0 ], [ 115.241626090000068, -8.467079748999936, 0.0 ], [ 115.241313154000068, -8.466339601999948, 0.0 ], [ 115.241394482000032, -8.466096560999972, 0.0 ], [ 115.242280846000085, -8.465245851999953, 0.0 ], [ 115.242265008000118, -8.465027532999954, 0.0 ], [ 115.241993246000106, -8.464501626999947, 0.0 ], [ 115.241321032000087, -8.46369808999998, 0.0 ], [ 115.241056111000034, -8.46350797499997, 0.0 ], [ 115.240317682000068, -8.463512880999929, 0.0 ], [ 115.240128131, -8.463444833999972, 0.0 ], [ 115.2398298170001, -8.46317901499998, 0.0 ], [ 115.239249616000052, -8.46241391999996, 0.0 ], [ 115.238517189000049, -8.461047494999946, 0.0 ], [ 115.238490315000035, -8.46048916899997, 0.0 ], [ 115.238621882000075, -8.459632591999934, 0.0 ], [ 115.238457749000077, -8.45935125699998, 0.0 ], [ 115.237129001000085, -8.45897507799998, 0.0 ], [ 115.236682820000055, -8.458786137999937, 0.0 ], [ 115.236324465000052, -8.458487095999942, 0.0 ], [ 115.236238110000045, -8.458289331999936, 0.0 ], [ 115.236260261000098, -8.457669705999933, 0.0 ], [ 115.236190280000073, -8.457375891999959, 0.0 ], [ 115.235982048000096, -8.457133491999969, 0.0 ], [ 115.235569074000068, -8.456913791999966, 0.0 ], [ 115.235346136000089, -8.456612141999926, 0.0 ], [ 115.235631558000023, -8.455638369999974, 0.0 ], [ 115.235583911000049, -8.455081694999933, 0.0 ], [ 115.235123756, -8.454703251999945, 0.0 ], [ 115.234263696000085, -8.454649234999977, 0.0 ], [ 115.234040068000013, -8.45451165399993, 0.0 ], [ 115.233999991000019, -8.45367700099996, 0.0 ], [ 115.234366759000068, -8.452593517999958, 0.0 ], [ 115.234354212000085, -8.452416979999953, 0.0 ], [ 115.234141040000054, -8.45219287499998, 0.0 ], [ 115.232817379000039, -8.451549072999967, 0.0 ], [ 115.231831731000057, -8.450933944999974, 0.0 ], [ 115.231388784000046, -8.450459016999957, 0.0 ], [ 115.231192942, -8.450111790999927, 0.0 ], [ 115.231168305000097, -8.449579951999965, 0.0 ], [ 115.231259894000118, -8.449327322999977, 0.0 ], [ 115.231810875000065, -8.448910380999962, 0.0 ], [ 115.232698362000065, -8.448532971999953, 0.0 ], [ 115.232724135000012, -8.448332524999955, 0.0 ], [ 115.232573930000058, -8.44786972199995, 0.0 ], [ 115.232266203000108, -8.447498948999964, 0.0 ], [ 115.231636341000012, -8.447091469999975, 0.0 ], [ 115.231386001000033, -8.448139961999971, 0.0 ], [ 115.231224037000061, -8.44827625399995, 0.0 ], [ 115.231033025000102, -8.448161689999949, 0.0 ], [ 115.230862752, -8.447926878999965, 0.0 ], [ 115.230620464000026, -8.447290574999954, 0.0 ], [ 115.230520673000115, -8.445522049999965, 0.0 ], [ 115.229608365000104, -8.444887351999967, 0.0 ], [ 115.229616092000015, -8.444676783999967, 0.0 ], [ 115.230199951000031, -8.444161399999928, 0.0 ], [ 115.230454030000033, -8.443833124999969, 0.0 ], [ 115.23021506200007, -8.442468957999949, 0.0 ], [ 115.229877786000088, -8.442019407999965, 0.0 ], [ 115.229923470000017, -8.441599916999962, 0.0 ], [ 115.230302327000118, -8.440412907999928, 0.0 ], [ 115.230578267000055, -8.43899481699998, 0.0 ], [ 115.230583017000072, -8.438704003999931, 0.0 ], [ 115.23027559600007, -8.43762735599995, 0.0 ], [ 115.230243376000089, -8.437274963999926, 0.0 ], [ 115.230519610000101, -8.436852995999971, 0.0 ], [ 115.231638513, -8.436337293999941, 0.0 ], [ 115.231941303000099, -8.435878728999967, 0.0 ], [ 115.23203766600011, -8.435500585999932, 0.0 ], [ 115.2320617150001, -8.434462070999928, 0.0 ], [ 115.231783940000014, -8.434000141999945, 0.0 ], [ 115.231313241000066, -8.433614347999935, 0.0 ], [ 115.231156140000053, -8.43326387999997, 0.0 ], [ 115.231266825000034, -8.433042535999959, 0.0 ], [ 115.232097996000107, -8.432551826999941, 0.0 ], [ 115.232295643000043, -8.432327131999955, 0.0 ], [ 115.23233433200005, -8.431496736999975, 0.0 ], [ 115.232213677000118, -8.430565869999953, 0.0 ], [ 115.232210441, -8.429655282999931, 0.0 ], [ 115.233176429000082, -8.42906961999995, 0.0 ], [ 115.233194735000097, -8.42780905099994, 0.0 ], [ 115.233106260000113, -8.427543799999967, 0.0 ], [ 115.232787497000118, -8.427186060999929, 0.0 ], [ 115.231835519000015, -8.426714385999958, 0.0 ], [ 115.231383321000067, -8.425992020999956, 0.0 ], [ 115.231087756000079, -8.425871597999958, 0.0 ], [ 115.230570560000046, -8.425809639999954, 0.0 ], [ 115.230454412000086, -8.425701966999952, 0.0 ], [ 115.230808465000109, -8.424264835999963, 0.0 ], [ 115.230732842000066, -8.423406866999926, 0.0 ], [ 115.231071254000085, -8.422632879999981, 0.0 ], [ 115.231225494000114, -8.422041132999937, 0.0 ], [ 115.231169968000017, -8.421689400999981, 0.0 ], [ 115.230422153000063, -8.420940969999947, 0.0 ], [ 115.230245943000114, -8.420494943999927, 0.0 ], [ 115.230233807000104, -8.420217057999935, 0.0 ], [ 115.230732138, -8.41952727499995, 0.0 ], [ 115.230785386000093, -8.418945092999934, 0.0 ], [ 115.229946926000025, -8.416769500999976, 0.0 ], [ 115.229762584000014, -8.416618, 0.0 ], [ 115.228882357000089, -8.416332663999981, 0.0 ], [ 115.228664575000039, -8.416137489999926, 0.0 ], [ 115.228620374000116, -8.415528068999947, 0.0 ], [ 115.228823432000013, -8.413194648999934, 0.0 ], [ 115.229170390000036, -8.411452114999975, 0.0 ], [ 115.228663784000105, -8.410198378999951, 0.0 ], [ 115.228587843000014, -8.409432637999942, 0.0 ], [ 115.228349903000094, -8.409258077999937, 0.0 ], [ 115.227788660000101, -8.409098419999964, 0.0 ], [ 115.227691614000037, -8.408785021999961, 0.0 ], [ 115.227723083000114, -8.408543868999971, 0.0 ], [ 115.228858804000083, -8.407761539999967, 0.0 ], [ 115.228980188000037, -8.407465066999976, 0.0 ], [ 115.228973212000028, -8.407250203999979, 0.0 ], [ 115.228856921000101, -8.407037478999939, 0.0 ], [ 115.228201160000026, -8.406348323999964, 0.0 ], [ 115.228119527000104, -8.406135761999963, 0.0 ], [ 115.228305457000033, -8.405206332999967, 0.0 ], [ 115.228060633000041, -8.404552732999946, 0.0 ], [ 115.228144285000099, -8.404353182999955, 0.0 ], [ 115.228564832000075, -8.403936120999958, 0.0 ], [ 115.228662591000102, -8.403616919999934, 0.0 ], [ 115.228632507000043, -8.403216293999947, 0.0 ], [ 115.228371923000054, -8.402630091999981, 0.0 ], [ 115.228189673000088, -8.402404442999966, 0.0 ], [ 115.227463108000052, -8.401887814999952, 0.0 ], [ 115.227357192000113, -8.401319926999975, 0.0 ], [ 115.227470425000092, -8.400843106999957, 0.0 ], [ 115.227849776000085, -8.400531633999947, 0.0 ], [ 115.228082377000078, -8.400169192999954, 0.0 ], [ 115.227814238000065, -8.399168461999977, 0.0 ], [ 115.22812741100006, -8.397618213999976, 0.0 ], [ 115.227581671000053, -8.396888156999978, 0.0 ], [ 115.227853869000114, -8.395776606999959, 0.0 ], [ 115.227978890000031, -8.394706225999926, 0.0 ], [ 115.227836746000094, -8.394342954999956, 0.0 ], [ 115.227179362000015, -8.394420959999934, 0.0 ], [ 115.226782461000084, -8.39418053299994, 0.0 ], [ 115.22658870600003, -8.39357846799993, 0.0 ], [ 115.226453775000095, -8.39253462399995, 0.0 ], [ 115.225525728000093, -8.392048366999973, 0.0 ], [ 115.225392338, -8.391861665999954, 0.0 ], [ 115.225292902000092, -8.391443157999959, 0.0 ], [ 115.225667669000018, -8.389236690999951, 0.0 ], [ 115.226491121000095, -8.38683610399994, 0.0 ], [ 115.226958162000074, -8.386183539999934, 0.0 ], [ 115.227170651000051, -8.386097913999947, 0.0 ], [ 115.227785640000093, -8.386047959999928, 0.0 ], [ 115.228018408000025, -8.385777234999978, 0.0 ], [ 115.228235041000062, -8.38387527499998, 0.0 ], [ 115.228451648000032, -8.38378966099998, 0.0 ], [ 115.229025080000042, -8.38381028799995, 0.0 ], [ 115.230871492, -8.38419827499996, 0.0 ], [ 115.231171722000113, -8.384208650999938, 0.0 ], [ 115.231277157000022, -8.384137447999933, 0.0 ], [ 115.231715067000096, -8.38181289299996, 0.0 ], [ 115.231392809000113, -8.381325630999982, 0.0 ], [ 115.231287177000013, -8.380805324999926, 0.0 ], [ 115.231816958000081, -8.379281587999969, 0.0 ], [ 115.231840796000029, -8.378712224999958, 0.0 ], [ 115.232043420000082, -8.378408461999982, 0.0 ], [ 115.232840935000013, -8.37758841599998, 0.0 ], [ 115.233351524000113, -8.377188665999938, 0.0 ], [ 115.233757718000106, -8.37701431499994, 0.0 ], [ 115.23396, -8.376782247999927, 0.0 ], [ 115.234360204000041, -8.37541717299996, 0.0 ], [ 115.234997632000045, -8.37419837799996, 0.0 ], [ 115.23467869600006, -8.372663788999944, 0.0 ], [ 115.234441662000108, -8.372017735999975, 0.0 ], [ 115.234404899000083, -8.371668817999932, 0.0 ], [ 115.234528287000103, -8.370878821999952, 0.0 ], [ 115.234338841000067, -8.370323760999952, 0.0 ], [ 115.234264152000037, -8.369762328999968, 0.0 ], [ 115.234073035000051, -8.369560784999976, 0.0 ], [ 115.233577765000064, -8.369706557999962, 0.0 ], [ 115.233371384000066, -8.369686480999974, 0.0 ], [ 115.233294944000022, -8.369604906999939, 0.0 ], [ 115.233315394000101, -8.369342249999931, 0.0 ], [ 115.233533500000021, -8.36891331299995, 0.0 ], [ 115.23431641600007, -8.368101442999944, 0.0 ], [ 115.234613064000087, -8.367309795999972, 0.0 ], [ 115.234892482000078, -8.367115234999972, 0.0 ], [ 115.23576292700011, -8.366832673999966, 0.0 ], [ 115.235984479000081, -8.366690390999963, 0.0 ], [ 115.236081323, -8.366518861999964, 0.0 ], [ 115.236564195000028, -8.365209400999959, 0.0 ], [ 115.23660553000002, -8.364787866999961, 0.0 ], [ 115.23621158800006, -8.363798355999961, 0.0 ], [ 115.236665449000043, -8.363190441999961, 0.0 ], [ 115.236298779000094, -8.362503062999963, 0.0 ], [ 115.236261722000108, -8.361688597999944, 0.0 ], [ 115.235202819000051, -8.361343524999938, 0.0 ], [ 115.235031630000094, -8.361110809999957, 0.0 ], [ 115.234818552000092, -8.360091399999931, 0.0 ], [ 115.234422787000085, -8.358971873999963, 0.0 ], [ 115.234334625000088, -8.358326131999945, 0.0 ], [ 115.234433282000055, -8.357822430999931, 0.0 ], [ 115.235229769000057, -8.356652883999971, 0.0 ], [ 115.235850169000059, -8.356186914999967, 0.0 ], [ 115.23620702900007, -8.355729795999935, 0.0 ], [ 115.23648649900008, -8.354573623999954, 0.0 ], [ 115.237004293000041, -8.354374379999967, 0.0 ], [ 115.237334794000049, -8.354133926999964, 0.0 ], [ 115.237728477000019, -8.353543287999969, 0.0 ], [ 115.237955773000067, -8.352621728999964, 0.0 ], [ 115.237543402000028, -8.351859763999926, 0.0 ], [ 115.237590408000074, -8.351562527999931, 0.0 ], [ 115.238164101000052, -8.351328250999927, 0.0 ], [ 115.238659593000079, -8.350845044999971, 0.0 ], [ 115.238746123000055, -8.35063620699998, 0.0 ], [ 115.238790857000026, -8.349492408999936, 0.0 ], [ 115.238892045000057, -8.349198522999927, 0.0 ], [ 115.239768849000029, -8.34791757399995, 0.0 ], [ 115.23996731200009, -8.346926011999926, 0.0 ], [ 115.24034223600006, -8.345967013999939, 0.0 ], [ 115.240511292000065, -8.345828171999926, 0.0 ], [ 115.241683680000051, -8.345817446999945, 0.0 ], [ 115.241896484000108, -8.345754607999936, 0.0 ], [ 115.242106213000056, -8.345492281999952, 0.0 ], [ 115.241671319000034, -8.343082059999972, 0.0 ], [ 115.241763094000021, -8.342676942999958, 0.0 ], [ 115.242047958000057, -8.342525686999977, 0.0 ], [ 115.242789840000114, -8.342384396999933, 0.0 ], [ 115.242992568000091, -8.342434705999949, 0.0 ], [ 115.243419421000112, -8.342782248999981, 0.0 ], [ 115.243608620000032, -8.342832493999936, 0.0 ], [ 115.243780284000081, -8.342774952999946, 0.0 ], [ 115.243943452000053, -8.342605176999939, 0.0 ], [ 115.244139962000077, -8.34205858699994, 0.0 ], [ 115.244421102000047, -8.340876460999937, 0.0 ], [ 115.244502960000091, -8.34073323399997, 0.0 ], [ 115.244710936000047, -8.340626494999981, 0.0 ], [ 115.244963445000053, -8.340641130999927, 0.0 ], [ 115.245329527000081, -8.340840602999947, 0.0 ], [ 115.245475190000093, -8.34151892899996, 0.0 ], [ 115.245898208000085, -8.341722843999946, 0.0 ], [ 115.246142014000043, -8.341670123999961, 0.0 ], [ 115.24675314600006, -8.341192772999932, 0.0 ], [ 115.247512102000087, -8.341371790999972, 0.0 ], [ 115.247886874000073, -8.341283775999955, 0.0 ], [ 115.248024932000021, -8.340696520999927, 0.0 ], [ 115.248108611000021, -8.339203290999933, 0.0 ], [ 115.248475345000088, -8.338904312999944, 0.0 ], [ 115.249230357000101, -8.33852186799993, 0.0 ], [ 115.249339609000117, -8.338306961999933, 0.0 ], [ 115.249291192000101, -8.338050935999945, 0.0 ], [ 115.248724654000057, -8.337668537999946, 0.0 ], [ 115.248670574000016, -8.336694443999932, 0.0 ], [ 115.247867952000092, -8.335588333999965, 0.0 ], [ 115.247738667000021, -8.335264615999961, 0.0 ], [ 115.247458976000075, -8.333321258999945, 0.0 ], [ 115.247759011000085, -8.332288627999958, 0.0 ], [ 115.247566822000067, -8.331770824999978, 0.0 ], [ 115.246378484000047, -8.331009071999972, 0.0 ], [ 115.244278518000101, -8.330347332999963, 0.0 ], [ 115.243910622000044, -8.329932751999934, 0.0 ], [ 115.243533561000049, -8.329330941999956, 0.0 ], [ 115.243396165000036, -8.32881421299993, 0.0 ], [ 115.243402839000055, -8.328352004999942, 0.0 ], [ 115.2434950600001, -8.327921609999976, 0.0 ], [ 115.243594703000099, -8.327832318999981, 0.0 ], [ 115.244019048000041, -8.327749022999967, 0.0 ], [ 115.245214390000115, -8.327718668999978, 0.0 ], [ 115.245614307000096, -8.327547451999976, 0.0 ], [ 115.245533256000044, -8.326555283999937, 0.0 ], [ 115.246423537000055, -8.325550764999946, 0.0 ], [ 115.246622964000039, -8.325023302999966, 0.0 ], [ 115.246559921000085, -8.32476732899994, 0.0 ], [ 115.24586277800006, -8.324263383999948, 0.0 ], [ 115.245015097000078, -8.322101146999955, 0.0 ], [ 115.24499967700001, -8.321775106999951, 0.0 ], [ 115.245342252000114, -8.321679225999958, 0.0 ], [ 115.246233755000048, -8.32162343899995, 0.0 ], [ 115.24757038700011, -8.321673574999977, 0.0 ], [ 115.248005074000048, -8.32143590499993, 0.0 ], [ 115.248879088000081, -8.320610549999969, 0.0 ], [ 115.248976180000113, -8.320451210999977, 0.0 ], [ 115.24888924000004, -8.320155200999977, 0.0 ], [ 115.248056814000051, -8.319596082999965, 0.0 ], [ 115.247301356000094, -8.318599897999945, 0.0 ], [ 115.24729030200001, -8.318388126999935, 0.0 ], [ 115.247553376000042, -8.317991588999973, 0.0 ], [ 115.247487666000097, -8.31744800499996, 0.0 ], [ 115.247701086, -8.31730917799996, 0.0 ], [ 115.248166858000104, -8.317291360999945, 0.0 ], [ 115.248717644000067, -8.317122137999945, 0.0 ], [ 115.248802172000069, -8.316289267999935, 0.0 ], [ 115.249323185000094, -8.315616572999943, 0.0 ], [ 115.249722789000089, -8.315321216999962, 0.0 ], [ 115.250862789000053, -8.314739706999944, 0.0 ], [ 115.251001818000077, -8.314562388999946, 0.0 ], [ 115.251130696000018, -8.31353667299993, 0.0 ], [ 115.251095229000043, -8.313392669999928, 0.0 ], [ 115.249946254000065, -8.311949140999957, 0.0 ], [ 115.249725629000068, -8.311492652999959, 0.0 ], [ 115.249570772000084, -8.310577690999935, 0.0 ], [ 115.248839615000065, -8.30898966999996, 0.0 ], [ 115.248708400000055, -8.308838986999945, 0.0 ], [ 115.247807228000056, -8.308511363999969, 0.0 ], [ 115.247390965000022, -8.307899230999965, 0.0 ], [ 115.247431190000043, -8.307324053999935, 0.0 ], [ 115.248061428000028, -8.305375628999968, 0.0 ], [ 115.248268056000029, -8.304088244999946, 0.0 ], [ 115.247944112000027, -8.302098095999952, 0.0 ], [ 115.24717140100006, -8.300781387999962, 0.0 ], [ 115.24630868700001, -8.299939575999929, 0.0 ], [ 115.246159391000106, -8.299626226999976, 0.0 ], [ 115.245982476000108, -8.298462232999952, 0.0 ], [ 115.245534091000081, -8.297634751999965, 0.0 ], [ 115.245246393000116, -8.297383330999935, 0.0 ], [ 115.244760463000034, -8.297125544999972, 0.0 ], [ 115.243066103000046, -8.29674651199997, 0.0 ], [ 115.243578407000086, -8.296446713999956, 0.0 ], [ 115.243789098000093, -8.29583977599998, 0.0 ], [ 115.24374273400008, -8.295250402999955, 0.0 ], [ 115.243870302, -8.294800687999953, 0.0 ], [ 115.244440743000041, -8.293589956999938, 0.0 ], [ 115.244735098000092, -8.292340484999954, 0.0 ], [ 115.244874656000093, -8.290602530999934, 0.0 ], [ 115.245731948000071, -8.289830826999946, 0.0 ], [ 115.245685214000105, -8.289042636999966, 0.0 ], [ 115.246291241000108, -8.286881470999958, 0.0 ], [ 115.246133363000013, -8.284254160999978, 0.0 ], [ 115.246217564000062, -8.282253299999979, 0.0 ], [ 115.246155447000092, -8.282102934999955, 0.0 ], [ 115.24536605600008, -8.281724234999956, 0.0 ], [ 115.245152708000091, -8.281698281999979, 0.0 ], [ 115.244971306000025, -8.281547391999936, 0.0 ], [ 115.244796736000012, -8.281271455999956, 0.0 ], [ 115.244762059000095, -8.280595887999937, 0.0 ], [ 115.245051797000087, -8.280384530999982, 0.0 ], [ 115.245880903000057, -8.280300619999934, 0.0 ], [ 115.246259531000078, -8.279864513999939, 0.0 ], [ 115.246513703, -8.279177706999974, 0.0 ], [ 115.246517964000077, -8.278214632999948, 0.0 ], [ 115.247419998000055, -8.277255498999978, 0.0 ], [ 115.247865273000116, -8.275944142999947, 0.0 ], [ 115.248574002000055, -8.274683971999934, 0.0 ], [ 115.248519765000083, -8.274170917999982, 0.0 ], [ 115.248269300000061, -8.273731751999946, 0.0 ], [ 115.248285176000081, -8.273269333999963, 0.0 ], [ 115.248880673000031, -8.272058694999942, 0.0 ], [ 115.250054792000014, -8.270612941999957, 0.0 ], [ 115.250365946000102, -8.270115299999929, 0.0 ], [ 115.250379249000048, -8.269827661999955, 0.0 ], [ 115.250030160000051, -8.269144319999953, 0.0 ], [ 115.250090245000024, -8.268950490999941, 0.0 ], [ 115.250610939000012, -8.26835959999994, 0.0 ], [ 115.25082054500001, -8.267995533999965, 0.0 ], [ 115.250420169000108, -8.267370441999958, 0.0 ], [ 115.250313189000053, -8.267070290999925, 0.0 ], [ 115.250344544000086, -8.26672270499995, 0.0 ], [ 115.25090233700007, -8.265611280999963, 0.0 ], [ 115.250960017000011, -8.264471460999971, 0.0 ], [ 115.251387089000104, -8.263149795999936, 0.0 ], [ 115.251362071000017, -8.262531682999963, 0.0 ], [ 115.25104128800001, -8.26159526999993, 0.0 ], [ 115.250605806000067, -8.261206946999948, 0.0 ], [ 115.250161589000072, -8.260512564999942, 0.0 ], [ 115.250326257000097, -8.260009817999958, 0.0 ], [ 115.250413711000078, -8.259278973999926, 0.0 ], [ 115.250271266000027, -8.258834819999947, 0.0 ], [ 115.250064171000076, -8.25667619799998, 0.0 ], [ 115.249517086000083, -8.255211352999936, 0.0 ], [ 115.248602935, -8.255123444999981, 0.0 ], [ 115.248230541000112, -8.254977968999981, 0.0 ], [ 115.247156114000063, -8.253918532999933, 0.0 ], [ 115.2470410090001, -8.253694995999979, 0.0 ], [ 115.245970295, -8.253732753999941, 0.0 ], [ 115.24518587600005, -8.253610365999975, 0.0 ], [ 115.243260445000033, -8.253786692999938, 0.0 ], [ 115.242387182000016, -8.25378286199998, 0.0 ], [ 115.241053616000045, -8.253467898999929, 0.0 ], [ 115.241022245000067, -8.252989602999946, 0.0 ], [ 115.241304897000077, -8.252179087999934, 0.0 ], [ 115.241483422000101, -8.250444817999949, 0.0 ], [ 115.241333885000017, -8.250097591999975, 0.0 ], [ 115.240605605000042, -8.249321602999942, 0.0 ], [ 115.239877883000077, -8.247009035999952, 0.0 ], [ 115.239333161000104, -8.245957550999947, 0.0 ], [ 115.238626939000028, -8.244102915999974, 0.0 ], [ 115.237889447000043, -8.243813514999943, 0.0 ], [ 115.237468734000117, -8.243744017999973, 0.0 ], [ 115.237047542000028, -8.243782754999927, 0.0 ], [ 115.236788663000084, -8.24397103299998, 0.0 ], [ 115.236678996000023, -8.244200554999964, 0.0 ], [ 115.236407375000113, -8.244199360999971, 0.0 ], [ 115.235007857000028, -8.24281317599997, 0.0 ], [ 115.234709915000053, -8.242622448999953, 0.0 ], [ 115.233501868000076, -8.242468302999953, 0.0 ], [ 115.232702273000086, -8.242085949999932, 0.0 ], [ 115.232423818000029, -8.241783343999941, 0.0 ], [ 115.232341197000096, -8.23988004499995, 0.0 ], [ 115.23203413400006, -8.240012086999968, 0.0 ], [ 115.230435184000044, -8.240131253999948, 0.0 ], [ 115.229840491000118, -8.240249538999933, 0.0 ], [ 115.229655703000049, -8.24020423199994, 0.0 ] ] ], [ [ [ 115.12520303000008, -8.847677028999954, 0.0 ], [ 115.125261995000074, -8.847385012999951, 0.0 ], [ 115.12493100100005, -8.847386970999935, 0.0 ], [ 115.124941011000033, -8.847734015999947, 0.0 ], [ 115.125107971000034, -8.847755007999979, 0.0 ], [ 115.12520303000008, -8.847677028999954, 0.0 ] ] ], [ [ [ 115.188699003000011, -8.765626974999975, 0.0 ], [ 115.188916008000092, -8.765443980999976, 0.0 ], [ 115.188972999000043, -8.765235000999951, 0.0 ], [ 115.188860003000059, -8.764443995999954, 0.0 ], [ 115.188622031000023, -8.764036008999938, 0.0 ], [ 115.188504015000035, -8.76397198899997, 0.0 ], [ 115.188170969000112, -8.763992989999963, 0.0 ], [ 115.18779599800007, -8.764686020999932, 0.0 ], [ 115.187709992, -8.76512996699995, 0.0 ], [ 115.187960984000028, -8.765479986999935, 0.0 ], [ 115.188163006000082, -8.765589965999936, 0.0 ], [ 115.188699003000011, -8.765626974999975, 0.0 ] ] ], [ [ [ 115.214384979000101, -8.758973983999965, 0.0 ], [ 115.214319003000014, -8.757315982999955, 0.0 ], [ 115.214248979000104, -8.75721296699993, 0.0 ], [ 115.214043989000061, -8.757173943999931, 0.0 ], [ 115.213942976000112, -8.75737793299993, 0.0 ], [ 115.213953944000082, -8.75774895099994, 0.0 ], [ 115.214112956, -8.758785949999947, 0.0 ], [ 115.214384979000101, -8.758973983999965, 0.0 ] ] ] ] } },
{ "type": "Feature", "properties": { "OBJECTID": 968, "NAMOBJ": "Bangli", "FCODE": "BA03050040", "REMARK": " ", "METADATA": "TASWIL5000020230907KABKOTA", "SRS_ID": "4326", "KDBBPS": " ", "KDCBPS": " ", "KDCPUM": " ", "KDEBPS": " ", "KDEPUM": null, "KDPBPS": " ", "KDPKAB": "51.06", "KDPPUM": "51", "LUASWH": 526.76405057, "TIPADM": 4, "WADMKC": " ", "WADMKD": " ", "WADMKK": "Bangli", "WADMPR": "Bali", "WIADKC": " ", "WIADKK": " ", "WIADPR": " ", "WIADKD": 0, "SHAPE_Length": 1.4322438372139099, "SHAPE_Area": 0.043235017257291897 }, "geometry": { "type": "Polygon", "coordinates": [ [ [ 115.434376135000093, -8.180646922999927, 0.0 ], [ 115.434079823000047, -8.181124789999956, 0.0 ], [ 115.433426427000086, -8.181318561999944, 0.0 ], [ 115.43317933600008, -8.181526179999935, 0.0 ], [ 115.432507084, -8.181818029999931, 0.0 ], [ 115.43229760600002, -8.18185402499995, 0.0 ], [ 115.431658104, -8.181642967999949, 0.0 ], [ 115.431399275000103, -8.181703308999943, 0.0 ], [ 115.430115664000027, -8.182459006999977, 0.0 ], [ 115.430016145000081, -8.182716270999947, 0.0 ], [ 115.429328062000081, -8.182333253999957, 0.0 ], [ 115.428700684000091, -8.182171315999938, 0.0 ], [ 115.428441902000031, -8.182219385999929, 0.0 ], [ 115.427555372000029, -8.183014358999969, 0.0 ], [ 115.42717574400001, -8.182963314999938, 0.0 ], [ 115.425059585000099, -8.183038499999952, 0.0 ], [ 115.422570196000038, -8.183263906999969, 0.0 ], [ 115.42222232000006, -8.18404776899996, 0.0 ], [ 115.421846411000047, -8.184132182999974, 0.0 ], [ 115.421593001000019, -8.184410944999968, 0.0 ], [ 115.421408986000074, -8.185677404999979, 0.0 ], [ 115.421179647000031, -8.185825005999959, 0.0 ], [ 115.420055612000056, -8.185860207999951, 0.0 ], [ 115.417490137000073, -8.185711563999973, 0.0 ], [ 115.41548965100003, -8.185167080999975, 0.0 ], [ 115.41522528500002, -8.185157094999965, 0.0 ], [ 115.415196388000027, -8.184253370999954, 0.0 ], [ 115.415123330000029, -8.184044509999978, 0.0 ], [ 115.41465749300005, -8.183515113999931, 0.0 ], [ 115.415303432000087, -8.182094442999926, 0.0 ], [ 115.415984135000031, -8.181147265999925, 0.0 ], [ 115.416255996000018, -8.180981696999936, 0.0 ], [ 115.417121730000076, -8.180028103999973, 0.0 ], [ 115.417073589000097, -8.179745728999933, 0.0 ], [ 115.416803851000054, -8.179450214999974, 0.0 ], [ 115.416841373000011, -8.179303132999962, 0.0 ], [ 115.417521478000026, -8.178581923999957, 0.0 ], [ 115.417763335000018, -8.178141185999948, 0.0 ], [ 115.41814940900008, -8.177038483999979, 0.0 ], [ 115.418425626000044, -8.175689968999961, 0.0 ], [ 115.418222892000017, -8.175391886999932, 0.0 ], [ 115.417737005000049, -8.175023691999968, 0.0 ], [ 115.415991082, -8.173878376999937, 0.0 ], [ 115.411794485000087, -8.171858503999943, 0.0 ], [ 115.410493200000019, -8.171457400999941, 0.0 ], [ 115.409648115000095, -8.171384779999926, 0.0 ], [ 115.407569131000059, -8.171475597999972, 0.0 ], [ 115.406813868000086, -8.171324126999934, 0.0 ], [ 115.404020118000062, -8.171085417999961, 0.0 ], [ 115.40304122200007, -8.170761117999973, 0.0 ], [ 115.403034279000053, -8.171114251999938, 0.0 ], [ 115.402822778000086, -8.171378287999971, 0.0 ], [ 115.401667871000086, -8.172124192999945, 0.0 ], [ 115.40086941800007, -8.172363834999942, 0.0 ], [ 115.400155837000057, -8.173541893999925, 0.0 ], [ 115.399461770000016, -8.173991633999947, 0.0 ], [ 115.399383708000073, -8.174123759999929, 0.0 ], [ 115.398352123000109, -8.174494907999929, 0.0 ], [ 115.398107609000022, -8.174703627999975, 0.0 ], [ 115.397705648000056, -8.175507681999932, 0.0 ], [ 115.397402666000062, -8.176782603999925, 0.0 ], [ 115.396802215000093, -8.176684386999966, 0.0 ], [ 115.395043204000103, -8.175888351999959, 0.0 ], [ 115.394045814000037, -8.175592147999964, 0.0 ], [ 115.392815579000057, -8.174768980999943, 0.0 ], [ 115.391232451000064, -8.174061302999974, 0.0 ], [ 115.389912127000116, -8.173734581999952, 0.0 ], [ 115.387361708000071, -8.172555451999926, 0.0 ], [ 115.384193858000117, -8.170885528999975, 0.0 ], [ 115.383014186000082, -8.170046488999958, 0.0 ], [ 115.381881566000061, -8.168933333999973, 0.0 ], [ 115.381264701000077, -8.168096539999965, 0.0 ], [ 115.381109660000106, -8.167691343999934, 0.0 ], [ 115.380525210000087, -8.167114824999942, 0.0 ], [ 115.377983362, -8.164889966999965, 0.0 ], [ 115.376654956000039, -8.163835279999944, 0.0 ], [ 115.37616884900001, -8.163536341999929, 0.0 ], [ 115.375731786000074, -8.163405892999947, 0.0 ], [ 115.375224904000106, -8.163372917999936, 0.0 ], [ 115.37514710500011, -8.163438822999979, 0.0 ], [ 115.374562457000025, -8.164220041999954, 0.0 ], [ 115.374559020000106, -8.165069810999967, 0.0 ], [ 115.37446938700009, -8.165323282999964, 0.0 ], [ 115.373634901000059, -8.16625800099996, 0.0 ], [ 115.373339068000064, -8.166830691999962, 0.0 ], [ 115.372708921000026, -8.167449030999933, 0.0 ], [ 115.372165303000088, -8.16820189799995, 0.0 ], [ 115.372149911000065, -8.16839128099997, 0.0 ], [ 115.372047061000103, -8.168507448999947, 0.0 ], [ 115.371681312000078, -8.16853512299997, 0.0 ], [ 115.370546441000101, -8.16845107499995, 0.0 ], [ 115.370099471000117, -8.168310679999934, 0.0 ], [ 115.369454604000111, -8.167921996999951, 0.0 ], [ 115.368233038000085, -8.166752150999969, 0.0 ], [ 115.367708884000081, -8.16602736699997, 0.0 ], [ 115.367412864000016, -8.165451996999934, 0.0 ], [ 115.367030116000024, -8.164193205999936, 0.0 ], [ 115.366486922000036, -8.163260452999964, 0.0 ], [ 115.365089160000025, -8.161901144999945, 0.0 ], [ 115.364871861000097, -8.161533983999959, 0.0 ], [ 115.363608024000087, -8.160348080999938, 0.0 ], [ 115.363027115000023, -8.159494721999977, 0.0 ], [ 115.362240873000019, -8.160950872999933, 0.0 ], [ 115.361174714000072, -8.163338902999953, 0.0 ], [ 115.360727858000018, -8.163994987999956, 0.0 ], [ 115.360095539000099, -8.164408357999946, 0.0 ], [ 115.358516920000056, -8.164479474999951, 0.0 ], [ 115.357595659000026, -8.163731096999982, 0.0 ], [ 115.357297205, -8.163323187999936, 0.0 ], [ 115.356859144000055, -8.161826198999961, 0.0 ], [ 115.355681058000073, -8.159285539999928, 0.0 ], [ 115.35521312700007, -8.158715629999961, 0.0 ], [ 115.355401198000095, -8.157639840999934, 0.0 ], [ 115.355651407000096, -8.157221002999961, 0.0 ], [ 115.356371965000108, -8.156712563999974, 0.0 ], [ 115.356931724000106, -8.155218441999978, 0.0 ], [ 115.356916522, -8.153964710999958, 0.0 ], [ 115.356837225000049, -8.153479097999934, 0.0 ], [ 115.356509734000042, -8.152766242999974, 0.0 ], [ 115.355855931000065, -8.152001291999966, 0.0 ], [ 115.355418721000092, -8.151562663999925, 0.0 ], [ 115.35485045900009, -8.151222897999958, 0.0 ], [ 115.354329717000041, -8.152396753999938, 0.0 ], [ 115.354121163000059, -8.153163480999979, 0.0 ], [ 115.354041149000068, -8.153892350999968, 0.0 ], [ 115.353819306000105, -8.154293135999978, 0.0 ], [ 115.35347992800007, -8.154580224999961, 0.0 ], [ 115.351120337000111, -8.156175356999938, 0.0 ], [ 115.348846421000076, -8.157431733999942, 0.0 ], [ 115.348089336000044, -8.157633885999928, 0.0 ], [ 115.347368172000074, -8.157459912999968, 0.0 ], [ 115.347025269000028, -8.15725327499996, 0.0 ], [ 115.345727475000103, -8.155195596999931, 0.0 ], [ 115.345214531000011, -8.154543581999974, 0.0 ], [ 115.344408743000031, -8.153238620999957, 0.0 ], [ 115.344281788000103, -8.152746094999941, 0.0 ], [ 115.343748777000087, -8.151674339999943, 0.0 ], [ 115.343623406, -8.150796771999978, 0.0 ], [ 115.343907347000027, -8.149706961999925, 0.0 ], [ 115.343965458000071, -8.148968189999948, 0.0 ], [ 115.34356651500002, -8.14918634299994, 0.0 ], [ 115.343185732000052, -8.149281081999959, 0.0 ], [ 115.342505354000082, -8.149265508999974, 0.0 ], [ 115.341312603, -8.148966396999981, 0.0 ], [ 115.339209971000059, -8.14826697999996, 0.0 ], [ 115.338465986000074, -8.148110418999977, 0.0 ], [ 115.338003808000053, -8.14810852599993, 0.0 ], [ 115.337723836, -8.148247319999939, 0.0 ], [ 115.337349132000099, -8.150032844999942, 0.0 ], [ 115.337103779000017, -8.150580875999935, 0.0 ], [ 115.336679388000107, -8.151247186999967, 0.0 ], [ 115.33591914100009, -8.15211520899993, 0.0 ], [ 115.334244075000015, -8.15369110499995, 0.0 ], [ 115.333556754000028, -8.154919727999982, 0.0 ], [ 115.333460049000109, -8.155173507999962, 0.0 ], [ 115.333376471000065, -8.157357240999943, 0.0 ], [ 115.333264022000094, -8.15798076699997, 0.0 ], [ 115.332510461000084, -8.15954310799998, 0.0 ], [ 115.3323370170001, -8.160303219999946, 0.0 ], [ 115.331663396000067, -8.161132427999974, 0.0 ], [ 115.331229057000087, -8.160878848999971, 0.0 ], [ 115.330750419000083, -8.160921145999964, 0.0 ], [ 115.330426891000116, -8.16102366399997, 0.0 ], [ 115.32947407000006, -8.161684957999967, 0.0 ], [ 115.329024824000044, -8.161657518999959, 0.0 ], [ 115.328717228000073, -8.161528321999981, 0.0 ], [ 115.328732013000035, -8.159970890999944, 0.0 ], [ 115.329133799000033, -8.156898448999925, 0.0 ], [ 115.329113753000115, -8.156215231999965, 0.0 ], [ 115.328389864000087, -8.154124943999932, 0.0 ], [ 115.328438655000014, -8.153396468999972, 0.0 ], [ 115.32824150600004, -8.151277942999968, 0.0 ], [ 115.327946490000045, -8.150684677999948, 0.0 ], [ 115.324935728000014, -8.147861835999947, 0.0 ], [ 115.323092960000054, -8.145281090999958, 0.0 ], [ 115.322172134000084, -8.144479068999942, 0.0 ], [ 115.319998726000108, -8.141765630999942, 0.0 ], [ 115.319546311000067, -8.14290585699996, 0.0 ], [ 115.318080087000112, -8.143464961999939, 0.0 ], [ 115.317488010000034, -8.143880421999938, 0.0 ], [ 115.316574900000091, -8.14429841499998, 0.0 ], [ 115.315892347000045, -8.144758491999937, 0.0 ], [ 115.315685776, -8.145069827999976, 0.0 ], [ 115.31558141000005, -8.145412062999981, 0.0 ], [ 115.315725659, -8.145866626999975, 0.0 ], [ 115.315913573000103, -8.14614192199997, 0.0 ], [ 115.316009049000058, -8.146562165999967, 0.0 ], [ 115.315743869000016, -8.147181729999943, 0.0 ], [ 115.315281208000101, -8.147498442999961, 0.0 ], [ 115.316055263000067, -8.148600407999936, 0.0 ], [ 115.31657352600007, -8.148735469999963, 0.0 ], [ 115.317624754, -8.148615190999976, 0.0 ], [ 115.317698868000093, -8.14883985299997, 0.0 ], [ 115.317607819000045, -8.149674570999935, 0.0 ], [ 115.317756047000103, -8.150123893999933, 0.0 ], [ 115.318491756000071, -8.150675366999963, 0.0 ], [ 115.319005208000021, -8.150867529999971, 0.0 ], [ 115.319402222, -8.151314812999942, 0.0 ], [ 115.319810269000072, -8.152450739999949, 0.0 ], [ 115.319929943000034, -8.153747505999945, 0.0 ], [ 115.319903260000046, -8.154146247999961, 0.0 ], [ 115.319588099000043, -8.154730754999946, 0.0 ], [ 115.318244519000018, -8.155959129999928, 0.0 ], [ 115.317413057000067, -8.157364122999979, 0.0 ], [ 115.316721427000061, -8.158233736999932, 0.0 ], [ 115.316508414000054, -8.158320100999958, 0.0 ], [ 115.315708326000049, -8.158204597999941, 0.0 ], [ 115.31525754300003, -8.158314900999926, 0.0 ], [ 115.314429670000095, -8.158859876999941, 0.0 ], [ 115.314152702000115, -8.159282502999929, 0.0 ], [ 115.31388541900003, -8.160378230999981, 0.0 ], [ 115.31357102700008, -8.160775772999955, 0.0 ], [ 115.313290030000076, -8.162158115999944, 0.0 ], [ 115.312573732000033, -8.162940368999955, 0.0 ], [ 115.311767931000077, -8.164183416999947, 0.0 ], [ 115.31132870700003, -8.164518114999964, 0.0 ], [ 115.310314021000067, -8.164862873999937, 0.0 ], [ 115.309410865000018, -8.165457377999928, 0.0 ], [ 115.30872188, -8.165691315999936, 0.0 ], [ 115.30700695400003, -8.165970819999927, 0.0 ], [ 115.306342985000015, -8.166204857999958, 0.0 ], [ 115.305640805000053, -8.166600767999967, 0.0 ], [ 115.304137002000061, -8.167242597999973, 0.0 ], [ 115.303898543000059, -8.167428559999962, 0.0 ], [ 115.303370168000015, -8.168136793999963, 0.0 ], [ 115.302918951000038, -8.16834678999993, 0.0 ], [ 115.302855459000057, -8.168570875999933, 0.0 ], [ 115.302904178000063, -8.168882679999967, 0.0 ], [ 115.303638416000013, -8.16978316999996, 0.0 ], [ 115.303712259, -8.170070151999937, 0.0 ], [ 115.303620853000098, -8.170979641999963, 0.0 ], [ 115.303668678, -8.17150333099994, 0.0 ], [ 115.303378442000053, -8.172100386999944, 0.0 ], [ 115.303377283000032, -8.172374590999937, 0.0 ], [ 115.302948884000102, -8.172695025999928, 0.0 ], [ 115.301475400000072, -8.172611562999975, 0.0 ], [ 115.300516653000045, -8.172460273999945, 0.0 ], [ 115.29926837000005, -8.171463049999943, 0.0 ], [ 115.298491514000034, -8.171626049999929, 0.0 ], [ 115.297360590000039, -8.171293048999928, 0.0 ], [ 115.295733207000012, -8.170444759999953, 0.0 ], [ 115.295262384000011, -8.17005082299994, 0.0 ], [ 115.294922583000016, -8.169925590999981, 0.0 ], [ 115.294440285000064, -8.16955476399994, 0.0 ], [ 115.294101255000101, -8.167423460999942, 0.0 ], [ 115.293271091000065, -8.166839461999928, 0.0 ], [ 115.292267657000025, -8.167465488999937, 0.0 ], [ 115.291681590000053, -8.168325614999958, 0.0 ], [ 115.291234705000079, -8.168671502999928, 0.0 ], [ 115.291089422000027, -8.169053800999961, 0.0 ], [ 115.290414739000084, -8.169421338999939, 0.0 ], [ 115.289887877000069, -8.170280140999978, 0.0 ], [ 115.28909077600008, -8.170633142999975, 0.0 ], [ 115.288055420000092, -8.170886139999936, 0.0 ], [ 115.286573607000037, -8.17088976499997, 0.0 ], [ 115.285609807000014, -8.170687696999948, 0.0 ], [ 115.284785787000033, -8.170357529999933, 0.0 ], [ 115.28396804700003, -8.169833728999947, 0.0 ], [ 115.283076406000077, -8.16903801199993, 0.0 ], [ 115.28249242000004, -8.168392087999962, 0.0 ], [ 115.281639616, -8.167668403999926, 0.0 ], [ 115.280908003000036, -8.166811390999953, 0.0 ], [ 115.280989213000112, -8.166425667999931, 0.0 ], [ 115.281830839, -8.164847773999952, 0.0 ], [ 115.281793769000046, -8.164214070999947, 0.0 ], [ 115.281665505000092, -8.163975945999937, 0.0 ], [ 115.28068531100007, -8.162962068999946, 0.0 ], [ 115.280477956000027, -8.162614717999929, 0.0 ], [ 115.280164051000042, -8.161603669999977, 0.0 ], [ 115.280092797000066, -8.160712051999951, 0.0 ], [ 115.279227626000079, -8.160708376999935, 0.0 ], [ 115.27799200600009, -8.161287174999927, 0.0 ], [ 115.276629315000037, -8.161350671999969, 0.0 ], [ 115.276021681000088, -8.161585665999951, 0.0 ], [ 115.275752203000025, -8.161812196999961, 0.0 ], [ 115.274087311000017, -8.161969834999979, 0.0 ], [ 115.270637674000113, -8.162750301999949, 0.0 ], [ 115.270067463000032, -8.163247887999944, 0.0 ], [ 115.269071173000043, -8.163793479999981, 0.0 ], [ 115.268423928000061, -8.164376455999957, 0.0 ], [ 115.267816804000063, -8.164557490999925, 0.0 ], [ 115.267278500000089, -8.164856389999954, 0.0 ], [ 115.266731551000021, -8.164854048999928, 0.0 ], [ 115.266124295000054, -8.164999934999969, 0.0 ], [ 115.265465391000021, -8.165591055999926, 0.0 ], [ 115.265115452000032, -8.166025116999947, 0.0 ], [ 115.262680857000078, -8.169645426999978, 0.0 ], [ 115.261387530000093, -8.171391120999942, 0.0 ], [ 115.260592775000077, -8.171678318999966, 0.0 ], [ 115.258982812000113, -8.171731672999954, 0.0 ], [ 115.258228737000081, -8.171989407999945, 0.0 ], [ 115.257265005000022, -8.172640552999951, 0.0 ], [ 115.256915391, -8.175272094999968, 0.0 ], [ 115.2557454680001, -8.177628787999936, 0.0 ], [ 115.255545409000092, -8.177895197999931, 0.0 ], [ 115.254916907000052, -8.178347840999947, 0.0 ], [ 115.254380669000057, -8.17796844999998, 0.0 ], [ 115.253305705000116, -8.176702121999938, 0.0 ], [ 115.253014231000066, -8.176659985999947, 0.0 ], [ 115.252008009000065, -8.176989349999928, 0.0 ], [ 115.251414541000031, -8.176814542999978, 0.0 ], [ 115.251103009000076, -8.176404127999945, 0.0 ], [ 115.250717962000067, -8.175508970999942, 0.0 ], [ 115.250037493000036, -8.17510224199998, 0.0 ], [ 115.247737785000027, -8.175552359999926, 0.0 ], [ 115.24606295000001, -8.175566062999962, 0.0 ], [ 115.245481699000038, -8.175878876999946, 0.0 ], [ 115.245136221000053, -8.176485453999931, 0.0 ], [ 115.244806187000108, -8.177431105999972, 0.0 ], [ 115.244612176000032, -8.178323228999943, 0.0 ], [ 115.244613223000101, -8.179635622999967, 0.0 ], [ 115.24440533500001, -8.180595333999975, 0.0 ], [ 115.244808203000048, -8.181625347999955, 0.0 ], [ 115.244777669000086, -8.182396412999935, 0.0 ], [ 115.244058253000048, -8.183881561999954, 0.0 ], [ 115.242818764000049, -8.184742075999964, 0.0 ], [ 115.242436414000053, -8.185227482999949, 0.0 ], [ 115.242407536000087, -8.185619720999966, 0.0 ], [ 115.242675796000071, -8.186378555999966, 0.0 ], [ 115.242667701000073, -8.186676175999935, 0.0 ], [ 115.242229430000066, -8.187526642999956, 0.0 ], [ 115.242214545000024, -8.187824231999969, 0.0 ], [ 115.242467742000031, -8.18892124599995, 0.0 ], [ 115.2426693540001, -8.18939566499995, 0.0 ], [ 115.243209200000024, -8.190155682999944, 0.0 ], [ 115.243431301000101, -8.190603131999978, 0.0 ], [ 115.243926497000075, -8.19225591999998, 0.0 ], [ 115.244478979000064, -8.193232467999962, 0.0 ], [ 115.24473372600005, -8.193977713999971, 0.0 ], [ 115.245266614000116, -8.194778289999931, 0.0 ], [ 115.245359120000103, -8.195360472999937, 0.0 ], [ 115.245364516000109, -8.197227605999956, 0.0 ], [ 115.245197316000031, -8.199743416999979, 0.0 ], [ 115.244949026000086, -8.200621770999931, 0.0 ], [ 115.244229860000019, -8.20203926399995, 0.0 ], [ 115.244099268000014, -8.203946392999967, 0.0 ], [ 115.243768779000106, -8.204986743999939, 0.0 ], [ 115.243310053000073, -8.205850647999966, 0.0 ], [ 115.243345026000043, -8.207163186999935, 0.0 ], [ 115.243270883000037, -8.208583488999977, 0.0 ], [ 115.24339704700003, -8.210775859999956, 0.0 ], [ 115.243355356000052, -8.210992154999929, 0.0 ], [ 115.242369325000027, -8.212868484999944, 0.0 ], [ 115.242038223, -8.214044126999966, 0.0 ], [ 115.242118215, -8.214382719999946, 0.0 ], [ 115.242591554000114, -8.214831268999944, 0.0 ], [ 115.242341931000055, -8.216007266999952, 0.0 ], [ 115.241658217, -8.217073128999971, 0.0 ], [ 115.241595629000017, -8.219597165999971, 0.0 ], [ 115.240827805000094, -8.221404813999925, 0.0 ], [ 115.239478727, -8.225336894999941, 0.0 ], [ 115.238682401, -8.22668693199995, 0.0 ], [ 115.238378383000054, -8.22796255999998, 0.0 ], [ 115.237751982000077, -8.229931184999941, 0.0 ], [ 115.237967828000023, -8.230133100999979, 0.0 ], [ 115.237970431, -8.230227838999951, 0.0 ], [ 115.237483659000077, -8.230722297999932, 0.0 ], [ 115.237645251000117, -8.231111665999947, 0.0 ], [ 115.237622121000072, -8.231457737999961, 0.0 ], [ 115.237308559000098, -8.23229140899997, 0.0 ], [ 115.237232495000057, -8.232862206999926, 0.0 ], [ 115.236689614000056, -8.234111067999947, 0.0 ], [ 115.236397203000024, -8.234583665999935, 0.0 ], [ 115.234643477000077, -8.236474911999949, 0.0 ], [ 115.234279101000084, -8.237291419999963, 0.0 ], [ 115.234018429000116, -8.237678723999977, 0.0 ], [ 115.232421699000042, -8.239450748999957, 0.0 ], [ 115.232320161000075, -8.240274022999927, 0.0 ], [ 115.232407221000017, -8.240658305999943, 0.0 ], [ 115.232423818000029, -8.241783343999941, 0.0 ], [ 115.232702273000086, -8.242085949999932, 0.0 ], [ 115.233501868000076, -8.242468302999953, 0.0 ], [ 115.234709915000053, -8.242622448999953, 0.0 ], [ 115.235007857000028, -8.24281317599997, 0.0 ], [ 115.236407375000113, -8.244199360999971, 0.0 ], [ 115.236678996000023, -8.244200554999964, 0.0 ], [ 115.236788663000084, -8.24397103299998, 0.0 ], [ 115.237047542000028, -8.243782754999927, 0.0 ], [ 115.237468734000117, -8.243744017999973, 0.0 ], [ 115.237889447000043, -8.243813514999943, 0.0 ], [ 115.238626939000028, -8.244102915999974, 0.0 ], [ 115.239333161000104, -8.245957550999947, 0.0 ], [ 115.239877883000077, -8.247009035999952, 0.0 ], [ 115.240605605000042, -8.249321602999942, 0.0 ], [ 115.241333885000017, -8.250097591999975, 0.0 ], [ 115.241483422000101, -8.250444817999949, 0.0 ], [ 115.241304897000077, -8.252179087999934, 0.0 ], [ 115.241022245000067, -8.252989602999946, 0.0 ], [ 115.241053616000045, -8.253467898999929, 0.0 ], [ 115.242387182000016, -8.25378286199998, 0.0 ], [ 115.243260445000033, -8.253786692999938, 0.0 ], [ 115.24518587600005, -8.253610365999975, 0.0 ], [ 115.245970295, -8.253732753999941, 0.0 ], [ 115.2470410090001, -8.253694995999979, 0.0 ], [ 115.247156114000063, -8.253918532999933, 0.0 ], [ 115.248230541000112, -8.254977968999981, 0.0 ], [ 115.248602935, -8.255123444999981, 0.0 ], [ 115.249517086000083, -8.255211352999936, 0.0 ], [ 115.250064171000076, -8.25667619799998, 0.0 ], [ 115.250271266000027, -8.258834819999947, 0.0 ], [ 115.250425058000019, -8.259434858999953, 0.0 ], [ 115.250161589000072, -8.260512564999942, 0.0 ], [ 115.250605806000067, -8.261206946999948, 0.0 ], [ 115.25104128800001, -8.26159526999993, 0.0 ], [ 115.251362071000017, -8.262531682999963, 0.0 ], [ 115.251387089000104, -8.263149795999936, 0.0 ], [ 115.250960017000011, -8.264471460999971, 0.0 ], [ 115.25090233700007, -8.265611280999963, 0.0 ], [ 115.250344544000086, -8.26672270499995, 0.0 ], [ 115.250313189000053, -8.267070290999925, 0.0 ], [ 115.250420169000108, -8.267370441999958, 0.0 ], [ 115.25082054500001, -8.267995533999965, 0.0 ], [ 115.250610939000012, -8.26835959999994, 0.0 ], [ 115.250090245000024, -8.268950490999941, 0.0 ], [ 115.250030160000051, -8.269144319999953, 0.0 ], [ 115.250379249000048, -8.269827661999955, 0.0 ], [ 115.250365946000102, -8.270115299999929, 0.0 ], [ 115.250054792000014, -8.270612941999957, 0.0 ], [ 115.248880673000031, -8.272058694999942, 0.0 ], [ 115.248285176000081, -8.273269333999963, 0.0 ], [ 115.248269300000061, -8.273731751999946, 0.0 ], [ 115.248519765000083, -8.274170917999982, 0.0 ], [ 115.248574002000055, -8.274683971999934, 0.0 ], [ 115.247865273000116, -8.275944142999947, 0.0 ], [ 115.247419998000055, -8.277255498999978, 0.0 ], [ 115.246517964000077, -8.278214632999948, 0.0 ], [ 115.246513703, -8.279177706999974, 0.0 ], [ 115.246259531000078, -8.279864513999939, 0.0 ], [ 115.245880903000057, -8.280300619999934, 0.0 ], [ 115.245051797000087, -8.280384530999982, 0.0 ], [ 115.244762059000095, -8.280595887999937, 0.0 ], [ 115.244796736000012, -8.281271455999956, 0.0 ], [ 115.244971306000025, -8.281547391999936, 0.0 ], [ 115.245152708000091, -8.281698281999979, 0.0 ], [ 115.24536605600008, -8.281724234999956, 0.0 ], [ 115.246155447000092, -8.282102934999955, 0.0 ], [ 115.246217564000062, -8.282253299999979, 0.0 ], [ 115.246133363000013, -8.284254160999978, 0.0 ], [ 115.246291241000108, -8.286881470999958, 0.0 ], [ 115.245685214000105, -8.289042636999966, 0.0 ], [ 115.245731948000071, -8.289830826999946, 0.0 ], [ 115.244874656000093, -8.290602530999934, 0.0 ], [ 115.244735098000092, -8.292340484999954, 0.0 ], [ 115.244440743000041, -8.293589956999938, 0.0 ], [ 115.243870302, -8.294800687999953, 0.0 ], [ 115.24374273400008, -8.295250402999955, 0.0 ], [ 115.243789098000093, -8.29583977599998, 0.0 ], [ 115.243578407000086, -8.296446713999956, 0.0 ], [ 115.243066103000046, -8.29674651199997, 0.0 ], [ 115.244760463000034, -8.297125544999972, 0.0 ], [ 115.245246393000116, -8.297383330999935, 0.0 ], [ 115.245534091000081, -8.297634751999965, 0.0 ], [ 115.245982476000108, -8.298462232999952, 0.0 ], [ 115.246159391000106, -8.299626226999976, 0.0 ], [ 115.24630868700001, -8.299939575999929, 0.0 ], [ 115.24717140100006, -8.300781387999962, 0.0 ], [ 115.247944112000027, -8.302098095999952, 0.0 ], [ 115.248268056000029, -8.304088244999946, 0.0 ], [ 115.248061428000028, -8.305375628999968, 0.0 ], [ 115.247431190000043, -8.307324053999935, 0.0 ], [ 115.247390965000022, -8.307899230999965, 0.0 ], [ 115.247807228000056, -8.308511363999969, 0.0 ], [ 115.248708400000055, -8.308838986999945, 0.0 ], [ 115.248839615000065, -8.30898966999996, 0.0 ], [ 115.249570772000084, -8.310577690999935, 0.0 ], [ 115.249725629000068, -8.311492652999959, 0.0 ], [ 115.249946254000065, -8.311949140999957, 0.0 ], [ 115.251095229000043, -8.313392669999928, 0.0 ], [ 115.251129899000034, -8.313716478999936, 0.0 ], [ 115.251039374000015, -8.314460981999957, 0.0 ], [ 115.25189139500003, -8.314816132999965, 0.0 ], [ 115.252358607000019, -8.314857717999928, 0.0 ], [ 115.25392316500006, -8.314592554999933, 0.0 ], [ 115.254538248000017, -8.314313228999936, 0.0 ], [ 115.25615025400009, -8.31402350999997, 0.0 ], [ 115.256596750000085, -8.314213394999967, 0.0 ], [ 115.257958430000031, -8.315130554999939, 0.0 ], [ 115.258276203000037, -8.315211136999949, 0.0 ], [ 115.258624621000081, -8.315133472999946, 0.0 ], [ 115.259023978000073, -8.31492671999996, 0.0 ], [ 115.260020130000044, -8.315914190999933, 0.0 ], [ 115.260329365000075, -8.316352834999975, 0.0 ], [ 115.260392265000064, -8.316626449999944, 0.0 ], [ 115.260999838000089, -8.31786331099994, 0.0 ], [ 115.261704745000088, -8.31845981999993, 0.0 ], [ 115.263253253000016, -8.320224891999942, 0.0 ], [ 115.263978061000103, -8.321737706999954, 0.0 ], [ 115.264282299000115, -8.322056890999932, 0.0 ], [ 115.264311495000015, -8.323745622999979, 0.0 ], [ 115.264383028000111, -8.324110378999933, 0.0 ], [ 115.264528421000023, -8.324375207999935, 0.0 ], [ 115.264295119000053, -8.325435848999973, 0.0 ], [ 115.264076057000011, -8.327338919999931, 0.0 ], [ 115.26375710800005, -8.32873895299997, 0.0 ], [ 115.263145919000067, -8.330330606999951, 0.0 ], [ 115.262773921000075, -8.330655986999943, 0.0 ], [ 115.262389861000088, -8.331536875999973, 0.0 ], [ 115.262327344000028, -8.33219745699995, 0.0 ], [ 115.262482143000057, -8.332597237999948, 0.0 ], [ 115.262477897000053, -8.332843308999941, 0.0 ], [ 115.263174143000015, -8.332900851999966, 0.0 ], [ 115.26353103100007, -8.332787808999967, 0.0 ], [ 115.264042729000039, -8.332408096999927, 0.0 ], [ 115.264351545000068, -8.331971261999968, 0.0 ], [ 115.264807999000027, -8.330885597999952, 0.0 ], [ 115.265183718000117, -8.330237820999969, 0.0 ], [ 115.266582654000104, -8.329144060999965, 0.0 ], [ 115.267063890000031, -8.328197849999981, 0.0 ], [ 115.26809805500011, -8.327149950999967, 0.0 ], [ 115.269017789000031, -8.326037054999972, 0.0 ], [ 115.270147557000087, -8.32417728799993, 0.0 ], [ 115.271240378000016, -8.322683757999926, 0.0 ], [ 115.271432448000041, -8.322637887999974, 0.0 ], [ 115.272347004000039, -8.322736369999973, 0.0 ], [ 115.272693083000036, -8.322574645999964, 0.0 ], [ 115.273181960000102, -8.322160049999979, 0.0 ], [ 115.274244174000046, -8.321680649999962, 0.0 ], [ 115.275207585000089, -8.320957892999957, 0.0 ], [ 115.27699072300004, -8.319948263999947, 0.0 ], [ 115.277519081000037, -8.319430251999961, 0.0 ], [ 115.27789048000011, -8.319371648999947, 0.0 ], [ 115.278518578000103, -8.318296905999944, 0.0 ], [ 115.278891348000116, -8.317997071999969, 0.0 ], [ 115.279366450000111, -8.317904624999926, 0.0 ], [ 115.279954608000025, -8.317658026999936, 0.0 ], [ 115.281550324000023, -8.316845684999976, 0.0 ], [ 115.28195323500006, -8.316514505999976, 0.0 ], [ 115.283231411000088, -8.314934475999962, 0.0 ], [ 115.285278496000046, -8.315482318999955, 0.0 ], [ 115.2887901040001, -8.316965686999936, 0.0 ], [ 115.290062138000053, -8.317449004999958, 0.0 ], [ 115.290732806000051, -8.317561123999951, 0.0 ], [ 115.290601542000104, -8.319200242999955, 0.0 ], [ 115.290688707000072, -8.320211941999958, 0.0 ], [ 115.291436584000053, -8.321551188999933, 0.0 ], [ 115.291395699000077, -8.322535005999953, 0.0 ], [ 115.29151080500003, -8.323437494999951, 0.0 ], [ 115.291270204000057, -8.32402867899998, 0.0 ], [ 115.291359880000073, -8.324443504999977, 0.0 ], [ 115.291577233000112, -8.324991101999956, 0.0 ], [ 115.292185846000052, -8.326096156999938, 0.0 ], [ 115.29293494500007, -8.326578161999976, 0.0 ], [ 115.292778715000054, -8.326714156999969, 0.0 ], [ 115.29431098900011, -8.328060065999978, 0.0 ], [ 115.294107009000072, -8.328651407999928, 0.0 ], [ 115.293295837000073, -8.330115952999961, 0.0 ], [ 115.293613586000106, -8.33064079899998, 0.0 ], [ 115.293442013000117, -8.331169042999932, 0.0 ], [ 115.293969182000069, -8.332025656999974, 0.0 ], [ 115.294241760000091, -8.332702411999946, 0.0 ], [ 115.294954255000107, -8.336083397999971, 0.0 ], [ 115.294871176000015, -8.337366043999964, 0.0 ], [ 115.29493500600006, -8.338205708999965, 0.0 ], [ 115.296184302000029, -8.337196594999966, 0.0 ], [ 115.29718316900005, -8.335976853999966, 0.0 ], [ 115.297929697000086, -8.334756027999958, 0.0 ], [ 115.299845837000021, -8.332943887999932, 0.0 ], [ 115.29996342600009, -8.332944391999945, 0.0 ], [ 115.300282608000089, -8.334059942999943, 0.0 ], [ 115.299562477000109, -8.336473534999925, 0.0 ], [ 115.299778756000023, -8.337579761999962, 0.0 ], [ 115.300648666000029, -8.336449720999951, 0.0 ], [ 115.300993732000052, -8.336381488999962, 0.0 ], [ 115.301427827000111, -8.335916703999942, 0.0 ], [ 115.301942932000088, -8.33551530699998, 0.0 ], [ 115.303183034000085, -8.334859648999952, 0.0 ], [ 115.303593317000036, -8.334446571999933, 0.0 ], [ 115.303886245000058, -8.333969205999949, 0.0 ], [ 115.303869390000045, -8.334086036999963, 0.0 ], [ 115.304063235000058, -8.333535322999978, 0.0 ], [ 115.304117424000083, -8.332603788999961, 0.0 ], [ 115.304586049000022, -8.331388517999926, 0.0 ], [ 115.305405140000062, -8.330407927999943, 0.0 ], [ 115.305713442000069, -8.329620445999979, 0.0 ], [ 115.306651406000015, -8.328719577999948, 0.0 ], [ 115.309236609000095, -8.329511563999972, 0.0 ], [ 115.310173852000048, -8.330678610999939, 0.0 ], [ 115.312355063000041, -8.332485341999927, 0.0 ], [ 115.313161939000111, -8.333338203999972, 0.0 ], [ 115.314339106000034, -8.333506296999929, 0.0 ], [ 115.315879516000109, -8.333527327999946, 0.0 ], [ 115.316035307000107, -8.33377704399993, 0.0 ], [ 115.316020336000065, -8.334821285999965, 0.0 ], [ 115.315659262000054, -8.335801420999928, 0.0 ], [ 115.315633971000011, -8.336860449999961, 0.0 ], [ 115.315838059000043, -8.336456131999967, 0.0 ], [ 115.316334856000026, -8.336468580999963, 0.0 ], [ 115.316625054000042, -8.33638732199995, 0.0 ], [ 115.31659705200002, -8.335676457999966, 0.0 ], [ 115.316734481000026, -8.33498684999995, 0.0 ], [ 115.317036620000067, -8.334534868999981, 0.0 ], [ 115.317512052000097, -8.334135852999964, 0.0 ], [ 115.317840321000062, -8.333968758999958, 0.0 ], [ 115.318623694000053, -8.333779278999941, 0.0 ], [ 115.319105848000049, -8.333432595999966, 0.0 ], [ 115.320288998000024, -8.331978702999947, 0.0 ], [ 115.320447792000095, -8.331175797999947, 0.0 ], [ 115.3212821730001, -8.330123353999966, 0.0 ], [ 115.321999042000016, -8.329508316999977, 0.0 ], [ 115.32220742100003, -8.329189876999976, 0.0 ], [ 115.322142225000107, -8.32835317699994, 0.0 ], [ 115.322223829000109, -8.32826636599998, 0.0 ], [ 115.323901674000012, -8.328770489999954, 0.0 ], [ 115.325474188000044, -8.329035375999979, 0.0 ], [ 115.326512583000067, -8.329326125999955, 0.0 ], [ 115.328175755000075, -8.330515783999942, 0.0 ], [ 115.327930919000096, -8.33083878399998, 0.0 ], [ 115.327659968000034, -8.331520491999981, 0.0 ], [ 115.3270578690001, -8.333591660999957, 0.0 ], [ 115.326954931000046, -8.33426529999997, 0.0 ], [ 115.326989069000092, -8.334642301999963, 0.0 ], [ 115.327270337000073, -8.335738507999963, 0.0 ], [ 115.327223792000041, -8.336598684999956, 0.0 ], [ 115.326994404000061, -8.337995547999981, 0.0 ], [ 115.327082136000058, -8.338451954999925, 0.0 ], [ 115.327935321000041, -8.339412525999933, 0.0 ], [ 115.328132880000112, -8.339800066999942, 0.0 ], [ 115.328466492000075, -8.341021183999942, 0.0 ], [ 115.329043167, -8.341758590999973, 0.0 ], [ 115.329246042000022, -8.342158790999974, 0.0 ], [ 115.3295604650001, -8.344049361999964, 0.0 ], [ 115.330508312, -8.34521482699995, 0.0 ], [ 115.330759065000052, -8.345790145999956, 0.0 ], [ 115.330854866000095, -8.346770978999928, 0.0 ], [ 115.330579430000057, -8.347474710999961, 0.0 ], [ 115.330703491, -8.348321279999936, 0.0 ], [ 115.330636042000037, -8.349233741999967, 0.0 ], [ 115.330814292000014, -8.350029755999969, 0.0 ], [ 115.330640591000019, -8.350300136999977, 0.0 ], [ 115.330003550000015, -8.350613747999944, 0.0 ], [ 115.329921356000114, -8.350721844999953, 0.0 ], [ 115.329884605000075, -8.350821098999972, 0.0 ], [ 115.330064968000102, -8.35118762899998, 0.0 ], [ 115.329717028000118, -8.351854905999971, 0.0 ], [ 115.329621015000043, -8.352851965999946, 0.0 ], [ 115.329816272000016, -8.353919164999979, 0.0 ], [ 115.329924445000074, -8.354109398999981, 0.0 ], [ 115.330368207000106, -8.35440045699994, 0.0 ], [ 115.330344024000055, -8.35505944099998, 0.0 ], [ 115.330292382000039, -8.355201418999968, 0.0 ], [ 115.330190228000106, -8.355221301999961, 0.0 ], [ 115.329751722000083, -8.355128040999944, 0.0 ], [ 115.329486213000109, -8.355157390999977, 0.0 ], [ 115.329529078000064, -8.35707722899997, 0.0 ], [ 115.330078136000111, -8.357577234999951, 0.0 ], [ 115.330147766000096, -8.358004118999929, 0.0 ], [ 115.329572633000112, -8.358834557999955, 0.0 ], [ 115.329153674000054, -8.358944515999951, 0.0 ], [ 115.328653624000026, -8.359860007999941, 0.0 ], [ 115.327727705000029, -8.360091538999939, 0.0 ], [ 115.327359637000086, -8.360653624999941, 0.0 ], [ 115.326402239000117, -8.361541411999951, 0.0 ], [ 115.326258850000045, -8.362208564999946, 0.0 ], [ 115.325975970000059, -8.362402825999936, 0.0 ], [ 115.32547686700002, -8.36251598399997, 0.0 ], [ 115.3254558000001, -8.362731398999927, 0.0 ], [ 115.325710436, -8.363253700999962, 0.0 ], [ 115.325692050000043, -8.363688349999961, 0.0 ], [ 115.325047333000043, -8.366150495999932, 0.0 ], [ 115.324741617000086, -8.366895215999932, 0.0 ], [ 115.325272924000046, -8.367200418999971, 0.0 ], [ 115.32729762800011, -8.367975469999976, 0.0 ], [ 115.33090917100003, -8.368643483999961, 0.0 ], [ 115.332653844000106, -8.368836132999945, 0.0 ], [ 115.3345146260001, -8.36939463899995, 0.0 ], [ 115.336445415000071, -8.369482006999931, 0.0 ], [ 115.336291408000079, -8.370985255999926, 0.0 ], [ 115.335882720000086, -8.372657970999967, 0.0 ], [ 115.335809635000032, -8.373352275999935, 0.0 ], [ 115.335846178000111, -8.373912591999954, 0.0 ], [ 115.335675647000016, -8.37421711199994, 0.0 ], [ 115.335752305000028, -8.374766514999976, 0.0 ], [ 115.33440379700005, -8.376298467999959, 0.0 ], [ 115.333391575000064, -8.377588511999932, 0.0 ], [ 115.3336687850001, -8.378557031999947, 0.0 ], [ 115.334725805000062, -8.380223815999955, 0.0 ], [ 115.334684121, -8.380447534999973, 0.0 ], [ 115.334131547000084, -8.38136971299997, 0.0 ], [ 115.334324429000048, -8.381701573999976, 0.0 ], [ 115.334964408000019, -8.382206280999981, 0.0 ], [ 115.335696321000114, -8.382566162999979, 0.0 ], [ 115.33681483600003, -8.382570879999946, 0.0 ], [ 115.336805180000056, -8.384849504999977, 0.0 ], [ 115.335668876000113, -8.388131544999965, 0.0 ], [ 115.33535486400001, -8.389638834999971, 0.0 ], [ 115.334663378000073, -8.391238934999933, 0.0 ], [ 115.334000033000052, -8.393174031999934, 0.0 ], [ 115.333756090000065, -8.393714072999956, 0.0 ], [ 115.332862960000057, -8.395017462999931, 0.0 ], [ 115.332729603000075, -8.395577927999966, 0.0 ], [ 115.332540019000021, -8.397495194999976, 0.0 ], [ 115.332416857000112, -8.398045710999952, 0.0 ], [ 115.331837485000051, -8.399361511999928, 0.0 ], [ 115.331466607000038, -8.401303560999963, 0.0 ], [ 115.33065032200011, -8.403339093999932, 0.0 ], [ 115.330556258000115, -8.404140205999965, 0.0 ], [ 115.330574130000059, -8.404705426999953, 0.0 ], [ 115.330775391000088, -8.405836290999957, 0.0 ], [ 115.330722936000029, -8.405979291999927, 0.0 ], [ 115.331172803000072, -8.40719573399997, 0.0 ], [ 115.331315478000079, -8.40828087899996, 0.0 ], [ 115.331203129000073, -8.408671124999955, 0.0 ], [ 115.330571164000048, -8.409104767999963, 0.0 ], [ 115.330921584000066, -8.410550164999961, 0.0 ], [ 115.331018542000038, -8.411412171999928, 0.0 ], [ 115.331016140000088, -8.411973190999959, 0.0 ], [ 115.330840918000035, -8.41292429899994, 0.0 ], [ 115.33106994100001, -8.41364224199998, 0.0 ], [ 115.330847544000108, -8.413831653999978, 0.0 ], [ 115.329707518000077, -8.414347823999947, 0.0 ], [ 115.329393918000051, -8.414667016999942, 0.0 ], [ 115.329129290000083, -8.415327140999977, 0.0 ], [ 115.329036633000101, -8.415797612999938, 0.0 ], [ 115.329052021000052, -8.416683753999962, 0.0 ], [ 115.328806978000102, -8.417444054999976, 0.0 ], [ 115.327762086, -8.419078506999938, 0.0 ], [ 115.327317377000099, -8.419457350999949, 0.0 ], [ 115.327305865000085, -8.419777852999971, 0.0 ], [ 115.327476343000058, -8.419958968999936, 0.0 ], [ 115.327544436000039, -8.420520284999952, 0.0 ], [ 115.32695728300007, -8.421239118999949, 0.0 ], [ 115.326222955000048, -8.42149472899996, 0.0 ], [ 115.32552372300006, -8.423563575999935, 0.0 ], [ 115.32411120900008, -8.425674476999973, 0.0 ], [ 115.323300329000062, -8.426487605999966, 0.0 ], [ 115.323038514000018, -8.426858102999972, 0.0 ], [ 115.322668263000082, -8.428725682999925, 0.0 ], [ 115.321896350000088, -8.429591637999977, 0.0 ], [ 115.320940380000025, -8.430022552999958, 0.0 ], [ 115.320437688000084, -8.430471340999929, 0.0 ], [ 115.319793280000113, -8.430547646999969, 0.0 ], [ 115.319681622000076, -8.430634131999966, 0.0 ], [ 115.319122192, -8.431319876999964, 0.0 ], [ 115.318957016000013, -8.432170419999977, 0.0 ], [ 115.318694161000053, -8.432303704999981, 0.0 ], [ 115.318049476000056, -8.432443396999929, 0.0 ], [ 115.31792973000006, -8.432561461999967, 0.0 ], [ 115.317463893000081, -8.43366690299996, 0.0 ], [ 115.318078632000038, -8.435138002999963, 0.0 ], [ 115.3180251120001, -8.436498221999955, 0.0 ], [ 115.318435020000038, -8.437306851999949, 0.0 ], [ 115.318673326000066, -8.43757377999998, 0.0 ], [ 115.318737107000061, -8.43813152499996, 0.0 ], [ 115.318340961000104, -8.439051405999976, 0.0 ], [ 115.3185802590001, -8.439242354999976, 0.0 ], [ 115.319477557000027, -8.439402586999961, 0.0 ], [ 115.321032089000028, -8.440381163999973, 0.0 ], [ 115.32087402500008, -8.442017803999931, 0.0 ], [ 115.321151968000095, -8.442098065999971, 0.0 ], [ 115.3214867800001, -8.441885895999974, 0.0 ], [ 115.321754952000106, -8.442393324999955, 0.0 ], [ 115.321317324, -8.442639656999972, 0.0 ], [ 115.320704838000097, -8.443982949999963, 0.0 ], [ 115.320719567000083, -8.444402069999967, 0.0 ], [ 115.320956210000077, -8.444822374999944, 0.0 ], [ 115.321774254000047, -8.445559276999973, 0.0 ], [ 115.322391775000028, -8.44729397499998, 0.0 ], [ 115.32246357300005, -8.447719583999969, 0.0 ], [ 115.323752609000053, -8.449130564999962, 0.0 ], [ 115.323951308, -8.449548313999969, 0.0 ], [ 115.32407700400006, -8.450281471999972, 0.0 ], [ 115.32471828100006, -8.451711311999929, 0.0 ], [ 115.324747558000013, -8.452175863999969, 0.0 ], [ 115.324570817000108, -8.453296877999946, 0.0 ], [ 115.32426410100004, -8.454074564999928, 0.0 ], [ 115.32368206700005, -8.454893279999965, 0.0 ], [ 115.323658920000071, -8.455356408999933, 0.0 ], [ 115.32376269100007, -8.455971746999978, 0.0 ], [ 115.323887053000021, -8.456650804999981, 0.0 ], [ 115.324676126000099, -8.457313013999965, 0.0 ], [ 115.324875528, -8.458297705999939, 0.0 ], [ 115.324830587000065, -8.458533718999945, 0.0 ], [ 115.324955861000035, -8.459385057999953, 0.0 ], [ 115.325637849000032, -8.461479009999948, 0.0 ], [ 115.326365091000071, -8.463137554999946, 0.0 ], [ 115.326990881000029, -8.464916209999956, 0.0 ], [ 115.326988345000018, -8.465503372999933, 0.0 ], [ 115.325525366000079, -8.467295365999973, 0.0 ], [ 115.325307737000117, -8.467666776999977, 0.0 ], [ 115.324659930000053, -8.471001144999946, 0.0 ], [ 115.324730352000074, -8.471359428999961, 0.0 ], [ 115.325620878000109, -8.472216446999937, 0.0 ], [ 115.325992070000098, -8.472919793999949, 0.0 ], [ 115.326622014, -8.473738831999981, 0.0 ], [ 115.326518376000081, -8.474397216999932, 0.0 ], [ 115.3266141470001, -8.475557858999935, 0.0 ], [ 115.327410151000095, -8.476896199999942, 0.0 ], [ 115.327568697000061, -8.477833746999977, 0.0 ], [ 115.327517621000084, -8.479666796999936, 0.0 ], [ 115.327379071000109, -8.480231002999972, 0.0 ], [ 115.327009499000042, -8.48062413599996, 0.0 ], [ 115.326993854000079, -8.48081906799996, 0.0 ], [ 115.327306213000043, -8.483161236999933, 0.0 ], [ 115.327396367, -8.484315462999973, 0.0 ], [ 115.327336157000104, -8.484902376999969, 0.0 ], [ 115.327202105000083, -8.485497962999943, 0.0 ], [ 115.32687691700005, -8.48635061799996, 0.0 ], [ 115.326446235000049, -8.487141875999953, 0.0 ], [ 115.325186067000118, -8.488883744999953, 0.0 ], [ 115.324616130000095, -8.489319250999927, 0.0 ], [ 115.324387865000062, -8.490341236999939, 0.0 ], [ 115.324099301000047, -8.490468813999939, 0.0 ], [ 115.323983467000062, -8.490611620999971, 0.0 ], [ 115.324183518000041, -8.49097046299994, 0.0 ], [ 115.324444763000088, -8.491196278999951, 0.0 ], [ 115.324873920000073, -8.491828354999939, 0.0 ], [ 115.326266460000056, -8.492765259999942, 0.0 ], [ 115.326767909000068, -8.49335470699998, 0.0 ], [ 115.327394617000095, -8.494932784999946, 0.0 ], [ 115.3276329790001, -8.496346459999927, 0.0 ], [ 115.327409058000057, -8.498193127999969, 0.0 ], [ 115.32762273700007, -8.498709689999941, 0.0 ], [ 115.327938266000046, -8.499011737999979, 0.0 ], [ 115.328542651000021, -8.499085983999976, 0.0 ], [ 115.328642516000059, -8.499301216999982, 0.0 ], [ 115.328749741000024, -8.500191611999981, 0.0 ], [ 115.329050263000113, -8.500878125999975, 0.0 ], [ 115.329046943000094, -8.501644576999979, 0.0 ], [ 115.329313548000073, -8.502098608999972, 0.0 ], [ 115.329462726000088, -8.50272145799994, 0.0 ], [ 115.329378405000057, -8.503348155999959, 0.0 ], [ 115.329622393000022, -8.503604636999967, 0.0 ], [ 115.329595638000114, -8.504394236999929, 0.0 ], [ 115.329921127000034, -8.504709116999948, 0.0 ], [ 115.329462798, -8.505415596999967, 0.0 ], [ 115.329344284000058, -8.505839004999928, 0.0 ], [ 115.329305489000035, -8.506698253999957, 0.0 ], [ 115.329545446000111, -8.507883715999981, 0.0 ], [ 115.329708081000035, -8.508081837999953, 0.0 ], [ 115.330513179000036, -8.508201449999945, 0.0 ], [ 115.331563777000042, -8.508229213999925, 0.0 ], [ 115.33186533300011, -8.508683369999972, 0.0 ], [ 115.331933037000113, -8.508948774999965, 0.0 ], [ 115.332006033000084, -8.509347715999979, 0.0 ], [ 115.331905633000019, -8.509620179999956, 0.0 ], [ 115.331344621000085, -8.509768740999959, 0.0 ], [ 115.330807495000045, -8.509789665999961, 0.0 ], [ 115.330479460000106, -8.510032158999934, 0.0 ], [ 115.330106072000035, -8.509995639999943, 0.0 ], [ 115.329404171000078, -8.510317785999973, 0.0 ], [ 115.329310040000109, -8.51049155499993, 0.0 ], [ 115.329236499000103, -8.511304182999936, 0.0 ], [ 115.328861195000059, -8.511685747999934, 0.0 ], [ 115.328813852000053, -8.511836614999936, 0.0 ], [ 115.329151955000043, -8.512656853999943, 0.0 ], [ 115.328929257000027, -8.512865009999928, 0.0 ], [ 115.328951559000075, -8.513108974999966, 0.0 ], [ 115.329056294000111, -8.513190690999977, 0.0 ], [ 115.329663112000048, -8.513239778999946, 0.0 ], [ 115.330571225000085, -8.513835946999961, 0.0 ], [ 115.331366752, -8.514814764999926, 0.0 ], [ 115.331725457000061, -8.515514829999972, 0.0 ], [ 115.331851179000068, -8.515463434999958, 0.0 ], [ 115.332721910000032, -8.515693003999957, 0.0 ], [ 115.333956596, -8.515853480999965, 0.0 ], [ 115.334685104000073, -8.516133932999935, 0.0 ], [ 115.334431261000077, -8.517007933999935, 0.0 ], [ 115.334387914000104, -8.51781886699996, 0.0 ], [ 115.334632028000101, -8.518123376999938, 0.0 ], [ 115.334676787000035, -8.51849935499996, 0.0 ], [ 115.334966152000106, -8.519032403999972, 0.0 ], [ 115.334390374, -8.520329103999927, 0.0 ], [ 115.33445981300008, -8.521256802999972, 0.0 ], [ 115.335967357000072, -8.522239316999958, 0.0 ], [ 115.336204250000037, -8.522642624999946, 0.0 ], [ 115.336363747000064, -8.523723941999947, 0.0 ], [ 115.336352686000055, -8.523640976999957, 0.0 ], [ 115.336852566000061, -8.523643118999928, 0.0 ], [ 115.338620693000053, -8.523791158999927, 0.0 ], [ 115.340231286000062, -8.52283171299996, 0.0 ], [ 115.340509974000042, -8.523407354999961, 0.0 ], [ 115.340940518000025, -8.523692040999947, 0.0 ], [ 115.341286048000029, -8.524154450999958, 0.0 ], [ 115.341875760000107, -8.524564496999972, 0.0 ], [ 115.342526323000016, -8.524849867999933, 0.0 ], [ 115.344331284000077, -8.524857570999927, 0.0 ], [ 115.345426885000052, -8.52465884999998, 0.0 ], [ 115.346815369000069, -8.525350698999944, 0.0 ], [ 115.347712335000097, -8.524843806999968, 0.0 ], [ 115.34815887100001, -8.524280809999937, 0.0 ], [ 115.348679767000021, -8.523292053999967, 0.0 ], [ 115.352392540000096, -8.522282959999927, 0.0 ], [ 115.353001707000089, -8.52173245299997, 0.0 ], [ 115.353939146000016, -8.521443802999954, 0.0 ], [ 115.354421909000052, -8.521207989999937, 0.0 ], [ 115.357626214000106, -8.520943172999978, 0.0 ], [ 115.35754715600001, -8.520716113999981, 0.0 ], [ 115.357557851000024, -8.520302056999981, 0.0 ], [ 115.357239236000055, -8.519644552999978, 0.0 ], [ 115.357513188000098, -8.518897962999972, 0.0 ], [ 115.357599782000079, -8.518427241999973, 0.0 ], [ 115.357428182000035, -8.518005903999949, 0.0 ], [ 115.357160550000117, -8.51651979899998, 0.0 ], [ 115.356554695000113, -8.515184291999958, 0.0 ], [ 115.356295976000069, -8.515088008999953, 0.0 ], [ 115.355990727000062, -8.515232071999947, 0.0 ], [ 115.355702816000075, -8.515254462999962, 0.0 ], [ 115.355475117000083, -8.515073486999938, 0.0 ], [ 115.355260081000097, -8.514706651999973, 0.0 ], [ 115.35513611500005, -8.514356109999937, 0.0 ], [ 115.355227157000058, -8.513881381999965, 0.0 ], [ 115.35576014600008, -8.513443936999977, 0.0 ], [ 115.35576763600011, -8.513073623999958, 0.0 ], [ 115.35549383700004, -8.512570793999942, 0.0 ], [ 115.35509692200003, -8.512278065999965, 0.0 ], [ 115.354030710000075, -8.511819096999943, 0.0 ], [ 115.354040684000097, -8.511568302999933, 0.0 ], [ 115.354417759000057, -8.510785674999966, 0.0 ], [ 115.354421823000052, -8.510528953999938, 0.0 ], [ 115.353582231000019, -8.510179094999955, 0.0 ], [ 115.353416535000065, -8.509981701999948, 0.0 ], [ 115.35339839300002, -8.50984290699995, 0.0 ], [ 115.353521921000038, -8.509677795999949, 0.0 ], [ 115.35423709500003, -8.509457751999946, 0.0 ], [ 115.354448089000016, -8.509284727999955, 0.0 ], [ 115.354230925000024, -8.508952540999928, 0.0 ], [ 115.354679222000073, -8.508462625999925, 0.0 ], [ 115.35469485100009, -8.50829934099994, 0.0 ], [ 115.354177083000081, -8.507830745999968, 0.0 ], [ 115.354159340000024, -8.507615345999966, 0.0 ], [ 115.35423081600004, -8.507485709999969, 0.0 ], [ 115.354710883000052, -8.506953138999961, 0.0 ], [ 115.355693404000021, -8.506764242999964, 0.0 ], [ 115.356117697000059, -8.506590389999928, 0.0 ], [ 115.356197540000039, -8.506291186999931, 0.0 ], [ 115.356176770000047, -8.505620202999978, 0.0 ], [ 115.356731078000053, -8.505216211999937, 0.0 ], [ 115.356546618000039, -8.504864724999948, 0.0 ], [ 115.356052789000046, -8.504596959999958, 0.0 ], [ 115.355943621000051, -8.504403750999927, 0.0 ], [ 115.355994134000071, -8.504226844999948, 0.0 ], [ 115.356104619, -8.504165951999937, 0.0 ], [ 115.356523089, -8.50429534899996, 0.0 ], [ 115.356740831000025, -8.504207709999946, 0.0 ], [ 115.356997111000055, -8.50368003899996, 0.0 ], [ 115.357056257000067, -8.503329139999948, 0.0 ], [ 115.356981188000077, -8.503123051999978, 0.0 ], [ 115.356642449000105, -8.502720497999974, 0.0 ], [ 115.356717800000069, -8.502250282999967, 0.0 ], [ 115.356597291000071, -8.501645484999926, 0.0 ], [ 115.356772923000108, -8.500378459999979, 0.0 ], [ 115.356668211000056, -8.500061946999949, 0.0 ], [ 115.356241441000066, -8.499658612999951, 0.0 ], [ 115.356251671000109, -8.499506184999973, 0.0 ], [ 115.356502213000113, -8.499164178999933, 0.0 ], [ 115.356954056000063, -8.498794433999933, 0.0 ], [ 115.356861259000084, -8.498088855999981, 0.0 ], [ 115.356970047000118, -8.49728883399996, 0.0 ], [ 115.357387832000086, -8.496340962999966, 0.0 ], [ 115.357734576000098, -8.495904066999969, 0.0 ], [ 115.357774598000105, -8.495503994999979, 0.0 ], [ 115.357613646000118, -8.495055427999944, 0.0 ], [ 115.357615794000026, -8.494550370999946, 0.0 ], [ 115.358079440000097, -8.493656547999933, 0.0 ], [ 115.358151294000095, -8.492706660999943, 0.0 ], [ 115.358248309000032, -8.492421182999976, 0.0 ], [ 115.358517922000033, -8.492098314999964, 0.0 ], [ 115.35956593100002, -8.491206949999935, 0.0 ], [ 115.360341413000015, -8.491324568999971, 0.0 ], [ 115.360887788000014, -8.491250630999957, 0.0 ], [ 115.361041591000117, -8.491127393999932, 0.0 ], [ 115.362307807000093, -8.489231380999968, 0.0 ], [ 115.362635136000108, -8.488851573999966, 0.0 ], [ 115.362933079000072, -8.488624114999936, 0.0 ], [ 115.363547235000055, -8.488378925999939, 0.0 ], [ 115.363643799000101, -8.488198268999952, 0.0 ], [ 115.363665906000051, -8.487502702999961, 0.0 ], [ 115.363281616000108, -8.485925881999947, 0.0 ], [ 115.363605928000084, -8.485161655999946, 0.0 ], [ 115.363700959000084, -8.483970411999962, 0.0 ], [ 115.363846307000017, -8.483580308999933, 0.0 ], [ 115.364278640000066, -8.483452480999972, 0.0 ], [ 115.364460573000088, -8.483472302999928, 0.0 ], [ 115.36480459500001, -8.483673866999936, 0.0 ], [ 115.365130384000054, -8.483656173999975, 0.0 ], [ 115.365284384, -8.483485286999951, 0.0 ], [ 115.365384769000116, -8.482836437999936, 0.0 ], [ 115.365487702000109, -8.482666050999967, 0.0 ], [ 115.366004692000047, -8.482233034999979, 0.0 ], [ 115.366495289000113, -8.481585767999945, 0.0 ], [ 115.366652095000063, -8.48124478699998, 0.0 ], [ 115.366630260000079, -8.480996111999957, 0.0 ], [ 115.366715500000055, -8.480752930999927, 0.0 ], [ 115.367349858000011, -8.480732294999939, 0.0 ], [ 115.367590434000022, -8.480476002999978, 0.0 ], [ 115.367813340000112, -8.479867040999977, 0.0 ], [ 115.367730623000057, -8.479037619999929, 0.0 ], [ 115.367999212000086, -8.478952977999938, 0.0 ], [ 115.368447764000052, -8.479355096999939, 0.0 ], [ 115.368687535000049, -8.479289390999952, 0.0 ], [ 115.368764735000013, -8.479156299999943, 0.0 ], [ 115.368748991000075, -8.478346218999945, 0.0 ], [ 115.368654562000074, -8.478021816999956, 0.0 ], [ 115.368111543000055, -8.477304825999965, 0.0 ], [ 115.368083608, -8.477114117999974, 0.0 ], [ 115.368265307000115, -8.476696579999953, 0.0 ], [ 115.368179976000079, -8.476486572999931, 0.0 ], [ 115.367826378000018, -8.476284971999974, 0.0 ], [ 115.367424160000041, -8.476254701999949, 0.0 ], [ 115.367165955000019, -8.476148794999972, 0.0 ], [ 115.366287458000102, -8.475478048999946, 0.0 ], [ 115.36628814200003, -8.475316047999968, 0.0 ], [ 115.366693001000044, -8.47511159499993, 0.0 ], [ 115.367272273000026, -8.475179109999942, 0.0 ], [ 115.367459655000062, -8.475077605999957, 0.0 ], [ 115.36769687200001, -8.474241700999926, 0.0 ], [ 115.367875887000082, -8.473907690999965, 0.0 ], [ 115.368832388000101, -8.47318637799998, 0.0 ], [ 115.369039404000091, -8.472861783999974, 0.0 ], [ 115.369257256000083, -8.472183876999964, 0.0 ], [ 115.369523894000054, -8.470847624999976, 0.0 ], [ 115.369951595000089, -8.470324779999942, 0.0 ], [ 115.37012568800003, -8.470253966999962, 0.0 ], [ 115.37061514800007, -8.47027425999994, 0.0 ], [ 115.370934799000111, -8.469838546999938, 0.0 ], [ 115.371038677000115, -8.469587910999962, 0.0 ], [ 115.371175133000065, -8.468258741999932, 0.0 ], [ 115.371288475000028, -8.467980247999947, 0.0 ], [ 115.37150452000003, -8.467730079999967, 0.0 ], [ 115.371562441000037, -8.467293273999928, 0.0 ], [ 115.371797735000087, -8.46706579399995, 0.0 ], [ 115.372677050000107, -8.466911375999928, 0.0 ], [ 115.372771070000113, -8.466781582999943, 0.0 ], [ 115.372973106000018, -8.465415489999941, 0.0 ], [ 115.373067477000063, -8.465202008999938, 0.0 ], [ 115.373460316000092, -8.465095359999964, 0.0 ], [ 115.373563821000062, -8.464980901999979, 0.0 ], [ 115.373887540000055, -8.463963067999941, 0.0 ], [ 115.374197600000116, -8.463583102999962, 0.0 ], [ 115.374293219000037, -8.463072061999981, 0.0 ], [ 115.374647167000035, -8.463283922999949, 0.0 ], [ 115.374815340000055, -8.463303220999933, 0.0 ], [ 115.374965052000107, -8.463266647999944, 0.0 ], [ 115.375040376000015, -8.463136776999931, 0.0 ], [ 115.374949399000116, -8.462541269999974, 0.0 ], [ 115.375225655, -8.461305664999941, 0.0 ], [ 115.375901148000025, -8.460713343999942, 0.0 ], [ 115.383065076000094, -8.461747206999974, 0.0 ], [ 115.383944319000079, -8.46180697799997, 0.0 ], [ 115.383959763, -8.462248195999962, 0.0 ], [ 115.384274384000037, -8.46306197499996, 0.0 ], [ 115.384133795000025, -8.463845112999934, 0.0 ], [ 115.384570955000072, -8.464738489999945, 0.0 ], [ 115.384659664000083, -8.46621836099996, 0.0 ], [ 115.384759591000034, -8.466520757999945, 0.0 ], [ 115.384838555000101, -8.466650504999961, 0.0 ], [ 115.385184668000079, -8.466846066999949, 0.0 ], [ 115.38571201000002, -8.46696340799997, 0.0 ], [ 115.385789638, -8.466693138999972, 0.0 ], [ 115.38617333500008, -8.46640722199993, 0.0 ], [ 115.386931315000083, -8.466055202999939, 0.0 ], [ 115.387114857000029, -8.46551715399994, 0.0 ], [ 115.387159398000108, -8.465026893999948, 0.0 ], [ 115.387262138000096, -8.464849742999945, 0.0 ], [ 115.388130683000099, -8.464481264999961, 0.0 ], [ 115.388369456000078, -8.464296217999959, 0.0 ], [ 115.388600045000089, -8.464035034999938, 0.0 ], [ 115.388669275000098, -8.463739361999956, 0.0 ], [ 115.389146872000083, -8.463453239999978, 0.0 ], [ 115.390243820000023, -8.461904763999939, 0.0 ], [ 115.390661826000041, -8.461542877999932, 0.0 ], [ 115.391265039000018, -8.461613008999961, 0.0 ], [ 115.39150363300007, -8.461470238999937, 0.0 ], [ 115.392666879000103, -8.459724639999934, 0.0 ], [ 115.393305141000042, -8.459541230999946, 0.0 ], [ 115.394059165000044, -8.45884016399998, 0.0 ], [ 115.394362319000038, -8.45931989099995, 0.0 ], [ 115.395264272000077, -8.460334449999948, 0.0 ], [ 115.396429804000036, -8.461143263999929, 0.0 ], [ 115.398529467000117, -8.46204051999996, 0.0 ], [ 115.399363086000108, -8.462266517999979, 0.0 ], [ 115.400695325000015, -8.462934477999966, 0.0 ], [ 115.401070008000033, -8.462635773999978, 0.0 ], [ 115.402116369000055, -8.462163559999965, 0.0 ], [ 115.402967240000066, -8.462126654999963, 0.0 ], [ 115.40310502400007, -8.462034609999932, 0.0 ], [ 115.403170405000083, -8.461919491999936, 0.0 ], [ 115.403151749000017, -8.461642360999974, 0.0 ], [ 115.402928284000041, -8.461292618999948, 0.0 ], [ 115.4026980430001, -8.461181465999971, 0.0 ], [ 115.40203434600005, -8.461143290999928, 0.0 ], [ 115.401925087000109, -8.461074604999965, 0.0 ], [ 115.401885309000022, -8.460735504999946, 0.0 ], [ 115.401907167000104, -8.460528894999982, 0.0 ], [ 115.402339895000068, -8.459911803999944, 0.0 ], [ 115.402417472000025, -8.459684073999938, 0.0 ], [ 115.4021841980001, -8.459105935999958, 0.0 ], [ 115.402531310000086, -8.458553199999926, 0.0 ], [ 115.402435697000101, -8.458229974999938, 0.0 ], [ 115.402571435000027, -8.457668652999928, 0.0 ], [ 115.402312416000086, -8.45741869699998, 0.0 ], [ 115.402452857000071, -8.456478986999969, 0.0 ], [ 115.402281733000109, -8.456478986999969, 0.0 ], [ 115.402224993000118, -8.455821326999967, 0.0 ], [ 115.402270310000063, -8.455028078999931, 0.0 ], [ 115.402639713000099, -8.454437614999961, 0.0 ], [ 115.403253795000069, -8.45439649399998, 0.0 ], [ 115.403734772, -8.454652850999935, 0.0 ], [ 115.403953978000118, -8.454704546999949, 0.0 ], [ 115.404056399000069, -8.45461770999998, 0.0 ], [ 115.404064320000089, -8.45445777599997, 0.0 ], [ 115.403948480000054, -8.454275620999965, 0.0 ], [ 115.403372597000043, -8.453859103999946, 0.0 ], [ 115.40304573100002, -8.453402689999962, 0.0 ], [ 115.402973857, -8.453126090999945, 0.0 ], [ 115.403105981000067, -8.452974031999929, 0.0 ], [ 115.403836940000019, -8.45295529699996, 0.0 ], [ 115.403903017000061, -8.452875485999925, 0.0 ], [ 115.403808823000077, -8.452635249999958, 0.0 ], [ 115.403451967000024, -8.452314054999931, 0.0 ], [ 115.403594277000025, -8.451544081999941, 0.0 ], [ 115.403769767000085, -8.451443194999968, 0.0 ], [ 115.404010759000016, -8.45149497899996, 0.0 ], [ 115.404280258000085, -8.45177238399998, 0.0 ], [ 115.404520569000056, -8.451896876999967, 0.0 ], [ 115.404893744000105, -8.451782057999935, 0.0 ], [ 115.405157087000021, -8.451790499999959, 0.0 ], [ 115.405368437000106, -8.451892963999967, 0.0 ], [ 115.405602496000029, -8.451864831999956, 0.0 ], [ 115.405671511000037, -8.451535096999976, 0.0 ], [ 115.405489869, -8.451272787999926, 0.0 ], [ 115.405391033000114, -8.450487288999966, 0.0 ], [ 115.406787799000085, -8.450209494999967, 0.0 ], [ 115.408189305000064, -8.448775688999945, 0.0 ], [ 115.408553880000113, -8.44814699899996, 0.0 ], [ 115.408737715000029, -8.447501479999971, 0.0 ], [ 115.408579545000066, -8.446082076999971, 0.0 ], [ 115.408804474000021, -8.445669209999949, 0.0 ], [ 115.408972528000049, -8.444769811999947, 0.0 ], [ 115.409162477000109, -8.444590644999948, 0.0 ], [ 115.409667279000018, -8.44378839999996, 0.0 ], [ 115.410117611000032, -8.443498796999961, 0.0 ], [ 115.410294319000059, -8.443285836999962, 0.0 ], [ 115.410373649, -8.442955753999968, 0.0 ], [ 115.410537121000061, -8.442801103999955, 0.0 ], [ 115.411266287000103, -8.442842840999958, 0.0 ], [ 115.411481294000055, -8.442798339999968, 0.0 ], [ 115.411553462000029, -8.44263032799995, 0.0 ], [ 115.411569111000063, -8.442168716999959, 0.0 ], [ 115.411495536000075, -8.441933024999969, 0.0 ], [ 115.410635023000054, -8.441668740999944, 0.0 ], [ 115.410487089000071, -8.441202393999959, 0.0 ], [ 115.410656649000089, -8.440960901999972, 0.0 ], [ 115.411594974000081, -8.440517572999966, 0.0 ], [ 115.411842271000069, -8.439586887999951, 0.0 ], [ 115.412363083000059, -8.438792070999966, 0.0 ], [ 115.412993280000023, -8.438823900999978, 0.0 ], [ 115.41311845700011, -8.43868576999995, 0.0 ], [ 115.413173099, -8.437847762999979, 0.0 ], [ 115.412802814000088, -8.43753951399998, 0.0 ], [ 115.412165679000054, -8.437522197999954, 0.0 ], [ 115.411795387000097, -8.437402806999955, 0.0 ], [ 115.41154451500006, -8.437151078999932, 0.0 ], [ 115.411102803000063, -8.436456291999946, 0.0 ], [ 115.411059166000086, -8.436190666999948, 0.0 ], [ 115.411267384000098, -8.436029410999936, 0.0 ], [ 115.411593614000026, -8.43598652299994, 0.0 ], [ 115.412230948000115, -8.436048049999954, 0.0 ], [ 115.412542934000044, -8.43584280999994, 0.0 ], [ 115.412770694000073, -8.434546154999964, 0.0 ], [ 115.413409569, -8.434135927999932, 0.0 ], [ 115.414254395000057, -8.434213025999952, 0.0 ], [ 115.414447343, -8.434140123999953, 0.0 ], [ 115.414524743000015, -8.433344283999929, 0.0 ], [ 115.414350610000042, -8.432458814999961, 0.0 ], [ 115.413986919000081, -8.431565405999947, 0.0 ], [ 115.414106880000077, -8.430268118999948, 0.0 ], [ 115.413941198000089, -8.429935298999965, 0.0 ], [ 115.413401603000011, -8.429247875999977, 0.0 ], [ 115.4133503380001, -8.428977759999952, 0.0 ], [ 115.413571644000058, -8.428511355999944, 0.0 ], [ 115.413843535000069, -8.428294511999979, 0.0 ], [ 115.414170400000103, -8.427813021999953, 0.0 ], [ 115.414223779000054, -8.427470616999926, 0.0 ], [ 115.414706695000064, -8.426776853999968, 0.0 ], [ 115.414499647000071, -8.42637115499997, 0.0 ], [ 115.414532554000061, -8.425987171999964, 0.0 ], [ 115.414826804000086, -8.425535409999952, 0.0 ], [ 115.414817285000026, -8.425244715999952, 0.0 ], [ 115.414693438000086, -8.424963835999961, 0.0 ], [ 115.414151900000093, -8.424660522999943, 0.0 ], [ 115.414142764000076, -8.424369829999932, 0.0 ], [ 115.414505800000029, -8.422326038999927, 0.0 ], [ 115.414866533, -8.421034569999961, 0.0 ], [ 115.414857396000116, -8.420743682999955, 0.0 ], [ 115.414649546000078, -8.420535371999961, 0.0 ], [ 115.413731950000056, -8.42031352999993, 0.0 ], [ 115.413256217000026, -8.419152280999981, 0.0 ], [ 115.413153984000019, -8.418539144999954, 0.0 ], [ 115.413241072, -8.417709023999976, 0.0 ], [ 115.414117138000051, -8.413012230999925, 0.0 ], [ 115.41432893800004, -8.412342577999937, 0.0 ], [ 115.415052916000036, -8.411390344999973, 0.0 ], [ 115.415106881000042, -8.410902515999965, 0.0 ], [ 115.414986116000023, -8.409863888999951, 0.0 ], [ 115.415248051000049, -8.409553539999933, 0.0 ], [ 115.415821035000022, -8.409168241999964, 0.0 ], [ 115.416021927000088, -8.408830112999965, 0.0 ], [ 115.416035484000076, -8.408409404999929, 0.0 ], [ 115.415848717000017, -8.408093176999955, 0.0 ], [ 115.415473617000089, -8.40784618899994, 0.0 ], [ 115.415300313000103, -8.407132519999948, 0.0 ], [ 115.415502156000116, -8.406654204999938, 0.0 ], [ 115.41553189800004, -8.404883240999936, 0.0 ], [ 115.415851122000049, -8.404300109999951, 0.0 ], [ 115.416217026000027, -8.403892646999964, 0.0 ], [ 115.41624252500003, -8.403448523999941, 0.0 ], [ 115.415693550000015, -8.401876110999979, 0.0 ], [ 115.415719123000031, -8.401225677999946, 0.0 ], [ 115.4155884810001, -8.400830565999968, 0.0 ], [ 115.415339348000089, -8.400342679999937, 0.0 ], [ 115.415036502000021, -8.399999420999961, 0.0 ], [ 115.414178901000014, -8.399509278999972, 0.0 ], [ 115.413982034000014, -8.399140074999934, 0.0 ], [ 115.413374956000098, -8.398795589999963, 0.0 ], [ 115.412950522000074, -8.399122734999935, 0.0 ], [ 115.41260632500007, -8.399174087999938, 0.0 ], [ 115.412024986, -8.399079641999947, 0.0 ], [ 115.412042536000058, -8.398053593999975, 0.0 ], [ 115.410879802000068, -8.397504045999938, 0.0 ], [ 115.410510574000114, -8.397226248999971, 0.0 ], [ 115.409627741, -8.396083717999943, 0.0 ], [ 115.408822472000111, -8.395698871999969, 0.0 ], [ 115.408691411000063, -8.395408849999967, 0.0 ], [ 115.408827509000048, -8.394462199999964, 0.0 ], [ 115.408222487000103, -8.393709945999944, 0.0 ], [ 115.407596629000068, -8.391412033999927, 0.0 ], [ 115.406863227000031, -8.389619958999958, 0.0 ], [ 115.406759206000061, -8.389072741999939, 0.0 ], [ 115.406670683000016, -8.388098814999978, 0.0 ], [ 115.406715469, -8.386862303999976, 0.0 ], [ 115.406795976000012, -8.386520590999964, 0.0 ], [ 115.406956413000103, -8.386166208999953, 0.0 ], [ 115.407753024000044, -8.38538684599996, 0.0 ], [ 115.407847074000074, -8.385097733999942, 0.0 ], [ 115.407768703000102, -8.384821109999962, 0.0 ], [ 115.406163366000101, -8.382880866999926, 0.0 ], [ 115.404009954000117, -8.38132290599998, 0.0 ], [ 115.40384039300011, -8.380822153999929, 0.0 ], [ 115.40337944700002, -8.380359971999951, 0.0 ], [ 115.403314402000092, -8.380096587999958, 0.0 ], [ 115.403435676000072, -8.379505103999975, 0.0 ], [ 115.403927407000083, -8.378416019999975, 0.0 ], [ 115.404046785000105, -8.376788717999943, 0.0 ], [ 115.403899639000088, -8.376039670999944, 0.0 ], [ 115.403656189000117, -8.375757920999945, 0.0 ], [ 115.402716335000036, -8.375585814999965, 0.0 ], [ 115.40249153700006, -8.375416406999932, 0.0 ], [ 115.401411599000085, -8.372485515999927, 0.0 ], [ 115.400943968000092, -8.371884862999934, 0.0 ], [ 115.399930900000072, -8.371207155999969, 0.0 ], [ 115.399406864000071, -8.370568849999927, 0.0 ], [ 115.399058705000016, -8.368322088999946, 0.0 ], [ 115.398292051000112, -8.366546939999978, 0.0 ], [ 115.397692353000025, -8.366001979999965, 0.0 ], [ 115.397185753000031, -8.365681737999978, 0.0 ], [ 115.396572381000055, -8.363901779999935, 0.0 ], [ 115.396463161000042, -8.363040619999936, 0.0 ], [ 115.395943920000036, -8.361420234999969, 0.0 ], [ 115.395982826000022, -8.361064975999966, 0.0 ], [ 115.39649592, -8.35979469199998, 0.0 ], [ 115.396518010000023, -8.358971486999963, 0.0 ], [ 115.396308571000077, -8.358132800999954, 0.0 ], [ 115.395761599000025, -8.35722022899995, 0.0 ], [ 115.396893462000094, -8.356685969999944, 0.0 ], [ 115.398381813000015, -8.356262121999976, 0.0 ], [ 115.398653294000042, -8.356133114999977, 0.0 ], [ 115.398747526000079, -8.35589209099993, 0.0 ], [ 115.398738995000031, -8.355641150999929, 0.0 ], [ 115.398346104000098, -8.354523478999965, 0.0 ], [ 115.398300731000063, -8.354029627999978, 0.0 ], [ 115.398801993, -8.352750563999962, 0.0 ], [ 115.398803767000118, -8.352315654999927, 0.0 ], [ 115.398663665000072, -8.351903634999928, 0.0 ], [ 115.397840696000117, -8.350822807999975, 0.0 ], [ 115.397794892000093, -8.350434630999928, 0.0 ], [ 115.397796378000066, -8.35007030099996, 0.0 ], [ 115.397963048000065, -8.349777217999929, 0.0 ], [ 115.398508145000051, -8.349367967999967, 0.0 ], [ 115.398651074000099, -8.34908642299996, 0.0 ], [ 115.398711601000059, -8.348675406999973, 0.0 ], [ 115.398464827000112, -8.346869595999976, 0.0 ], [ 115.39861888300004, -8.346201459999975, 0.0 ], [ 115.398610104000113, -8.344228887999975, 0.0 ], [ 115.399684649000051, -8.344433913999978, 0.0 ], [ 115.400338697000052, -8.344670591999943, 0.0 ], [ 115.401362733000042, -8.344891890999975, 0.0 ], [ 115.402505152000117, -8.34494671799996, 0.0 ], [ 115.403244200000017, -8.34486224799997, 0.0 ], [ 115.403379938000057, -8.343997226999932, 0.0 ], [ 115.403402791000076, -8.342981090999956, 0.0 ], [ 115.403312259000018, -8.34250101799995, 0.0 ], [ 115.402841914000078, -8.341915872999948, 0.0 ], [ 115.402181797000026, -8.341386193999938, 0.0 ], [ 115.401976128000115, -8.340839731999949, 0.0 ], [ 115.402130668000041, -8.340050019999978, 0.0 ], [ 115.402453808000018, -8.339618537999968, 0.0 ], [ 115.402795139000091, -8.339412827999979, 0.0 ], [ 115.406785631000048, -8.339485499999967, 0.0 ], [ 115.408581465000111, -8.339080285999955, 0.0 ], [ 115.409593659000052, -8.338732222999965, 0.0 ], [ 115.410522525000033, -8.338199424999971, 0.0 ], [ 115.409286147000103, -8.335300118999953, 0.0 ], [ 115.409097657000075, -8.33447199099993, 0.0 ], [ 115.40903697300007, -8.33360191099996, 0.0 ], [ 115.409211389, -8.332711831999973, 0.0 ], [ 115.409128145000068, -8.332223450999948, 0.0 ], [ 115.408831356000064, -8.331338657999936, 0.0 ], [ 115.408706895000023, -8.330553250999969, 0.0 ], [ 115.408625193000034, -8.329683280999973, 0.0 ], [ 115.409381742000051, -8.327055860999963, 0.0 ], [ 115.409599168000113, -8.32601723199997, 0.0 ], [ 115.409405601000117, -8.32502698299993, 0.0 ], [ 115.40910116200007, -8.324428550999926, 0.0 ], [ 115.408943352000051, -8.323857463999957, 0.0 ], [ 115.40887916600002, -8.32328655799995, 0.0 ], [ 115.409002153000074, -8.322544023999967, 0.0 ], [ 115.413673863000099, -8.322894467999959, 0.0 ], [ 115.416212038000026, -8.32279116199993, 0.0 ], [ 115.417374257, -8.32256466299998, 0.0 ], [ 115.41931876600006, -8.32194222399994, 0.0 ], [ 115.41896750300009, -8.321009518999972, 0.0 ], [ 115.419055189, -8.320202850999976, 0.0 ], [ 115.418769954000027, -8.319671977999974, 0.0 ], [ 115.418129488000091, -8.319198636999943, 0.0 ], [ 115.41755812100007, -8.318456629999957, 0.0 ], [ 115.416888891000099, -8.316772648999972, 0.0 ], [ 115.416686793000054, -8.316569992999973, 0.0 ], [ 115.415876468000079, -8.316432197999973, 0.0 ], [ 115.415742007000063, -8.316230004999966, 0.0 ], [ 115.415726409000058, -8.315927262999935, 0.0 ], [ 115.416392804000111, -8.31479423899998, 0.0 ], [ 115.417732455000078, -8.313673004999941, 0.0 ], [ 115.418442996000067, -8.313440434999961, 0.0 ], [ 115.419963702000018, -8.313480217999938, 0.0 ], [ 115.420808976000103, -8.31338255199995, 0.0 ], [ 115.421351896000033, -8.312829954999927, 0.0 ], [ 115.42147185500005, -8.312359637999975, 0.0 ], [ 115.421473939000066, -8.311838438999928, 0.0 ], [ 115.421373955000035, -8.311518685999943, 0.0 ], [ 115.421172597, -8.31113105299994, 0.0 ], [ 115.420769459000098, -8.310652455999957, 0.0 ], [ 115.419792871000027, -8.309858429999963, 0.0 ], [ 115.419708917000094, -8.30963937599995, 0.0 ], [ 115.419898776000082, -8.308698737999975, 0.0 ], [ 115.419848964000039, -8.308446273999948, 0.0 ], [ 115.419462360000011, -8.308133914999928, 0.0 ], [ 115.418686080000043, -8.307895434999978, 0.0 ], [ 115.418433815000071, -8.307625491999943, 0.0 ], [ 115.41830002800009, -8.307254996999973, 0.0 ], [ 115.418673307000063, -8.306886515999963, 0.0 ], [ 115.418792591000056, -8.306584503999943, 0.0 ], [ 115.418694899000116, -8.305692944999976, 0.0 ], [ 115.418763812000066, -8.305373668999948, 0.0 ], [ 115.419001349000041, -8.305122539999957, 0.0 ], [ 115.419271435000041, -8.305140481999956, 0.0 ], [ 115.420421995000083, -8.304758214999936, 0.0 ], [ 115.421307369000033, -8.304183317999957, 0.0 ], [ 115.422412207000093, -8.30252305099998, 0.0 ], [ 115.422394849000057, -8.299596422999969, 0.0 ], [ 115.422721277000051, -8.297176462999971, 0.0 ], [ 115.422663962000115, -8.296122379999929, 0.0 ], [ 115.423223288000031, -8.295376906999934, 0.0 ], [ 115.42363027500005, -8.29507932599995, 0.0 ], [ 115.423604739000098, -8.293912517999956, 0.0 ], [ 115.423818496000081, -8.293105566999941, 0.0 ], [ 115.424352354, -8.291557430999944, 0.0 ], [ 115.424852751000117, -8.290542390999974, 0.0 ], [ 115.425336468000069, -8.289781296999934, 0.0 ], [ 115.425883614000099, -8.288347610999949, 0.0 ], [ 115.425784580000027, -8.286923783999953, 0.0 ], [ 115.425819227000034, -8.285897983999973, 0.0 ], [ 115.426048766, -8.284866747999956, 0.0 ], [ 115.426548468000078, -8.283926546999965, 0.0 ], [ 115.42757674500001, -8.282374920999928, 0.0 ], [ 115.428335835000098, -8.28163952899996, 0.0 ], [ 115.429489722000085, -8.280013155999939, 0.0 ], [ 115.429452171000094, -8.278690203999929, 0.0 ], [ 115.43106819500008, -8.276627031999965, 0.0 ], [ 115.431543028000078, -8.275882176999971, 0.0 ], [ 115.431609086000094, -8.275506846999974, 0.0 ], [ 115.431524680000052, -8.275207904999945, 0.0 ], [ 115.429773209000018, -8.273558281999954, 0.0 ], [ 115.428531977000034, -8.272934659999976, 0.0 ], [ 115.428447151000114, -8.272742362999963, 0.0 ], [ 115.428753172000029, -8.271207469999979, 0.0 ], [ 115.428821974000016, -8.270429220999972, 0.0 ], [ 115.429233412000031, -8.269385314999965, 0.0 ], [ 115.429472787, -8.268468901999938, 0.0 ], [ 115.429905914000074, -8.26744660199995, 0.0 ], [ 115.430465431000016, -8.266830054999957, 0.0 ], [ 115.431776403000072, -8.266045818999942, 0.0 ], [ 115.433285414000011, -8.265423680999959, 0.0 ], [ 115.434016016000101, -8.265021089999948, 0.0 ], [ 115.434985134000044, -8.263915562999955, 0.0 ], [ 115.436360781000076, -8.263003584999979, 0.0 ], [ 115.43820736300006, -8.262328062999927, 0.0 ], [ 115.439149988000054, -8.262417057999926, 0.0 ], [ 115.439579562000063, -8.262290757999949, 0.0 ], [ 115.44008863900001, -8.26196194299996, 0.0 ], [ 115.441232559000014, -8.260898959999963, 0.0 ], [ 115.441475915000069, -8.260419413999955, 0.0 ], [ 115.442716119000011, -8.258769464999943, 0.0 ], [ 115.444078439, -8.257447294999963, 0.0 ], [ 115.445315019000077, -8.256718170999932, 0.0 ], [ 115.446287918000053, -8.255902895999952, 0.0 ], [ 115.447001698, -8.255104839999944, 0.0 ], [ 115.447770215000105, -8.253986857999962, 0.0 ], [ 115.448550346000047, -8.253416116999972, 0.0 ], [ 115.44876754500001, -8.25317399599993, 0.0 ], [ 115.448997618000021, -8.252667825999936, 0.0 ], [ 115.449280191000071, -8.252415292999956, 0.0 ], [ 115.450125983000021, -8.252151752999964, 0.0 ], [ 115.451527918000011, -8.251338895999936, 0.0 ], [ 115.452198479000117, -8.251234838999949, 0.0 ], [ 115.45285501, -8.251397539999971, 0.0 ], [ 115.453515099000015, -8.25182474099995, 0.0 ], [ 115.455183619000081, -8.249758137999947, 0.0 ], [ 115.45812262000004, -8.248154418999945, 0.0 ], [ 115.458275166000021, -8.247734424999976, 0.0 ], [ 115.458982772000013, -8.243884048999973, 0.0 ], [ 115.458970049000072, -8.243222976999959, 0.0 ], [ 115.458219625000083, -8.241656825999939, 0.0 ], [ 115.45568580600002, -8.24194433599996, 0.0 ], [ 115.454896269000074, -8.242190850999975, 0.0 ], [ 115.451893816000052, -8.244008766999968, 0.0 ], [ 115.44841129100007, -8.245576598999946, 0.0 ], [ 115.448207942000067, -8.245599661999961, 0.0 ], [ 115.448005532000025, -8.245479820999947, 0.0 ], [ 115.447922927000036, -8.245206095999947, 0.0 ], [ 115.447844172000032, -8.243945605999954, 0.0 ], [ 115.447372152000071, -8.242422015999978, 0.0 ], [ 115.447846753000022, -8.241226103999963, 0.0 ], [ 115.448495540000067, -8.240331998999977, 0.0 ], [ 115.448619103000055, -8.239703449999979, 0.0 ], [ 115.448593245000097, -8.239475899999945, 0.0 ], [ 115.447379182000077, -8.238170104999938, 0.0 ], [ 115.446695027000032, -8.237063364999926, 0.0 ], [ 115.444482566000033, -8.234706032999952, 0.0 ], [ 115.443568814000059, -8.233598593999943, 0.0 ], [ 115.444305885000063, -8.23142274199995, 0.0 ], [ 115.444558756000106, -8.230357828999956, 0.0 ], [ 115.444918568000048, -8.22636207599993, 0.0 ], [ 115.444938310000111, -8.225609996999935, 0.0 ], [ 115.444845323000095, -8.224962577999975, 0.0 ], [ 115.442650154000034, -8.223869183999966, 0.0 ], [ 115.442251084000077, -8.223239387999968, 0.0 ], [ 115.441222236000044, -8.221969011999931, 0.0 ], [ 115.440330157000062, -8.220309610999948, 0.0 ], [ 115.439263397000104, -8.219163377999962, 0.0 ], [ 115.438103750000096, -8.21744592899995, 0.0 ], [ 115.438254374000053, -8.217029425999954, 0.0 ], [ 115.439044503000105, -8.216619088999948, 0.0 ], [ 115.439393711000093, -8.216319116999955, 0.0 ], [ 115.43978955700004, -8.21571819299993, 0.0 ], [ 115.440155634, -8.215011473999937, 0.0 ], [ 115.440967974000046, -8.213019929999973, 0.0 ], [ 115.441241242000046, -8.212794895999934, 0.0 ], [ 115.44187781800008, -8.212571461999971, 0.0 ], [ 115.442590798000083, -8.212152479999929, 0.0 ], [ 115.442955574000052, -8.211777134999977, 0.0 ], [ 115.44307802700007, -8.211431294999954, 0.0 ], [ 115.443079553000075, -8.211039613999958, 0.0 ], [ 115.443229053000096, -8.210713075999934, 0.0 ], [ 115.443708994000076, -8.210390916999927, 0.0 ], [ 115.443674504000114, -8.209437548999972, 0.0 ], [ 115.443867902000079, -8.208923673999948, 0.0 ], [ 115.444541249000054, -8.208182844999953, 0.0 ], [ 115.444676811000022, -8.207706944999927, 0.0 ], [ 115.444718659000046, -8.206868275999966, 0.0 ], [ 115.445006533000083, -8.206716977999974, 0.0 ], [ 115.445237241000086, -8.206431859999952, 0.0 ], [ 115.445219622000081, -8.206050574999949, 0.0 ], [ 115.445431239000072, -8.205860782999935, 0.0 ], [ 115.445605754000098, -8.20528963199996, 0.0 ], [ 115.44606422600009, -8.204296475999968, 0.0 ], [ 115.446411807000118, -8.204214436999962, 0.0 ], [ 115.447120999000049, -8.203585234999935, 0.0 ], [ 115.447801417000051, -8.203577385999949, 0.0 ], [ 115.447921690000044, -8.203495827999973, 0.0 ], [ 115.448697797000023, -8.202357684999981, 0.0 ], [ 115.448857359000044, -8.201995696999973, 0.0 ], [ 115.449225213000091, -8.201610853999966, 0.0 ], [ 115.449549398000045, -8.201354595999931, 0.0 ], [ 115.450692847000028, -8.20114453399998, 0.0 ], [ 115.450889405000112, -8.200501523999947, 0.0 ], [ 115.451234616000079, -8.200438473999952, 0.0 ], [ 115.451839275000111, -8.200559078999959, 0.0 ], [ 115.452507674000117, -8.200497268999925, 0.0 ], [ 115.452918359000023, -8.200198485999977, 0.0 ], [ 115.45326556100008, -8.199620428999935, 0.0 ], [ 115.453744039000071, -8.198485008999967, 0.0 ], [ 115.452905510000051, -8.197988302999931, 0.0 ], [ 115.452369887000032, -8.197106498999972, 0.0 ], [ 115.452264067000101, -8.196612603999938, 0.0 ], [ 115.452330701000051, -8.196076516999938, 0.0 ], [ 115.452140123000049, -8.195174513999973, 0.0 ], [ 115.451626027000088, -8.193962764999981, 0.0 ], [ 115.448882130000015, -8.189982597999972, 0.0 ], [ 115.448452555000017, -8.189637734999963, 0.0 ], [ 115.447245852000037, -8.189026946999945, 0.0 ], [ 115.446605008, -8.188982403999944, 0.0 ], [ 115.445093765000024, -8.189278882999929, 0.0 ], [ 115.444529006000039, -8.189217952999968, 0.0 ], [ 115.443304910000052, -8.188563459999955, 0.0 ], [ 115.441810783000051, -8.187307591999968, 0.0 ], [ 115.438985535000029, -8.184635535999973, 0.0 ], [ 115.437781079000047, -8.183750552999982, 0.0 ], [ 115.434376135000093, -8.180646922999927, 0.0 ] ] ] } },
{ "type": "Feature", "properties": { "OBJECTID": 984, "NAMOBJ": "Buleleng", "FCODE": "BA03050040", "REMARK": " ", "METADATA": "TASWIL5000020230907KABKOTA", "SRS_ID": "4326", "KDBBPS": " ", "KDCBPS": " ", "KDCPUM": " ", "KDEBPS": " ", "KDEPUM": null, "KDPBPS": " ", "KDPKAB": "51.08", "KDPPUM": "51", "LUASWH": 1322.6820417599999, "TIPADM": 4, "WADMKC": " ", "WADMKD": " ", "WADMKK": "Buleleng", "WADMPR": "Bali", "WIADKC": " ", "WIADKK": " ", "WIADPR": " ", "WIADKD": 0, "SHAPE_Length": 3.4559691474610434, "SHAPE_Area": 0.10853657280335936 }, "geometry": { "type": "MultiPolygon", "coordinates": [ [ [ [ 114.60897430700004, -8.121334449999949, 0.0 ], [ 114.60894385000006, -8.121425821999935, 0.0 ], [ 114.608786806000012, -8.121487687999945, 0.0 ], [ 114.608770625000034, -8.121611419999965, 0.0 ], [ 114.609048864000101, -8.122514186999979, 0.0 ], [ 114.609039346000031, -8.122809239999981, 0.0 ], [ 114.609134524000069, -8.12312808799993, 0.0 ], [ 114.609399646000043, -8.123312354999939, 0.0 ], [ 114.609761324000033, -8.123226693999925, 0.0 ], [ 114.60921066700007, -8.122880623999947, 0.0 ], [ 114.609237842000084, -8.122284427999944, 0.0 ], [ 114.609161700000072, -8.121799017999933, 0.0 ], [ 114.60897430700004, -8.121334449999949, 0.0 ] ] ], [ [ [ 114.515381853, -8.09202961799997, 0.0 ], [ 114.514544283000077, -8.091860675999953, 0.0 ], [ 114.514196881000089, -8.091934439999932, 0.0 ], [ 114.51402794, -8.092105760999971, 0.0 ], [ 114.513782855000045, -8.092234251999969, 0.0 ], [ 114.513668641000095, -8.092203318999964, 0.0 ], [ 114.513604396, -8.09230325599998, 0.0 ], [ 114.51234804, -8.092146211999932, 0.0 ], [ 114.511822179000092, -8.092293737999967, 0.0 ], [ 114.510525373000064, -8.092431746999978, 0.0 ], [ 114.510375864000025, -8.092435712999929, 0.0 ], [ 114.510252132, -8.092329826999958, 0.0 ], [ 114.510168851000117, -8.092470214999935, 0.0 ], [ 114.509459771000024, -8.092601084999956, 0.0 ], [ 114.509410992000085, -8.092670089999956, 0.0 ], [ 114.508775676000027, -8.092580859999941, 0.0 ], [ 114.508724518, -8.092730765999931, 0.0 ], [ 114.508466346000091, -8.092747421999945, 0.0 ], [ 114.508318820000113, -8.092867584999965, 0.0 ], [ 114.508364681000103, -8.09306051599998, 0.0 ], [ 114.508293297000023, -8.093147127999941, 0.0 ], [ 114.50763609, -8.093339328999946, 0.0 ], [ 114.507506234000061, -8.093220934999977, 0.0 ], [ 114.507299221000039, -8.093242349999969, 0.0 ], [ 114.507220698000083, -8.093364891999954, 0.0 ], [ 114.506949427000109, -8.093500803999973, 0.0 ], [ 114.506210261000092, -8.093538759999944, 0.0 ], [ 114.505068120000033, -8.09346452099993, 0.0 ], [ 114.504915631000017, -8.093543031999957, 0.0 ], [ 114.504713920000086, -8.093446110999935, 0.0 ], [ 114.504481923000071, -8.093493700999943, 0.0 ], [ 114.504453369000089, -8.093339035999975, 0.0 ], [ 114.504355811000096, -8.093323568999949, 0.0 ], [ 114.504384365000078, -8.093446110999935, 0.0 ], [ 114.504110727000011, -8.093548427999963, 0.0 ], [ 114.504086932000064, -8.09379351299998, 0.0 ], [ 114.502963827000031, -8.093960074999927, 0.0 ], [ 114.502071529000091, -8.09453233499994, 0.0 ], [ 114.502000145000011, -8.094738158999974, 0.0 ], [ 114.501857377000078, -8.094858320999947, 0.0 ], [ 114.501856188000033, -8.09499513999998, 0.0 ], [ 114.50138981300006, -8.095350869999947, 0.0 ], [ 114.501244004000114, -8.095620303999965, 0.0 ], [ 114.501448782000011, -8.095600719999936, 0.0 ], [ 114.501921623000044, -8.095128389999957, 0.0 ], [ 114.502266645000077, -8.095058195999968, 0.0 ], [ 114.502641410000024, -8.09527234799998, 0.0 ], [ 114.503034021000076, -8.095987375999925, 0.0 ], [ 114.503269012000032, -8.095948897999961, 0.0 ], [ 114.503398078000032, -8.096032584999932, 0.0 ], [ 114.503719306000107, -8.096038533999945, 0.0 ], [ 114.504873344000089, -8.095929078999973, 0.0 ], [ 114.505173156000069, -8.09606946699995, 0.0 ], [ 114.505370652000011, -8.095944544999952, 0.0 ], [ 114.506091628000036, -8.096059948999937, 0.0 ], [ 114.506309349000048, -8.095954062999965, 0.0 ], [ 114.506310539000083, -8.096067087999927, 0.0 ], [ 114.506467583000017, -8.096015928999975, 0.0 ], [ 114.506732893000049, -8.096119435999981, 0.0 ], [ 114.506735272000014, -8.096192008999935, 0.0 ], [ 114.506976312, -8.096128953999937, 0.0 ], [ 114.506946569000092, -8.096209854999927, 0.0 ], [ 114.507081008000114, -8.096194388999947, 0.0 ], [ 114.507127408000088, -8.096275289999937, 0.0 ], [ 114.507308247000083, -8.096195578999925, 0.0 ], [ 114.507238053000037, -8.096325258999968, 0.0 ], [ 114.507293845000049, -8.096436091999976, 0.0 ], [ 114.507425341000044, -8.096499961999939, 0.0 ], [ 114.507524277000016, -8.09644360599998, 0.0 ], [ 114.507579380000038, -8.096595139999977, 0.0 ], [ 114.507749699000101, -8.096724131999963, 0.0 ], [ 114.507998917, -8.096451119999927, 0.0 ], [ 114.507877439000026, -8.096737907999966, 0.0 ], [ 114.508105366000109, -8.096754187999977, 0.0 ], [ 114.508201797000083, -8.097067274999972, 0.0 ], [ 114.508266919000107, -8.097082302999979, 0.0 ], [ 114.508332041000017, -8.09694830199993, 0.0 ], [ 114.508285704000059, -8.09680553499993, 0.0 ], [ 114.508422210000049, -8.096737907999966, 0.0 ], [ 114.508534921000091, -8.096829328999945, 0.0 ], [ 114.50870524100003, -8.096714112999962, 0.0 ], [ 114.508635109000011, -8.096866899999952, 0.0 ], [ 114.508735297000044, -8.096969591999937, 0.0 ], [ 114.508801672000118, -8.096937030999925, 0.0 ], [ 114.508777877000057, -8.096819309999944, 0.0 ], [ 114.508977, -8.09686940399996, 0.0 ], [ 114.509034608000093, -8.097134901999937, 0.0 ], [ 114.509192404000032, -8.09704097599996, 0.0 ], [ 114.509199918000036, -8.097173724999948, 0.0 ], [ 114.509321396000018, -8.097152434999941, 0.0 ], [ 114.509479192000072, -8.097465521999936, 0.0 ], [ 114.509454145000063, -8.097614550999936, 0.0 ], [ 114.509679567000035, -8.097916366999925, 0.0 ], [ 114.509793531000014, -8.097828702999948, 0.0 ], [ 114.509823587000028, -8.097916366999925, 0.0 ], [ 114.50993504600001, -8.097885057999974, 0.0 ], [ 114.509916261000058, -8.098010292999959, 0.0 ], [ 114.510036487000093, -8.097935151999934, 0.0 ], [ 114.510071552000113, -8.098069153999973, 0.0 ], [ 114.510280694000016, -8.098072910999974, 0.0 ], [ 114.510328284000025, -8.098164331999953, 0.0 ], [ 114.510571239000114, -8.098139284999945, 0.0 ], [ 114.510792905000017, -8.098234463999972, 0.0 ], [ 114.511085954, -8.098176855999952, 0.0 ], [ 114.511270049000018, -8.098314613999946, 0.0 ], [ 114.511430350000069, -8.098228201999973, 0.0 ], [ 114.511610688000019, -8.098325884999952, 0.0 ], [ 114.511732166000115, -8.098229453999977, 0.0 ], [ 114.511993906000043, -8.098302089999947, 0.0 ], [ 114.512076561000072, -8.098216930999968, 0.0 ], [ 114.512290713000084, -8.098236967999981, 0.0 ], [ 114.512350825000112, -8.098090443999979, 0.0 ], [ 114.512526154000057, -8.098176855999952, 0.0 ], [ 114.512547444, -8.09831586599995, 0.0 ], [ 114.512980756000047, -8.098244481999927, 0.0 ], [ 114.513060907000067, -8.098347174999958, 0.0 ], [ 114.513236235000022, -8.098377230999972, 0.0 ], [ 114.513320143000101, -8.098289566999938, 0.0 ], [ 114.513452892000032, -8.098448614999938, 0.0 ], [ 114.51360567800009, -8.098359697999967, 0.0 ], [ 114.513586893000024, -8.098479923999946, 0.0 ], [ 114.51372966100007, -8.098602653999933, 0.0 ], [ 114.51388745600002, -8.098568839999928, 0.0 ], [ 114.513873681000064, -8.098459885999944, 0.0 ], [ 114.514120393000098, -8.098578858999929, 0.0 ], [ 114.514349573000118, -8.098851870999965, 0.0 ], [ 114.514080318000083, -8.098793010999941, 0.0 ], [ 114.514230600000019, -8.098955815999943, 0.0 ], [ 114.514224338000076, -8.09909106899994, 0.0 ], [ 114.51457123800003, -8.099345295999967, 0.0 ], [ 114.514735296000026, -8.09930772599995, 0.0 ], [ 114.514740305000032, -8.099436717999936, 0.0 ], [ 114.514815446000057, -8.099425445999941, 0.0 ], [ 114.514938176000101, -8.099260135999941, 0.0 ], [ 114.514906868000025, -8.099138658999948, 0.0 ], [ 114.515049635000082, -8.099092321999933, 0.0 ], [ 114.515108496000039, -8.099154938999959, 0.0 ], [ 114.51503836400002, -8.099190004999969, 0.0 ], [ 114.515191151000067, -8.099320248999959, 0.0 ], [ 114.515401545000032, -8.099337781999964, 0.0 ], [ 114.51536021700008, -8.099518119999971, 0.0 ], [ 114.515415321000091, -8.099541914999975, 0.0 ], [ 114.515328909000118, -8.099708476999979, 0.0 ], [ 114.515424087000042, -8.099782365999943, 0.0 ], [ 114.515710875000082, -8.099788626999953, 0.0 ], [ 114.515796035000108, -8.099692195999978, 0.0 ], [ 114.515740931000096, -8.099589503999937, 0.0 ], [ 114.515821082000116, -8.099580737999929, 0.0 ], [ 114.516042747000029, -8.099738532999936, 0.0 ], [ 114.515986391000069, -8.099829954999962, 0.0 ], [ 114.515881194000031, -8.099748551999937, 0.0 ], [ 114.515848633000019, -8.099905095999929, 0.0 ], [ 114.516107869000052, -8.099839973999963, 0.0 ], [ 114.516117888000053, -8.099714738999978, 0.0 ], [ 114.516518639000083, -8.099918870999943, 0.0 ], [ 114.516711501000032, -8.09979739399995, 0.0 ], [ 114.516671426000016, -8.099880048999978, 0.0 ], [ 114.516767857000104, -8.099938908999945, 0.0 ], [ 114.516700230000083, -8.100024068999971, 0.0 ], [ 114.516777875000116, -8.100054124999929, 0.0 ], [ 114.516766604000054, -8.100204406999978, 0.0 ], [ 114.516883073000031, -8.100318369999968, 0.0 ], [ 114.517087205000053, -8.100226948999932, 0.0 ], [ 114.517177374000084, -8.100338407999971, 0.0 ], [ 114.51722621600004, -8.100196892999975, 0.0 ], [ 114.517332665000026, -8.100161826999965, 0.0 ], [ 114.517501757000105, -8.10026660699998, 0.0 ], [ 114.517467493000026, -8.100344652999979, 0.0 ], [ 114.517566479000038, -8.100416988999939, 0.0 ], [ 114.517733993000093, -8.100310388999958, 0.0 ], [ 114.517743511000049, -8.100449348999973, 0.0 ], [ 114.517836786000089, -8.100418891999936, 0.0 ], [ 114.51785962800011, -8.100222824999946, 0.0 ], [ 114.51809757400008, -8.100102899999968, 0.0 ], [ 114.518171814000084, -8.099925867999957, 0.0 ], [ 114.518398338000111, -8.099973456999976, 0.0 ], [ 114.518483999000068, -8.099847821999958, 0.0 ], [ 114.518750499000021, -8.099891603999936, 0.0 ], [ 114.51900557700003, -8.099815460999935, 0.0 ], [ 114.519142634000104, -8.099920156999929, 0.0 ], [ 114.519216873, -8.099845917999971, 0.0 ], [ 114.519369158000018, -8.099956324999937, 0.0 ], [ 114.519580455000096, -8.099948710999968, 0.0 ], [ 114.519742258000065, -8.100038177999977, 0.0 ], [ 114.519970686000079, -8.099914445999957, 0.0 ], [ 114.520090611000114, -8.099967745999948, 0.0 ], [ 114.52010012900007, -8.099832592999974, 0.0 ], [ 114.520393278000029, -8.099708860999954, 0.0 ], [ 114.520653334000031, -8.099718219999943, 0.0 ], [ 114.520690453000043, -8.099621137999975, 0.0 ], [ 114.521054511000102, -8.099588301999972, 0.0 ], [ 114.521194400000013, -8.09949826999997, 0.0 ], [ 114.521565596000073, -8.099453060999963, 0.0 ], [ 114.521736918000101, -8.099507787999926, 0.0 ], [ 114.522117631000015, -8.099246047999941, 0.0 ], [ 114.522664907000035, -8.09901999899995, 0.0 ], [ 114.523067036000043, -8.099084243999926, 0.0 ], [ 114.524183003000076, -8.098382302999937, 0.0 ], [ 114.524694588000102, -8.098306159999936, 0.0 ], [ 114.525139547000094, -8.097923066999954, 0.0 ], [ 114.525258520000079, -8.097551870999951, 0.0 ], [ 114.525877180000066, -8.097056942999927, 0.0 ], [ 114.526307862000067, -8.09697842099996, 0.0 ], [ 114.526431594000087, -8.096709541999928, 0.0 ], [ 114.527052056000116, -8.096213852999938, 0.0 ], [ 114.527383378000081, -8.096181301999934, 0.0 ], [ 114.527526146000014, -8.096257444999935, 0.0 ], [ 114.527790266000011, -8.096095640999977, 0.0 ], [ 114.527937793000092, -8.09585769499995, 0.0 ], [ 114.528225708000036, -8.095724444999973, 0.0 ], [ 114.528204293000044, -8.095512672999973, 0.0 ], [ 114.528373234000014, -8.095246173999953, 0.0 ], [ 114.528442239000015, -8.09456802699998, 0.0 ], [ 114.528351819000022, -8.09444429499996, 0.0 ], [ 114.528397029000075, -8.094244420999928, 0.0 ], [ 114.528235226000106, -8.093806599999937, 0.0 ], [ 114.527966346000085, -8.093421126999942, 0.0 ], [ 114.527814061000072, -8.093416367999964, 0.0 ], [ 114.527637981000112, -8.093295015999956, 0.0 ], [ 114.527435727000011, -8.092928578999931, 0.0 ], [ 114.526707612000109, -8.09245744499998, 0.0 ], [ 114.526241237000022, -8.092612109999948, 0.0 ], [ 114.525915251000015, -8.09255262399995, 0.0 ], [ 114.52585814400004, -8.092673975999958, 0.0 ], [ 114.525665408, -8.092690631999972, 0.0 ], [ 114.525448877000031, -8.09284529699994, 0.0 ], [ 114.525234725000018, -8.092838158999939, 0.0 ], [ 114.524808802000052, -8.093004720999943, 0.0 ], [ 114.523492960000112, -8.092811984999969, 0.0 ], [ 114.522519760000023, -8.092947613999968, 0.0 ], [ 114.521691708000048, -8.09282340599998, 0.0 ], [ 114.521696467000083, -8.092891934999955, 0.0 ], [ 114.520973586000082, -8.092833875999929, 0.0 ], [ 114.520678533000023, -8.092912397999953, 0.0 ], [ 114.520450105, -8.092862429999968, 0.0 ], [ 114.520254989000023, -8.092657795999969, 0.0 ], [ 114.519522115000086, -8.092655415999957, 0.0 ], [ 114.519517356000051, -8.092579273999945, 0.0 ], [ 114.519434075000049, -8.092648277999956, 0.0 ], [ 114.519060500000023, -8.09258403299998, 0.0 ], [ 114.51834666100001, -8.09281483999996, 0.0 ], [ 114.517758935000074, -8.092707764999943, 0.0 ], [ 114.517242592000116, -8.092429367999955, 0.0 ], [ 114.516650106000043, -8.092348465999976, 0.0 ], [ 114.516462128000057, -8.092231871999957, 0.0 ], [ 114.516328879000071, -8.092324670999972, 0.0 ], [ 114.51547465200008, -8.091953474999968, 0.0 ], [ 114.515381853, -8.09202961799997, 0.0 ] ] ], [ [ [ 115.183758312, -8.061683488999961, 0.0 ], [ 115.183608287000084, -8.061621622999951, 0.0 ], [ 115.183413933000111, -8.061723558999972, 0.0 ], [ 115.182540314000107, -8.061824447999982, 0.0 ], [ 115.181996369000103, -8.061791610999933, 0.0 ], [ 115.181906901000048, -8.061907728999927, 0.0 ], [ 115.181794591000084, -8.061882982999975, 0.0 ], [ 115.181733676000022, -8.061951510999961, 0.0 ], [ 115.181656582000073, -8.061782568999945, 0.0 ], [ 115.181602568000017, -8.061891429999946, 0.0 ], [ 115.181414591000021, -8.061829563999936, 0.0 ], [ 115.181198060000042, -8.06196995199997, 0.0 ], [ 115.180416169000068, -8.061987559999977, 0.0 ], [ 115.180430446000059, -8.062047046999965, 0.0 ], [ 115.180066388000114, -8.062094635999927, 0.0 ], [ 115.179604773000051, -8.062063702999978, 0.0 ], [ 115.179597634000061, -8.06217315799995, 0.0 ], [ 115.179450108000083, -8.062094635999927, 0.0 ], [ 115.179205023, -8.062242161999961, 0.0 ], [ 115.178366858000118, -8.062280828999974, 0.0 ], [ 115.178295474000038, -8.062364109999976, 0.0 ], [ 115.178168768000091, -8.062330796999959, 0.0 ], [ 115.178168530000107, -8.062403846999928, 0.0 ], [ 115.178006727000025, -8.062302957999975, 0.0 ], [ 115.177924873000052, -8.06236006499995, 0.0 ], [ 115.177938198000106, -8.062518060999935, 0.0 ], [ 115.177854441000022, -8.062527578999948, 0.0 ], [ 115.177856345, -8.062384810999959, 0.0 ], [ 115.177697754000064, -8.062499024999966, 0.0 ], [ 115.177573546000076, -8.062499024999966, 0.0 ], [ 115.177558198000042, -8.062427045999925, 0.0 ], [ 115.177015086000097, -8.062456789999942, 0.0 ], [ 115.177024604000053, -8.062556726999958, 0.0 ], [ 115.176918639000064, -8.062554347999935, 0.0 ], [ 115.176926277, -8.062628943999925, 0.0 ], [ 115.176460140000017, -8.06258528099994, 0.0 ], [ 115.176454192000051, -8.062466307999955, 0.0 ], [ 115.176223146000098, -8.062456313999974, 0.0 ], [ 115.175902966000081, -8.062583788999973, 0.0 ], [ 115.175558182000032, -8.062509085999977, 0.0 ], [ 115.175563774000011, -8.062617827999929, 0.0 ], [ 115.175474544000053, -8.06250718299998, 0.0 ], [ 115.175331776, -8.062525742999981, 0.0 ], [ 115.175260630000025, -8.062631628999952, 0.0 ], [ 115.175082171000099, -8.062533594999934, 0.0 ], [ 115.174769510000033, -8.062579279999966, 0.0 ], [ 115.174697174000016, -8.06266494099998, 0.0 ], [ 115.174589979000075, -8.062577554999962, 0.0 ], [ 115.174049306000029, -8.062604680999925, 0.0 ], [ 115.17384039, -8.06272175099997, 0.0 ], [ 115.173343082000088, -8.062689865999971, 0.0 ], [ 115.172651650000034, -8.062891326999932, 0.0 ], [ 115.171815865000099, -8.062921069999959, 0.0 ], [ 115.17141932800007, -8.063056341999982, 0.0 ], [ 115.170889802000033, -8.063095936999957, 0.0 ], [ 115.170844593000083, -8.063015034999978, 0.0 ], [ 115.170711343000107, -8.06309831599998, 0.0 ], [ 115.170520986000042, -8.063027526999974, 0.0 ], [ 115.170394874000067, -8.063175648999959, 0.0 ], [ 115.16924107400007, -8.06320265599993, 0.0 ], [ 115.16921061700009, -8.063294026999927, 0.0 ], [ 115.168763278000029, -8.063280701999929, 0.0 ], [ 115.168485357, -8.063387301999967, 0.0 ], [ 115.167864199000064, -8.063412642999936, 0.0 ], [ 115.167489434000117, -8.063525666999965, 0.0 ], [ 115.167201519000059, -8.063479862999941, 0.0 ], [ 115.16720865700006, -8.063546487999929, 0.0 ], [ 115.167020680000064, -8.063460826999972, 0.0 ], [ 115.166049860000044, -8.063498897999978, 0.0 ], [ 115.162773937000111, -8.064055096999937, 0.0 ], [ 115.162140528, -8.064018695999948, 0.0 ], [ 115.161870856000064, -8.063919233999968, 0.0 ], [ 115.161832785000115, -8.063990617999934, 0.0 ], [ 115.161687637000114, -8.063933510999959, 0.0 ], [ 115.160550255000089, -8.064117918999955, 0.0 ], [ 115.160339078000106, -8.064227968999944, 0.0 ], [ 115.159119515000043, -8.064051113999938, 0.0 ], [ 115.158769734000089, -8.064070149999964, 0.0 ], [ 115.158531788, -8.064258127999949, 0.0 ], [ 115.158029722000038, -8.064362823999943, 0.0 ], [ 115.15740392400005, -8.06475067599996, 0.0 ], [ 115.156052390000013, -8.065052867999952, 0.0 ], [ 115.155571739000038, -8.065312228999971, 0.0 ], [ 115.15516961000003, -8.065381232999925, 0.0 ], [ 115.154346316000101, -8.065754808999941, 0.0 ], [ 115.154372490000014, -8.065823812999952, 0.0 ], [ 115.15420592800001, -8.065923749999968, 0.0 ], [ 115.151486204000093, -8.067034958999955, 0.0 ], [ 115.149520769000105, -8.068089059999977, 0.0 ], [ 115.147334045000093, -8.069040843999971, 0.0 ], [ 115.145770739000113, -8.069885552999949, 0.0 ], [ 115.14512352600002, -8.070116360999975, 0.0 ], [ 115.144780883000067, -8.070351926999933, 0.0 ], [ 115.14372916100001, -8.070806403999939, 0.0 ], [ 115.143324653000036, -8.071082421999961, 0.0 ], [ 115.142615574000047, -8.071358438999937, 0.0 ], [ 115.141089622000095, -8.072220595999966, 0.0 ], [ 115.139298646000043, -8.07306239299993, 0.0 ], [ 115.13565552700004, -8.075151000999938, 0.0 ], [ 115.133900507000021, -8.07626160999996, 0.0 ], [ 115.133133422000014, -8.076357686999927, 0.0 ], [ 115.132942789000026, -8.076923275999945, 0.0 ], [ 115.133005591000028, -8.07711631199993, 0.0 ], [ 115.132370989000037, -8.077488935999952, 0.0 ], [ 115.132208234000018, -8.077510350999944, 0.0 ], [ 115.132163262000063, -8.077668108999944, 0.0 ], [ 115.131762778000052, -8.078015800999935, 0.0 ], [ 115.131078683000055, -8.078290627999934, 0.0 ], [ 115.130929669000011, -8.078232967999952, 0.0 ], [ 115.130935100000102, -8.07843718099997, 0.0 ], [ 115.130550774000085, -8.078632442999947, 0.0 ], [ 115.126865868000095, -8.07987077599995, 0.0 ], [ 115.126572869000029, -8.080069434999928, 0.0 ], [ 115.12576630600006, -8.080279961999963, 0.0 ], [ 115.124928035000039, -8.080623637999963, 0.0 ], [ 115.124596814000029, -8.080669322999938, 0.0 ], [ 115.123860133000107, -8.081071927999972, 0.0 ], [ 115.121548878000112, -8.081520941999941, 0.0 ], [ 115.121104061000096, -8.08168029899997, 0.0 ], [ 115.12047588400003, -8.081765958999938, 0.0 ], [ 115.119402271000013, -8.081731694999974, 0.0 ], [ 115.117823261000012, -8.081113510999955, 0.0 ], [ 115.117183661000013, -8.081130642999938, 0.0 ], [ 115.116865670000038, -8.08105395299998, 0.0 ], [ 115.116353264000054, -8.081251642999973, 0.0 ], [ 115.115650480000113, -8.08198682099993, 0.0 ], [ 115.115602890000105, -8.082567408999978, 0.0 ], [ 115.11540861800006, -8.083102863999954, 0.0 ], [ 115.115139739000028, -8.083543063999969, 0.0 ], [ 115.113902419000055, -8.084892218999926, 0.0 ], [ 115.110502693000058, -8.08762805899994, 0.0 ], [ 115.108726641000089, -8.088908243999981, 0.0 ], [ 115.108018060000063, -8.089366968999968, 0.0 ], [ 115.107502319000105, -8.089591412999937, 0.0 ], [ 115.106882474000031, -8.090175205999969, 0.0 ], [ 115.104483630000118, -8.091950036999947, 0.0 ], [ 115.104035102000012, -8.092449722999959, 0.0 ], [ 115.103044939000029, -8.093134670999973, 0.0 ], [ 115.102935856000045, -8.093334822999964, 0.0 ], [ 115.102220636000084, -8.093971590999956, 0.0 ], [ 115.100977673000102, -8.094937806999951, 0.0 ], [ 115.100830622000103, -8.095144819999973, 0.0 ], [ 115.100003998000034, -8.095706848999953, 0.0 ], [ 115.099575695000112, -8.096210104999955, 0.0 ], [ 115.098705080000059, -8.096849851999934, 0.0 ], [ 115.098393370000053, -8.09720082299998, 0.0 ], [ 115.097116789000097, -8.098050289999946, 0.0 ], [ 115.095571329000109, -8.099331629999938, 0.0 ], [ 115.095352419000051, -8.099632631999953, 0.0 ], [ 115.094512469000051, -8.100360746999968, 0.0 ], [ 115.094423239000093, -8.100526119999927, 0.0 ], [ 115.093542251000031, -8.101148560999945, 0.0 ], [ 115.091014483000095, -8.102413507999927, 0.0 ], [ 115.090143600000033, -8.102757339999926, 0.0 ], [ 115.089979318000019, -8.102440742999931, 0.0 ], [ 115.090122086000065, -8.102926153999931, 0.0 ], [ 115.090007828000012, -8.102988019999941, 0.0 ], [ 115.089652151000109, -8.103054177999979, 0.0 ], [ 115.089477252000052, -8.10260492599997, 0.0 ], [ 115.089631211000096, -8.103062743999942, 0.0 ], [ 115.089234317000091, -8.103229305999946, 0.0 ], [ 115.088073965000035, -8.103678657999978, 0.0 ], [ 115.087110283000015, -8.103815476999955, 0.0 ], [ 115.08657787900006, -8.103782758999955, 0.0 ], [ 115.086375625000073, -8.103996910999967, 0.0 ], [ 115.084769489000109, -8.104523366999956, 0.0 ], [ 115.084454210000104, -8.104805927999962, 0.0 ], [ 115.084204367000098, -8.104850542999941, 0.0 ], [ 115.083285895000017, -8.105455520999953, 0.0 ], [ 115.082625594000092, -8.105698225999959, 0.0 ], [ 115.081790403000014, -8.106301418999976, 0.0 ], [ 115.081133672000078, -8.106958149999969, 0.0 ], [ 115.081080134000103, -8.107190147999972, 0.0 ], [ 115.080544756000108, -8.108121706999952, 0.0 ], [ 115.079659596000056, -8.108475056999964, 0.0 ], [ 115.078753021000011, -8.108585701999971, 0.0 ], [ 115.078474624000023, -8.108867667999959, 0.0 ], [ 115.078235489, -8.108878374999961, 0.0 ], [ 115.078189089000034, -8.109053265999933, 0.0 ], [ 115.077671556000041, -8.109367353999971, 0.0 ], [ 115.077118332000055, -8.109831348999933, 0.0 ], [ 115.076761413000099, -8.110238236999976, 0.0 ], [ 115.075759432000041, -8.111974432999943, 0.0 ], [ 115.075383705000036, -8.112354767999932, 0.0 ], [ 115.075372997000045, -8.112579626999946, 0.0 ], [ 115.075230229000113, -8.112893715999974, 0.0 ], [ 115.075358720000054, -8.11296509999994, 0.0 ], [ 115.07531945900007, -8.113332725999953, 0.0 ], [ 115.075376566000045, -8.113479062999943, 0.0 ], [ 115.075230229000113, -8.113686075999965, 0.0 ], [ 115.075165984000023, -8.114025148999929, 0.0 ], [ 115.07484118800005, -8.114385637999931, 0.0 ], [ 115.074799711000082, -8.11454006799994, 0.0 ], [ 115.074879292000105, -8.114729844999943, 0.0 ], [ 115.074730575000103, -8.114801228999966, 0.0 ], [ 115.074510842000109, -8.11474500199995, 0.0 ], [ 115.074145195000028, -8.114892462999933, 0.0 ], [ 115.07413542200004, -8.115034046999938, 0.0 ], [ 115.073588401000052, -8.11563842399994, 0.0 ], [ 115.07338138800003, -8.115995342999952, 0.0 ], [ 115.071711929000116, -8.117432365999946, 0.0 ], [ 115.071537158000069, -8.117440157999965, 0.0 ], [ 115.071496469000067, -8.117575430999977, 0.0 ], [ 115.071270579000043, -8.117630316999964, 0.0 ], [ 115.071248688000082, -8.117761662999953, 0.0 ], [ 115.069764729000099, -8.118626596999945, 0.0 ], [ 115.069618036000065, -8.118833252999934, 0.0 ], [ 115.069116921000045, -8.119007429999954, 0.0 ], [ 115.067348277000065, -8.120128747999956, 0.0 ], [ 115.067087352000044, -8.120367101999932, 0.0 ], [ 115.066990337000107, -8.120290074999957, 0.0 ], [ 115.066485710000052, -8.120456831999945, 0.0 ], [ 115.066539248000026, -8.120685260999949, 0.0 ], [ 115.06646429500006, -8.120735228999933, 0.0 ], [ 115.066335804, -8.12070310699994, 0.0 ], [ 115.06550418300003, -8.121002918999977, 0.0 ], [ 115.064847451000105, -8.12152045199997, 0.0 ], [ 115.064401302000078, -8.122155767999971, 0.0 ], [ 115.063501866000024, -8.123148002999926, 0.0 ], [ 115.062996612, -8.124094265999929, 0.0 ], [ 115.063081692000083, -8.124349529999961, 0.0 ], [ 115.062807550000116, -8.125258469999949, 0.0 ], [ 115.062644585000044, -8.12535485199993, 0.0 ], [ 115.062627929000087, -8.12556305499993, 0.0 ], [ 115.06230194200009, -8.125998496999955, 0.0 ], [ 115.06221223700004, -8.126344350999943, 0.0 ], [ 115.062062331000106, -8.126376473999926, 0.0 ], [ 115.062142519000076, -8.12653002899998, 0.0 ], [ 115.06108572100004, -8.127320009999949, 0.0 ], [ 115.06096198900002, -8.127487523999946, 0.0 ], [ 115.060187834000089, -8.128650566999966, 0.0 ], [ 115.060196278000035, -8.129041787999938, 0.0 ], [ 115.060082581000074, -8.129326272999947, 0.0 ], [ 115.05910163100009, -8.129820255999959, 0.0 ], [ 115.058625025000083, -8.130268783999952, 0.0 ], [ 115.058360798000081, -8.130643522999947, 0.0 ], [ 115.058433614000023, -8.13111443799994, 0.0 ], [ 115.058347954000055, -8.131507048999936, 0.0 ], [ 115.058115956000051, -8.13189252199993, 0.0 ], [ 115.057245073000104, -8.132642051999937, 0.0 ], [ 115.055806689000065, -8.134201788999974, 0.0 ], [ 115.055653214000017, -8.134480185999962, 0.0 ], [ 115.05545690800011, -8.134480185999962, 0.0 ], [ 115.055224911000096, -8.134637229999953, 0.0 ], [ 115.054870362000088, -8.135087374999955, 0.0 ], [ 115.053262316000087, -8.136354627999935, 0.0 ], [ 115.052537310000048, -8.136607423999976, 0.0 ], [ 115.052002107000021, -8.137006407999934, 0.0 ], [ 115.051914145000069, -8.137236641999948, 0.0 ], [ 115.051752392000026, -8.137253384999951, 0.0 ], [ 115.051359477, -8.137503290999973, 0.0 ], [ 115.050759809000056, -8.138194859999942, 0.0 ], [ 115.050153090000094, -8.13903090499997, 0.0 ], [ 115.050238750000062, -8.139173672999959, 0.0 ], [ 115.049974630000065, -8.13995889499995, 0.0 ], [ 115.049999615000047, -8.140126646999931, 0.0 ], [ 115.049899677000099, -8.14026227599993, 0.0 ], [ 115.049946077000072, -8.140337228999954, 0.0 ], [ 115.050092414, -8.14029439899997, 0.0 ], [ 115.050206628000069, -8.141333033999956, 0.0 ], [ 115.050113829000111, -8.141654260999928, 0.0 ], [ 115.04991752300009, -8.141822012999967, 0.0 ], [ 115.049928231000081, -8.142014748999941, 0.0 ], [ 115.049271500000032, -8.142799970999931, 0.0 ], [ 115.049007379000045, -8.143235412999957, 0.0 ], [ 115.048047267000015, -8.144134848999954, 0.0 ], [ 115.04701577000003, -8.144880809999961, 0.0 ], [ 115.04527043600001, -8.145683877999943, 0.0 ], [ 115.045002746000023, -8.145666031999951, 0.0 ], [ 115.043735684000012, -8.14614073499996, 0.0 ], [ 115.043271689000107, -8.146122888999969, 0.0 ], [ 115.042729171000019, -8.146258517999968, 0.0 ], [ 115.042125978000058, -8.146240671999976, 0.0 ], [ 115.042051025000092, -8.146411992999958, 0.0 ], [ 115.041070690000083, -8.146716562999927, 0.0 ], [ 115.040973129, -8.146965217999934, 0.0 ], [ 115.040526980000095, -8.147236475999932, 0.0 ], [ 115.038010700000086, -8.149328022999953, 0.0 ], [ 115.037492247000046, -8.149653612999941, 0.0 ], [ 115.037190004000081, -8.150099715999943, 0.0 ], [ 115.037248328000032, -8.150287390999949, 0.0 ], [ 115.037164802, -8.150370226999939, 0.0 ], [ 115.036561609000046, -8.15070573099996, 0.0 ], [ 115.035940569000104, -8.150930589999973, 0.0 ], [ 115.035005441000067, -8.151119756999947, 0.0 ], [ 115.034106005000012, -8.151412429999937, 0.0 ], [ 115.033709825000074, -8.151615873999958, 0.0 ], [ 115.03367413300009, -8.151812179999979, 0.0 ], [ 115.03318158400009, -8.151940670999977, 0.0 ], [ 115.031575448000012, -8.152911490999941, 0.0 ], [ 115.03124708200005, -8.152979305999963, 0.0 ], [ 115.031029362000027, -8.153211302999978, 0.0 ], [ 115.030861610000102, -8.153161333999947, 0.0 ], [ 115.030483275000051, -8.153407608999942, 0.0 ], [ 115.029837252000107, -8.15353966899994, 0.0 ], [ 115.029212643000051, -8.153942986999937, 0.0 ], [ 115.029055599000117, -8.153946555999937, 0.0 ], [ 115.028502882000112, -8.154252634999978, 0.0 ], [ 115.028458625000098, -8.154393974999948, 0.0 ], [ 115.028273027000068, -8.154349716999945, 0.0 ], [ 115.027710522, -8.154628113999934, 0.0 ], [ 115.02767911300009, -8.15475089399996, 0.0 ], [ 115.02750922000007, -8.154810856999973, 0.0 ], [ 115.027175143000022, -8.155385733999935, 0.0 ], [ 115.027024761, -8.155505658999971, 0.0 ], [ 115.026887704000046, -8.155848301999981, 0.0 ], [ 115.026683238000032, -8.155957806999936, 0.0 ], [ 115.026624536000099, -8.156325700999957, 0.0 ], [ 115.026346582000087, -8.156648433999976, 0.0 ], [ 115.026353721000078, -8.156859016999931, 0.0 ], [ 115.026185969000039, -8.157151689999978, 0.0 ], [ 115.025996802, -8.157869097999935, 0.0 ], [ 115.025693420000039, -8.158611489999942, 0.0 ], [ 115.025600420000046, -8.159443393999936, 0.0 ], [ 115.025304969000103, -8.159803008999972, 0.0 ], [ 115.025298942000063, -8.159991144999935, 0.0 ], [ 115.025159982000105, -8.16013010599994, 0.0 ], [ 115.02514665700005, -8.160309040999948, 0.0 ], [ 115.024792593000029, -8.160708790999934, 0.0 ], [ 115.024500752000108, -8.160857506999946, 0.0 ], [ 115.024441265000064, -8.160996705999935, 0.0 ], [ 115.024275893000095, -8.16109307399995, 0.0 ], [ 115.02425424, -8.161226561999968, 0.0 ], [ 115.023987347000116, -8.161431150999931, 0.0 ], [ 115.023683923000021, -8.162071834999949, 0.0 ], [ 115.023479289000079, -8.162157495999963, 0.0 ], [ 115.022924875000058, -8.16277615599995, 0.0 ], [ 115.022634580000044, -8.162847539999973, 0.0 ], [ 115.022360942000091, -8.16304979399996, 0.0 ], [ 115.022125376000076, -8.163278221999974, 0.0 ], [ 115.022034956000084, -8.163489993999974, 0.0 ], [ 115.021649484000022, -8.163699386999951, 0.0 ], [ 115.021456747000116, -8.163908778999939, 0.0 ], [ 115.021271030000094, -8.163999317999981, 0.0 ], [ 115.02117965900004, -8.163907946999927, 0.0 ], [ 115.0210121450001, -8.163896524999927, 0.0 ], [ 115.020957576000114, -8.163971715999935, 0.0 ], [ 115.020075513000052, -8.16412945999997, 0.0 ], [ 115.019201061000103, -8.164557762999948, 0.0 ], [ 115.018640698000013, -8.164654130999963, 0.0 ], [ 115.017216568000094, -8.165325579999944, 0.0 ], [ 115.01668737500006, -8.165489286999957, 0.0 ], [ 115.016438008000023, -8.165435986999967, 0.0 ], [ 115.015696115000083, -8.165535720999969, 0.0 ], [ 115.01481452500002, -8.165450060999945, 0.0 ], [ 115.014675326000088, -8.165464336999946, 0.0 ], [ 115.014682465000078, -8.165532151999969, 0.0 ], [ 115.014496867000048, -8.165382245999979, 0.0 ], [ 115.014175639000086, -8.165450060999945, 0.0 ], [ 115.012503528000025, -8.165266620999944, 0.0 ], [ 115.009535151000023, -8.165742512999941, 0.0 ], [ 115.009671970000113, -8.165968561999932, 0.0 ], [ 115.009181206000108, -8.166221378999978, 0.0 ], [ 115.008639879000043, -8.166643733999933, 0.0 ], [ 115.008236560000114, -8.166824572999928, 0.0 ], [ 115.008141382000076, -8.167072036999969, 0.0 ], [ 115.007943886000021, -8.167212424999946, 0.0 ], [ 115.007403749000105, -8.168069030999959, 0.0 ], [ 115.007132490000117, -8.168685310999933, 0.0 ], [ 115.007001620000096, -8.169482430999949, 0.0 ], [ 115.00664279700004, -8.170123337999939, 0.0 ], [ 115.006452440000089, -8.171027533999961, 0.0 ], [ 115.005884344000037, -8.172232135999934, 0.0 ], [ 115.00568209000005, -8.172389774999942, 0.0 ], [ 115.005693987000086, -8.172547413999951, 0.0 ], [ 115.005069497000022, -8.173268628999949, 0.0 ], [ 115.004273568000031, -8.174000312999965, 0.0 ], [ 115.002538941000012, -8.17503180999995, 0.0 ], [ 115.002185591000057, -8.175131746999966, 0.0 ], [ 115.00128526200001, -8.17561547899993, 0.0 ], [ 114.999682695000047, -8.176115165999931, 0.0 ], [ 114.998532226000066, -8.176588678999963, 0.0 ], [ 114.997026027000061, -8.176600575999942, 0.0 ], [ 114.996128970000086, -8.176802829999929, 0.0 ], [ 114.994748883000057, -8.176655303999951, 0.0 ], [ 114.994318200000066, -8.176733825999975, 0.0 ], [ 114.993321072000072, -8.176650850999977, 0.0 ], [ 114.993200909000052, -8.176755546999971, 0.0 ], [ 114.993070039000031, -8.17674483899998, 0.0 ], [ 114.992951835000099, -8.176929040999937, 0.0 ], [ 114.992260105000014, -8.177117197999962, 0.0 ], [ 114.992206945000021, -8.177269065999951, 0.0 ], [ 114.991965969000034, -8.177315909999948, 0.0 ], [ 114.991544804000114, -8.177555045999952, 0.0 ], [ 114.991485709000017, -8.177765603999944, 0.0 ], [ 114.99101061500005, -8.177885790999937, 0.0 ], [ 114.990745305000019, -8.178073767999933, 0.0 ], [ 114.990732218000062, -8.178205827999932, 0.0 ], [ 114.990619194000033, -8.17819155199993, 0.0 ], [ 114.99053442200011, -8.17831598999993, 0.0 ], [ 114.990346745000011, -8.178335508999965, 0.0 ], [ 114.989668118000054, -8.178708881999967, 0.0 ], [ 114.989460396000027, -8.178914907999967, 0.0 ], [ 114.988693253000065, -8.179352049999977, 0.0 ], [ 114.988415813000074, -8.179478839999945, 0.0 ], [ 114.988204146000044, -8.179467397999929, 0.0 ], [ 114.987967989000026, -8.17958404899997, 0.0 ], [ 114.987882814000045, -8.17972154499995, 0.0 ], [ 114.987296276000052, -8.179928557999972, 0.0 ], [ 114.987227272000041, -8.180020166999952, 0.0 ], [ 114.987099971000021, -8.179986854999981, 0.0 ], [ 114.986789757000111, -8.180095863999952, 0.0 ], [ 114.985911479000038, -8.180482732999963, 0.0 ], [ 114.985384190000104, -8.180513189999942, 0.0 ], [ 114.985262917000114, -8.180660795999927, 0.0 ], [ 114.985002366000117, -8.180556098999944, 0.0 ], [ 114.984873875000062, -8.180669123999962, 0.0 ], [ 114.984091033000027, -8.180727419999926, 0.0 ], [ 114.982901064000089, -8.181015453999976, 0.0 ], [ 114.982785422, -8.181152510999937, 0.0 ], [ 114.982619812000053, -8.181041151999978, 0.0 ], [ 114.981981640000072, -8.181113963999962, 0.0 ], [ 114.980665908000105, -8.181069509999929, 0.0 ], [ 114.980639734000079, -8.180948156999932, 0.0 ], [ 114.980561212000111, -8.18096243399998, 0.0 ], [ 114.980587386000025, -8.181081406999965, 0.0 ], [ 114.980336284000032, -8.181150373999969, 0.0 ], [ 114.978235417000064, -8.181300988999965, 0.0 ], [ 114.977161804000048, -8.181282429999953, 0.0 ], [ 114.976669732, -8.181168453999931, 0.0 ], [ 114.976585133000071, -8.181000504999929, 0.0 ], [ 114.976486513000054, -8.181258634999949, 0.0 ], [ 114.976343746000111, -8.18127291199994, 0.0 ], [ 114.975559713000052, -8.181199148999951, 0.0 ], [ 114.974854398000048, -8.181030420999946, 0.0 ], [ 114.973216301000093, -8.181604132999951, 0.0 ], [ 114.972500037000032, -8.181772700999943, 0.0 ], [ 114.971815988000117, -8.181814476999932, 0.0 ], [ 114.971055512000021, -8.18202561499993, 0.0 ], [ 114.970452081000076, -8.181987542999934, 0.0 ], [ 114.969159082000033, -8.182247379999978, 0.0 ], [ 114.967300723000108, -8.182412752999937, 0.0 ], [ 114.967200548000051, -8.182598112999926, 0.0 ], [ 114.966967360000012, -8.182653316999961, 0.0 ], [ 114.966936903000033, -8.182524825999963, 0.0 ], [ 114.966812220000065, -8.182491512999945, 0.0 ], [ 114.966456014000073, -8.182539815999974, 0.0 ], [ 114.966114062000088, -8.182468365999966, 0.0 ], [ 114.965186621000043, -8.182565944999965, 0.0 ], [ 114.96331744500003, -8.182447283999977, 0.0 ], [ 114.96186762100001, -8.181971140999963, 0.0 ], [ 114.96170518200006, -8.182008720999931, 0.0 ], [ 114.961213156000099, -8.182472907999966, 0.0 ], [ 114.960765295000101, -8.182644036999932, 0.0 ], [ 114.958837456000083, -8.182722558999956, 0.0 ], [ 114.95779816400011, -8.182549682999934, 0.0 ], [ 114.956987694000077, -8.18254701199993, 0.0 ], [ 114.956524056000035, -8.182391037999935, 0.0 ], [ 114.955846745000031, -8.182269120999933, 0.0 ], [ 114.955772567000054, -8.18232414299996, 0.0 ], [ 114.95483174200001, -8.182077681999942, 0.0 ], [ 114.954391480000027, -8.18205213799996, 0.0 ], [ 114.953530044000104, -8.182188513999961, 0.0 ], [ 114.953229736000026, -8.182307364999929, 0.0 ], [ 114.952853553000068, -8.182224725999959, 0.0 ], [ 114.951816199000064, -8.182354566999948, 0.0 ], [ 114.9514806950001, -8.182549682999934, 0.0 ], [ 114.951266543000088, -8.182487816999981, 0.0 ], [ 114.950102987000037, -8.182542544999933, 0.0 ], [ 114.949277314000028, -8.182442606999928, 0.0 ], [ 114.948649136000085, -8.182521129999941, 0.0 ], [ 114.948268422000069, -8.182442606999928, 0.0 ], [ 114.94774494100011, -8.182461642999954, 0.0 ], [ 114.947050138, -8.182661517999975, 0.0 ], [ 114.945177503000082, -8.182987503999925, 0.0 ], [ 114.944673057000045, -8.182958949999943, 0.0 ], [ 114.943968736000102, -8.183111235999945, 0.0 ], [ 114.942726658000083, -8.183056507999936, 0.0 ], [ 114.942488712000113, -8.183161204999976, 0.0 ], [ 114.941653521000035, -8.183163583999942, 0.0 ], [ 114.940056903000027, -8.183382493999943, 0.0 ], [ 114.93913129200007, -8.183303971999976, 0.0 ], [ 114.938867172000073, -8.183372976999976, 0.0 ], [ 114.935895225000081, -8.183372976999976, 0.0 ], [ 114.934491412000057, -8.183020361999979, 0.0 ], [ 114.933406378000086, -8.182891870999981, 0.0 ], [ 114.931471708000117, -8.182210212999962, 0.0 ], [ 114.930927952000047, -8.181936034999978, 0.0 ], [ 114.92933138300009, -8.180827746999967, 0.0 ], [ 114.929113760000064, -8.180554653999934, 0.0 ], [ 114.928360278000014, -8.180565089999959, 0.0 ], [ 114.928247160000069, -8.180676006999931, 0.0 ], [ 114.928195764000066, -8.180948692999948, 0.0 ], [ 114.927952345000108, -8.181226137999943, 0.0 ], [ 114.927492752000035, -8.181372712999973, 0.0 ], [ 114.92643918300007, -8.181943342999944, 0.0 ], [ 114.925346002000083, -8.182170188999976, 0.0 ], [ 114.924905802000012, -8.182340558999954, 0.0 ], [ 114.922725740000033, -8.182500457999936, 0.0 ], [ 114.921533630000113, -8.182744114999934, 0.0 ], [ 114.920659892000117, -8.183033457999954, 0.0 ], [ 114.920339141000113, -8.183045830999959, 0.0 ], [ 114.919843261000096, -8.183270451999931, 0.0 ], [ 114.919294081000089, -8.183249512999964, 0.0 ], [ 114.917549460000032, -8.183489361999932, 0.0 ], [ 114.917133038000088, -8.183621694999943, 0.0 ], [ 114.917082809000021, -8.183727426999951, 0.0 ], [ 114.916749208000056, -8.183680313999957, 0.0 ], [ 114.916140720000044, -8.183844615999931, 0.0 ], [ 114.91578281000011, -8.18380824999997, 0.0 ], [ 114.914946346000079, -8.184044429999972, 0.0 ], [ 114.913997897000058, -8.183951730999979, 0.0 ], [ 114.912307528000042, -8.183997416999944, 0.0 ], [ 114.911501377000036, -8.183806595999954, 0.0 ], [ 114.910801805, -8.183922225999936, 0.0 ], [ 114.909870008000098, -8.183736627999963, 0.0 ], [ 114.909184723000067, -8.183849176999956, 0.0 ], [ 114.90813038400006, -8.183173884999974, 0.0 ], [ 114.907067013000074, -8.182677373999979, 0.0 ], [ 114.906464285000084, -8.182520722999925, 0.0 ], [ 114.906120929000053, -8.182776990999969, 0.0 ], [ 114.905807863000064, -8.183207691999939, 0.0 ], [ 114.90495166200003, -8.183806583999967, 0.0 ], [ 114.904494424000063, -8.185061270999938, 0.0 ], [ 114.904363229000069, -8.18583603999997, 0.0 ], [ 114.904064222000102, -8.186076668999931, 0.0 ], [ 114.903451753000013, -8.187099553999929, 0.0 ], [ 114.903332062000118, -8.187495303999981, 0.0 ], [ 114.902533991000041, -8.18793788399995, 0.0 ], [ 114.902347679000059, -8.18791432699993, 0.0 ], [ 114.902168506000066, -8.188089930999979, 0.0 ], [ 114.901057297000079, -8.188363330999948, 0.0 ], [ 114.900232100000039, -8.188449943999956, 0.0 ], [ 114.897641105000048, -8.18897461499995, 0.0 ], [ 114.896789154000089, -8.188957328999948, 0.0 ], [ 114.896670285000027, -8.189025772999969, 0.0 ], [ 114.895454527000084, -8.18866997799995, 0.0 ], [ 114.894446931000061, -8.188504636999937, 0.0 ], [ 114.893573701000037, -8.188136184999962, 0.0 ], [ 114.893228045000114, -8.188090500999976, 0.0 ], [ 114.892359312000053, -8.18816303899996, 0.0 ], [ 114.891374215000042, -8.188548510999965, 0.0 ], [ 114.890631823000035, -8.188705555999945, 0.0 ], [ 114.88984606300005, -8.189606433999927, 0.0 ], [ 114.888455778000093, -8.190264314999979, 0.0 ], [ 114.886581091000039, -8.19078828399995, 0.0 ], [ 114.886225124000021, -8.19081874099993, 0.0 ], [ 114.885608368000021, -8.190719754999975, 0.0 ], [ 114.885052526000095, -8.190828258999943, 0.0 ], [ 114.884487166000099, -8.191258464999976, 0.0 ], [ 114.883933227000057, -8.191505928999959, 0.0 ], [ 114.883554417000028, -8.191928521999955, 0.0 ], [ 114.88349921400004, -8.192158852999967, 0.0 ], [ 114.883346928000037, -8.192358727999931, 0.0 ], [ 114.882844386000102, -8.192701370999941, 0.0 ], [ 114.881652752000036, -8.193196297999975, 0.0 ], [ 114.880480153, -8.193360004999931, 0.0 ], [ 114.879855783000039, -8.193565590999981, 0.0 ], [ 114.878469985000038, -8.194515471999978, 0.0 ], [ 114.87736369400011, -8.194701069999951, 0.0 ], [ 114.876330596000116, -8.195273578999945, 0.0 ], [ 114.875536104000048, -8.195475259999967, 0.0 ], [ 114.874497395000049, -8.195586228999957, 0.0 ], [ 114.870648387000074, -8.195612825999945, 0.0 ], [ 114.869177872000023, -8.196051175999969, 0.0 ], [ 114.867859651000117, -8.196251049999944, 0.0 ], [ 114.866641367000057, -8.196160630999941, 0.0 ], [ 114.865018574000032, -8.195894130999932, 0.0 ], [ 114.864399915000035, -8.196094005999953, 0.0 ], [ 114.862253641000052, -8.19648899699996, 0.0 ], [ 114.860973491000095, -8.196536585999979, 0.0 ], [ 114.859576240000024, -8.196268240999927, 0.0 ], [ 114.858539302000054, -8.195910787999935, 0.0 ], [ 114.857277474000057, -8.195355272999961, 0.0 ], [ 114.856759941000064, -8.195245816999943, 0.0 ], [ 114.856556497000042, -8.19529459599994, 0.0 ], [ 114.856406591000109, -8.19521726399995, 0.0 ], [ 114.856120223000062, -8.195350513999927, 0.0 ], [ 114.855751407000071, -8.195383825999954, 0.0 ], [ 114.855505132000076, -8.195342185999948, 0.0 ], [ 114.85550275300011, -8.195286267999961, 0.0 ], [ 114.855156541000042, -8.195304113999953, 0.0 ], [ 114.850888950000012, -8.194637261999958, 0.0 ], [ 114.849318506000031, -8.19418897099996, 0.0 ], [ 114.848553180000067, -8.193575203999956, 0.0 ], [ 114.848317800000018, -8.193596738999929, 0.0 ], [ 114.848219290000088, -8.193839443999934, 0.0 ], [ 114.848090799000033, -8.193848961999947, 0.0 ], [ 114.847532803000036, -8.19370990799996, 0.0 ], [ 114.846767819000092, -8.193649086999926, 0.0 ], [ 114.846355696000046, -8.193518216999962, 0.0 ], [ 114.844854256000076, -8.192580708999969, 0.0 ], [ 114.843562209000083, -8.191367183999944, 0.0 ], [ 114.842769849000092, -8.191005505999954, 0.0 ], [ 114.842524368000113, -8.190824369999973, 0.0 ], [ 114.842547072000116, -8.190731272999926, 0.0 ], [ 114.842022400000019, -8.190591479999966, 0.0 ], [ 114.841369238000084, -8.190602781999928, 0.0 ], [ 114.841306183000029, -8.190672380999956, 0.0 ], [ 114.840930228000047, -8.190724729999943, 0.0 ], [ 114.839937993000035, -8.191238692999946, 0.0 ], [ 114.839688689000013, -8.19232900999998, 0.0 ], [ 114.839657756000065, -8.193236575999947, 0.0 ], [ 114.839539972000011, -8.193513782999958, 0.0 ], [ 114.839262765000058, -8.193506644999957, 0.0 ], [ 114.838839221000057, -8.193670827999938, 0.0 ], [ 114.83850609600006, -8.193645842999956, 0.0 ], [ 114.837740901000075, -8.193865744999925, 0.0 ], [ 114.837647537000066, -8.193867402999956, 0.0 ], [ 114.8376384070001, -8.193724384999939, 0.0 ], [ 114.837580986000034, -8.193721145999973, 0.0 ], [ 114.837586147000025, -8.193867402999956, 0.0 ], [ 114.836767702000088, -8.19387050399996, 0.0 ], [ 114.836144283000067, -8.193775325999979, 0.0 ], [ 114.836072899000101, -8.193920472999935, 0.0 ], [ 114.835773087, -8.193884780999952, 0.0 ], [ 114.835394355000062, -8.193741275999969, 0.0 ], [ 114.834786573000088, -8.193334728999957, 0.0 ], [ 114.834243262000086, -8.193190374999972, 0.0 ], [ 114.833391415000051, -8.192671651999945, 0.0 ], [ 114.832529892000025, -8.191860255999927, 0.0 ], [ 114.83223483900008, -8.191415296999935, 0.0 ], [ 114.831670906000113, -8.190066141999978, 0.0 ], [ 114.831659009000077, -8.18937133999998, 0.0 ], [ 114.832025446000102, -8.188664639999956, 0.0 ], [ 114.832115866000095, -8.188636085999974, 0.0 ], [ 114.832539410000095, -8.188897826999948, 0.0 ], [ 114.832608414000106, -8.188819304999981, 0.0 ], [ 114.832479923000051, -8.188700331999939, 0.0 ], [ 114.83246564600006, -8.188488559999939, 0.0 ], [ 114.832689316000028, -8.187846104999949, 0.0 ], [ 114.833095987000092, -8.188008340999943, 0.0 ], [ 114.833134446000031, -8.187936405999949, 0.0 ], [ 114.832703130000027, -8.187737482999978, 0.0 ], [ 114.832554651, -8.187471934999962, 0.0 ], [ 114.832093988000111, -8.187233988999935, 0.0 ], [ 114.831355974000076, -8.188914982999961, 0.0 ], [ 114.830738757000063, -8.188892854999949, 0.0 ], [ 114.830417277000038, -8.189121995999926, 0.0 ], [ 114.829496425000116, -8.190049985999963, 0.0 ], [ 114.828828987000065, -8.190892314999928, 0.0 ], [ 114.827904566000029, -8.191681106999965, 0.0 ], [ 114.827101498000047, -8.191848858999947, 0.0 ], [ 114.826202062000107, -8.192248607999943, 0.0 ], [ 114.825548900000058, -8.192341406999958, 0.0 ], [ 114.824535249000064, -8.192341406999958, 0.0 ], [ 114.823261048000063, -8.192162946999929, 0.0 ], [ 114.822176014000092, -8.191702521999957, 0.0 ], [ 114.821679896000092, -8.19125280399993, 0.0 ], [ 114.821296611000093, -8.191086995999967, 0.0 ], [ 114.820302188000028, -8.190267706999975, 0.0 ], [ 114.820115923000117, -8.190211353999928, 0.0 ], [ 114.819484843000055, -8.189678789999959, 0.0 ], [ 114.819267123000031, -8.189593129999935, 0.0 ], [ 114.819263553000042, -8.18949676099993, 0.0 ], [ 114.818728175000047, -8.188982797999927, 0.0 ], [ 114.81827845600003, -8.188379603999977, 0.0 ], [ 114.817967937000049, -8.18763721299996, 0.0 ], [ 114.817452741000011, -8.185999142999947, 0.0 ], [ 114.816875764000088, -8.185367206999956, 0.0 ], [ 114.816436754000051, -8.185145916999943, 0.0 ], [ 114.816061989000104, -8.185185177999927, 0.0 ], [ 114.815116153000076, -8.185502835999955, 0.0 ], [ 114.814809202000106, -8.185631326999953, 0.0 ], [ 114.814241701000014, -8.18604178399994, 0.0 ], [ 114.813645646000055, -8.186059629999932, 0.0 ], [ 114.813345834000074, -8.186234519999971, 0.0 ], [ 114.812860424000064, -8.186288057999946, 0.0 ], [ 114.812692672000026, -8.186380856999961, 0.0 ], [ 114.812396429000046, -8.186277350999944, 0.0 ], [ 114.811400624000044, -8.186166705999938, 0.0 ], [ 114.809369326000024, -8.186131441999976, 0.0 ], [ 114.808415325000055, -8.185805176999963, 0.0 ], [ 114.807962827000097, -8.185529200999952, 0.0 ], [ 114.807230944000025, -8.184847385999944, 0.0 ], [ 114.806757431000051, -8.184245381999972, 0.0 ], [ 114.806624182000064, -8.184262037999929, 0.0 ], [ 114.806405271000017, -8.184131167999965, 0.0 ], [ 114.805643844000087, -8.183531543999948, 0.0 ], [ 114.805184608000104, -8.183027097999968, 0.0 ], [ 114.804834827000036, -8.182841499999938, 0.0 ], [ 114.804584025000054, -8.182538282999928, 0.0 ], [ 114.804550712000037, -8.182245609999939, 0.0 ], [ 114.804284213000074, -8.18246451999994, 0.0 ], [ 114.804191414000115, -8.182459760999961, 0.0 ], [ 114.803399053000021, -8.182043354999962, 0.0 ], [ 114.802294983000024, -8.181912484999941, 0.0 ], [ 114.801657288000115, -8.181467525999949, 0.0 ], [ 114.800610325000093, -8.181398520999949, 0.0 ], [ 114.800201058000084, -8.181291445999932, 0.0 ], [ 114.799349210000059, -8.180984494999961, 0.0 ], [ 114.797867765000092, -8.180126534999943, 0.0 ], [ 114.797374258000104, -8.180165960999943, 0.0 ], [ 114.797134241000094, -8.180027843999937, 0.0 ], [ 114.796215769000014, -8.18009208999996, 0.0 ], [ 114.795649457000081, -8.179898163999951, 0.0 ], [ 114.795228327000018, -8.179856579999978, 0.0 ], [ 114.794672212000023, -8.179682108999941, 0.0 ], [ 114.79396832000009, -8.179290829999957, 0.0 ], [ 114.792689185000086, -8.178917849999948, 0.0 ], [ 114.792641715000059, -8.178801850999946, 0.0 ], [ 114.792395078000027, -8.178641758999959, 0.0 ], [ 114.79161919, -8.178322021999975, 0.0 ], [ 114.791414332000045, -8.178140460999941, 0.0 ], [ 114.791062055000111, -8.178226362999965, 0.0 ], [ 114.790999354000064, -8.178141412999935, 0.0 ], [ 114.790860252000016, -8.178146823999953, 0.0 ], [ 114.790853114000015, -8.178030229999933, 0.0 ], [ 114.790848355000094, -8.178151582999931, 0.0 ], [ 114.79021698400004, -8.17834183399998, 0.0 ], [ 114.789035799000089, -8.178125660999967, 0.0 ], [ 114.788527546000068, -8.177786349999963, 0.0 ], [ 114.788364791000049, -8.177832035999927, 0.0 ], [ 114.788141360000054, -8.177546975999974, 0.0 ], [ 114.787985743000036, -8.177579574999982, 0.0 ], [ 114.787651904000086, -8.177315929999963, 0.0 ], [ 114.786633767000012, -8.176765932999956, 0.0 ], [ 114.784542563000059, -8.176312541999948, 0.0 ], [ 114.783170842000118, -8.175588854999944, 0.0 ], [ 114.78111332200001, -8.175066563999962, 0.0 ], [ 114.780317392000029, -8.174407452999958, 0.0 ], [ 114.780189078000035, -8.174408064999966, 0.0 ], [ 114.779999734000057, -8.174256356999933, 0.0 ], [ 114.779541183000106, -8.174214715999938, 0.0 ], [ 114.779446509000081, -8.174107640999978, 0.0 ], [ 114.778879776000053, -8.174105096999938, 0.0 ], [ 114.778687039000033, -8.174035140999933, 0.0 ], [ 114.778610659000037, -8.174103669999965, 0.0 ], [ 114.778490020000049, -8.174067977999925, 0.0 ], [ 114.777788912, -8.174237394999977, 0.0 ], [ 114.777638292, -8.174125798999967, 0.0 ], [ 114.776656050000042, -8.173970657999973, 0.0 ], [ 114.775541751000105, -8.173537779999947, 0.0 ], [ 114.774655640000105, -8.173396914999955, 0.0 ], [ 114.774389140000039, -8.173466395999981, 0.0 ], [ 114.773659692000024, -8.173173626999926, 0.0 ], [ 114.773457914, -8.173208842999941, 0.0 ], [ 114.772995347, -8.173109856999929, 0.0 ], [ 114.771901747000015, -8.17275198599998, 0.0 ], [ 114.771643672000096, -8.17276469199993, 0.0 ], [ 114.770928071000071, -8.173042280999937, 0.0 ], [ 114.770907760000114, -8.173183951999931, 0.0 ], [ 114.770483588000047, -8.173436318999961, 0.0 ], [ 114.768761810000115, -8.173501991999956, 0.0 ], [ 114.768317327000091, -8.173373501999947, 0.0 ], [ 114.767879506000099, -8.173350658999937, 0.0 ], [ 114.766840157000047, -8.173121278999929, 0.0 ], [ 114.766730702000018, -8.172949005999953, 0.0 ], [ 114.766586983000025, -8.172893801999976, 0.0 ], [ 114.765841899000065, -8.17275501599994, 0.0 ], [ 114.764403946000016, -8.172012711999969, 0.0 ], [ 114.764041078000105, -8.171654602999979, 0.0 ], [ 114.763650847, -8.171616530999927, 0.0 ], [ 114.762306451000086, -8.170985973999962, 0.0 ], [ 114.760863308000012, -8.170583844999953, 0.0 ], [ 114.760408831000063, -8.170665936999967, 0.0 ], [ 114.760366001000079, -8.170571947999974, 0.0 ], [ 114.75982943200006, -8.170368503999953, 0.0 ], [ 114.758123804000093, -8.169902294999929, 0.0 ], [ 114.756912213000078, -8.169322730999966, 0.0 ], [ 114.755509521000022, -8.169181152999954, 0.0 ], [ 114.755045526000117, -8.169296556999939, 0.0 ], [ 114.754397123000103, -8.169174014999953, 0.0 ], [ 114.754000943000051, -8.16892655099997, 0.0 ], [ 114.753450097000041, -8.168874202999973, 0.0 ], [ 114.752381719000027, -8.169159737999962, 0.0 ], [ 114.751652946000036, -8.169467691999955, 0.0 ], [ 114.751138982000043, -8.169600941999931, 0.0 ], [ 114.750805857000046, -8.169603320999954, 0.0 ], [ 114.74832883800002, -8.16877526899998, 0.0 ], [ 114.747531719000108, -8.168335068999966, 0.0 ], [ 114.747096278000072, -8.167878211999948, 0.0 ], [ 114.746879747000094, -8.167768756999976, 0.0 ], [ 114.746510930000113, -8.167740202999937, 0.0 ], [ 114.746070730000042, -8.167526051999971, 0.0 ], [ 114.745561525000085, -8.167518912999981, 0.0 ], [ 114.744369712000093, -8.167066486999943, 0.0 ], [ 114.74378674400009, -8.166810694999981, 0.0 ], [ 114.742975943000033, -8.166129127999966, 0.0 ], [ 114.742515914000023, -8.165859058999956, 0.0 ], [ 114.741635513, -8.165723429999957, 0.0 ], [ 114.740938331000052, -8.165387925999937, 0.0 ], [ 114.740445783000041, -8.164933448999932, 0.0 ], [ 114.739905645000022, -8.164664569999957, 0.0 ], [ 114.739624869000068, -8.164383792999956, 0.0 ], [ 114.739548726000066, -8.164424243999974, 0.0 ], [ 114.738982732000068, -8.163791307999929, 0.0 ], [ 114.738744786000098, -8.163653298999975, 0.0 ], [ 114.737457814000095, -8.162133282999946, 0.0 ], [ 114.736552697000093, -8.16141016499995, 0.0 ], [ 114.735415315000068, -8.160796263999941, 0.0 ], [ 114.735348373000079, -8.16064350299996, 0.0 ], [ 114.735472105000099, -8.16064350299996, 0.0 ], [ 114.735489237000024, -8.160580684999957, 0.0 ], [ 114.735346469000092, -8.160535950999929, 0.0 ], [ 114.735226544000056, -8.160330365999926, 0.0 ], [ 114.734973370000034, -8.160212343999945, 0.0 ], [ 114.734862011000018, -8.160198067999943, 0.0 ], [ 114.734618354000077, -8.160339882999949, 0.0 ], [ 114.73461645000009, -8.160490264999964, 0.0 ], [ 114.734737327000062, -8.160491216999958, 0.0 ], [ 114.734702111000047, -8.160592105999967, 0.0 ], [ 114.734253821000038, -8.160517866999953, 0.0 ], [ 114.73409201700008, -8.160357015999978, 0.0 ], [ 114.734209087000067, -8.160346545999971, 0.0 ], [ 114.734243351000032, -8.160207584999966, 0.0 ], [ 114.734001598000077, -8.159952506999957, 0.0 ], [ 114.733874059000073, -8.160037215999978, 0.0 ], [ 114.733986369000036, -8.160121924999942, 0.0 ], [ 114.733975979000093, -8.160281110999961, 0.0 ], [ 114.733164583000075, -8.159859945999926, 0.0 ], [ 114.733136029000093, -8.159669588999975, 0.0 ], [ 114.732981364000011, -8.15970052199998, 0.0 ], [ 114.732850494000104, -8.159595825999929, 0.0 ], [ 114.732807663000017, -8.159714798999971, 0.0 ], [ 114.732405535000112, -8.159607722999965, 0.0 ], [ 114.732386499000086, -8.15967196899993, 0.0 ], [ 114.731199148000087, -8.15907234499997, 0.0 ], [ 114.730171221000091, -8.15885343399998, 0.0 ], [ 114.728362830000037, -8.158277604999967, 0.0 ], [ 114.727689443000031, -8.158213358999944, 0.0 ], [ 114.72677335000003, -8.157946859999981, 0.0 ], [ 114.726506851000067, -8.157661323999946, 0.0 ], [ 114.72636646300009, -8.157613734999927, 0.0 ], [ 114.726402154000084, -8.157511417999956, 0.0 ], [ 114.726283181000099, -8.157397203999949, 0.0 ], [ 114.726185624000095, -8.157440033999933, 0.0 ], [ 114.726145173000077, -8.157325819999926, 0.0 ], [ 114.72604999400005, -8.157373408999945, 0.0 ], [ 114.725959575000047, -8.157297266999933, 0.0 ], [ 114.72575732100006, -8.157294886999978, 0.0 ], [ 114.725702593000051, -8.157202087999963, 0.0 ], [ 114.725026826000089, -8.157309163999969, 0.0 ], [ 114.725019688000089, -8.157180672999971, 0.0 ], [ 114.72480315700011, -8.157233020999968, 0.0 ], [ 114.724693701000092, -8.157123565999939, 0.0 ], [ 114.724603282000089, -8.157242538999981, 0.0 ], [ 114.723906100000022, -8.157309163999969, 0.0 ], [ 114.723151811000093, -8.157530453999925, 0.0 ], [ 114.722771097000077, -8.157575663999978, 0.0 ], [ 114.722728267000093, -8.157480484999951, 0.0 ], [ 114.722737785000049, -8.157578042999944, 0.0 ], [ 114.722666401000083, -8.157549489999951, 0.0 ], [ 114.722611673000074, -8.157632770999953, 0.0 ], [ 114.722304723000093, -8.157620872999928, 0.0 ], [ 114.721041229000093, -8.157244918999936, 0.0 ], [ 114.720370221000053, -8.157140221999953, 0.0 ], [ 114.71810735300005, -8.156369276999953, 0.0 ], [ 114.71720791700011, -8.156385932999967, 0.0 ], [ 114.716834342000084, -8.156295513999964, 0.0 ], [ 114.715980115000093, -8.155917178999971, 0.0 ], [ 114.715475670000046, -8.155519808999941, 0.0 ], [ 114.71520101100009, -8.155195182999933, 0.0 ], [ 114.714719001000049, -8.154515676999949, 0.0 ], [ 114.7146809300001, -8.154220623999947, 0.0 ], [ 114.714730898000084, -8.153973159999964, 0.0 ], [ 114.715256759000113, -8.153161762999957, 0.0 ], [ 114.715256759000113, -8.15245506399998, 0.0 ], [ 114.715363835000062, -8.15214573399993, 0.0 ], [ 114.715863522000063, -8.151705532999927, 0.0 ], [ 114.716146678000086, -8.151105908999966, 0.0 ], [ 114.71606577600005, -8.150546735999967, 0.0 ], [ 114.71582783000008, -8.150280235999958, 0.0 ], [ 114.715587504000041, -8.150185057999977, 0.0 ], [ 114.715292451000096, -8.150325445999954, 0.0 ], [ 114.715021034000074, -8.15057814499994, 0.0 ], [ 114.7145546590001, -8.151548964999961, 0.0 ], [ 114.713864616000023, -8.152062927999964, 0.0 ], [ 114.713531491000026, -8.152548337999974, 0.0 ], [ 114.713493420000077, -8.152757730999951, 0.0 ], [ 114.713807509000048, -8.152900498999941, 0.0 ], [ 114.713836062000041, -8.153209828999934, 0.0 ], [ 114.713721848000091, -8.153542952999942, 0.0 ], [ 114.713422036000111, -8.154004568999937, 0.0 ], [ 114.712384591000045, -8.154975388999958, 0.0 ], [ 114.712051466000048, -8.155189539999981, 0.0 ], [ 114.71087125400004, -8.155489351999961, 0.0 ], [ 114.710312036, -8.155502701999978, 0.0 ], [ 114.710213526000075, -8.155405619999954, 0.0 ], [ 114.710084559000052, -8.155447736999974, 0.0 ], [ 114.709996757000113, -8.155383490999952, 0.0 ], [ 114.709973914000102, -8.155437028999927, 0.0 ], [ 114.709337111000082, -8.155196144999934, 0.0 ], [ 114.709096984000098, -8.154988337999953, 0.0 ], [ 114.708079526, -8.154766809999956, 0.0 ], [ 114.70801766000011, -8.154688763999957, 0.0 ], [ 114.707813265000027, -8.154662827999971, 0.0 ], [ 114.707385913000053, -8.154364681999937, 0.0 ], [ 114.707343083000069, -8.154253322999978, 0.0 ], [ 114.70613146200003, -8.153558995999958, 0.0 ], [ 114.705528030000096, -8.152990780999971, 0.0 ], [ 114.705034312000066, -8.152720790999979, 0.0 ], [ 114.704892258000086, -8.152516157999969, 0.0 ], [ 114.704791369000077, -8.152551373999927, 0.0 ], [ 114.704828727000063, -8.152438824999933, 0.0 ], [ 114.704542573000026, -8.15213078599993, 0.0 ], [ 114.704580406000105, -8.151972313999977, 0.0 ], [ 114.7043412700001, -8.151882369999953, 0.0 ], [ 114.703780074000065, -8.151360910999927, 0.0 ], [ 114.703279198000018, -8.151215763999971, 0.0 ], [ 114.702712886000086, -8.151282150999975, 0.0 ], [ 114.702182742000105, -8.151174599999933, 0.0 ], [ 114.701442254000085, -8.150872883999966, 0.0 ], [ 114.700852148000081, -8.150440773999946, 0.0 ], [ 114.700620578000098, -8.150431255999933, 0.0 ], [ 114.699407928000028, -8.149140432999957, 0.0 ], [ 114.699424185000112, -8.149049914999978, 0.0 ], [ 114.699252983000065, -8.148938794999935, 0.0 ], [ 114.699220147, -8.148750340999925, 0.0 ], [ 114.699093083000093, -8.148743202999981, 0.0 ], [ 114.699083090000045, -8.148611856999935, 0.0 ], [ 114.698964592000038, -8.14855474999996, 0.0 ], [ 114.698319283000046, -8.147583929999939, 0.0 ], [ 114.697572132, -8.146687348999933, 0.0 ], [ 114.69741895300001, -8.146577384999944, 0.0 ], [ 114.696647235000114, -8.146380397999962, 0.0 ], [ 114.695881757000052, -8.146079566999958, 0.0 ], [ 114.694911181000066, -8.145377216999975, 0.0 ], [ 114.69450056200003, -8.145000687999925, 0.0 ], [ 114.694529116000012, -8.144934062999937, 0.0 ], [ 114.69385517, -8.144498247999934, 0.0 ], [ 114.693758445000071, -8.144340572999965, 0.0 ], [ 114.693295825000064, -8.144334789999959, 0.0 ], [ 114.693027117000042, -8.144210297999962, 0.0 ], [ 114.692877211000109, -8.144282871999962, 0.0 ], [ 114.692851037000082, -8.144211487999939, 0.0 ], [ 114.692466041000102, -8.144205062999958, 0.0 ], [ 114.692027268000061, -8.144371624999962, 0.0 ], [ 114.690589598000088, -8.143961489999981, 0.0 ], [ 114.689653573000101, -8.14392305299998, 0.0 ], [ 114.688524689000019, -8.144156700999929, 0.0 ], [ 114.686953860000017, -8.144289323999942, 0.0 ], [ 114.686679746000095, -8.14424173499998, 0.0 ], [ 114.686611841000058, -8.144324690999952, 0.0 ], [ 114.686349386000074, -8.144198102999951, 0.0 ], [ 114.686038243000098, -8.144243638999967, 0.0 ], [ 114.684918945000049, -8.144116099999962, 0.0 ], [ 114.684562231000086, -8.144254546999946, 0.0 ], [ 114.684547849000069, -8.144335052999963, 0.0 ], [ 114.684406033000073, -8.144281752999973, 0.0 ], [ 114.684347874000082, -8.144376888999943, 0.0 ], [ 114.684049014000038, -8.144363563999946, 0.0 ], [ 114.68391766700006, -8.14449110299995, 0.0 ], [ 114.68361040100001, -8.144526956999925, 0.0 ], [ 114.682785917000047, -8.144510537999963, 0.0 ], [ 114.68267455900002, -8.144428446999939, 0.0 ], [ 114.682133945000032, -8.144495309999968, 0.0 ], [ 114.681130970000027, -8.144183041999952, 0.0 ], [ 114.681031184000062, -8.144421228999931, 0.0 ], [ 114.680624296000019, -8.144887603999962, 0.0 ], [ 114.680211479000036, -8.145014626999966, 0.0 ], [ 114.678937107000024, -8.14621034299995, 0.0 ], [ 114.677409458000056, -8.146716845999947, 0.0 ], [ 114.677080261000015, -8.14702299299995, 0.0 ], [ 114.676677773000051, -8.147189168999944, 0.0 ], [ 114.675616534000028, -8.147398561999978, 0.0 ], [ 114.6741115640001, -8.147515115999965, 0.0 ], [ 114.67220390500006, -8.147411794999925, 0.0 ], [ 114.67130841900007, -8.147182652999959, 0.0 ], [ 114.669115745000113, -8.146234794999941, 0.0 ], [ 114.668120179000084, -8.14631997999993, 0.0 ], [ 114.66737493200003, -8.146250023999926, 0.0 ], [ 114.66607538400001, -8.145865012999934, 0.0 ], [ 114.66582637800002, -8.14567419399998, 0.0 ], [ 114.665468235000048, -8.145564476999937, 0.0 ], [ 114.664482221000071, -8.144746679999969, 0.0 ], [ 114.663908295000056, -8.14412564099996, 0.0 ], [ 114.663854281000113, -8.143921482999929, 0.0 ], [ 114.663734118000093, -8.143827493999936, 0.0 ], [ 114.663709134000101, -8.14361691199997, 0.0 ], [ 114.663177324000117, -8.143022046999931, 0.0 ], [ 114.662390548000076, -8.14255585799998, 0.0 ], [ 114.661707740000111, -8.142525948999946, 0.0 ], [ 114.661298472000112, -8.142635403999975, 0.0 ], [ 114.661130301000071, -8.142835659999946, 0.0 ], [ 114.661121190000017, -8.143187642999976, 0.0 ], [ 114.660949810000034, -8.143868622999946, 0.0 ], [ 114.660846303000085, -8.144073256999945, 0.0 ], [ 114.66041554100002, -8.14439082399997, 0.0 ], [ 114.659570446000089, -8.144516698999951, 0.0 ], [ 114.659054489000027, -8.144462207999936, 0.0 ], [ 114.658465822000039, -8.144287764999945, 0.0 ], [ 114.657442584000023, -8.144179776999977, 0.0 ], [ 114.656720417000088, -8.143738196999948, 0.0 ], [ 114.655135696000116, -8.143391985999926, 0.0 ], [ 114.654540831000077, -8.142986286999928, 0.0 ], [ 114.6539804680001, -8.142264120999926, 0.0 ], [ 114.6539804680001, -8.142107076999935, 0.0 ], [ 114.653602133000049, -8.141149343999928, 0.0 ], [ 114.653209522000111, -8.140592549999951, 0.0 ], [ 114.652382861000092, -8.139774357999954, 0.0 ], [ 114.651998377000041, -8.139170821999926, 0.0 ], [ 114.651115597000057, -8.138092925999956, 0.0 ], [ 114.650525354000024, -8.137581393999938, 0.0 ], [ 114.648861281000109, -8.136583919999964, 0.0 ], [ 114.648452366000015, -8.136180691999925, 0.0 ], [ 114.64801159000001, -8.135466476999966, 0.0 ], [ 114.647184489000097, -8.134532775999958, 0.0 ], [ 114.646150693000095, -8.133114617999979, 0.0 ], [ 114.645342628000094, -8.132265149999967, 0.0 ], [ 114.645415439000089, -8.13213523099995, 0.0 ], [ 114.645364642000118, -8.131102287999965, 0.0 ], [ 114.645283741000071, -8.130916690999925, 0.0 ], [ 114.64503151800011, -8.130864341999938, 0.0 ], [ 114.644374786000071, -8.131045180999934, 0.0 ], [ 114.643879859000094, -8.131311680999943, 0.0 ], [ 114.643537216000027, -8.131697153999937, 0.0 ], [ 114.643546734000097, -8.131916063999938, 0.0 ], [ 114.643746609000118, -8.132173045999934, 0.0 ], [ 114.643884617000026, -8.132672732999936, 0.0 ], [ 114.644293885000025, -8.133291392999979, 0.0 ], [ 114.644676391000075, -8.133661894999932, 0.0 ], [ 114.64447984800006, -8.134899213999972, 0.0 ], [ 114.643991582000012, -8.135581643999956, 0.0 ], [ 114.643222540000011, -8.136070860999951, 0.0 ], [ 114.642228513000077, -8.136427521999963, 0.0 ], [ 114.641700272000094, -8.136846306999928, 0.0 ], [ 114.641508238000029, -8.137306653999929, 0.0 ], [ 114.640767512000025, -8.137896640999941, 0.0 ], [ 114.640382039000087, -8.138029890999974, 0.0 ], [ 114.639928038000107, -8.138074624999945, 0.0 ], [ 114.639229922000027, -8.138021330999948, 0.0 ], [ 114.638734390000081, -8.137893596999959, 0.0 ], [ 114.63801590300011, -8.13748166299996, 0.0 ], [ 114.637921688, -8.137285317999954, 0.0 ], [ 114.637049346000026, -8.136376700999961, 0.0 ], [ 114.635726159000114, -8.135230176999926, 0.0 ], [ 114.634951357000091, -8.134086250999928, 0.0 ], [ 114.63470162100009, -8.133456774999956, 0.0 ], [ 114.634740882000074, -8.133308058999944, 0.0 ], [ 114.634525611000072, -8.133178647999955, 0.0 ], [ 114.634397221000086, -8.132573272999934, 0.0 ], [ 114.634555284000044, -8.132154495999941, 0.0 ], [ 114.634372542000051, -8.131657664999977, 0.0 ], [ 114.633544489000087, -8.130841033999957, 0.0 ], [ 114.632423287000051, -8.130416537999963, 0.0 ], [ 114.632027821000065, -8.130096737999963, 0.0 ], [ 114.63182509100011, -8.130159555999967, 0.0 ], [ 114.63169184100002, -8.129960632999939, 0.0 ], [ 114.631513381000104, -8.129947545999926, 0.0 ], [ 114.631486017000043, -8.129840469999976, 0.0 ], [ 114.631104114000095, -8.129788121999979, 0.0 ], [ 114.631186205000063, -8.129652730999965, 0.0 ], [ 114.631042486000069, -8.129599430999974, 0.0 ], [ 114.630969992000018, -8.129468401999929, 0.0 ], [ 114.630795815000056, -8.129485533999969, 0.0 ], [ 114.630177631000038, -8.128824519999966, 0.0 ], [ 114.630006310000113, -8.128484732999937, 0.0 ], [ 114.629685083000027, -8.128237744999979, 0.0 ], [ 114.62930175200006, -8.128203241999927, 0.0 ], [ 114.628776357000106, -8.127973265999969, 0.0 ], [ 114.628431667000086, -8.12792435199998, 0.0 ], [ 114.627529740000114, -8.127910791999966, 0.0 ], [ 114.62715408300005, -8.12778372899993, 0.0 ], [ 114.626694133000115, -8.127896752999959, 0.0 ], [ 114.626491403000045, -8.127576952999959, 0.0 ], [ 114.626286769000103, -8.127511279999965, 0.0 ], [ 114.625785179000104, -8.127442751999979, 0.0 ], [ 114.625074298000072, -8.127745649999952, 0.0 ], [ 114.62428336500011, -8.127524359999938, 0.0 ], [ 114.62381366000011, -8.127557195999941, 0.0 ], [ 114.622027589000027, -8.126894658999959, 0.0 ], [ 114.621738484000048, -8.126888234999967, 0.0 ], [ 114.621038209000062, -8.127052416999959, 0.0 ], [ 114.620314377000113, -8.126878240999929, 0.0 ], [ 114.620118904000037, -8.126703469999939, 0.0 ], [ 114.619653482000103, -8.126509305999946, 0.0 ], [ 114.619233025000085, -8.126019336999946, 0.0 ], [ 114.618856860000051, -8.125341771999956, 0.0 ], [ 114.618538012000045, -8.124197250999941, 0.0 ], [ 114.618303159000106, -8.123768709999979, 0.0 ], [ 114.618192752000027, -8.123079617999963, 0.0 ], [ 114.618021431000102, -8.122912103999965, 0.0 ], [ 114.617473203000031, -8.123087232999978, 0.0 ], [ 114.616664186000094, -8.123587870999927, 0.0 ], [ 114.616709872000115, -8.124219855999968, 0.0 ], [ 114.616205426000079, -8.124836611999967, 0.0 ], [ 114.616163548000031, -8.125721771999963, 0.0 ], [ 114.615493492000041, -8.12639373199994, 0.0 ], [ 114.615048056000091, -8.126688784999942, 0.0 ], [ 114.614985715000103, -8.12702976199995, 0.0 ], [ 114.614248652000015, -8.127175589999979, 0.0 ], [ 114.613296867000031, -8.127508714999976, 0.0 ], [ 114.612568752000016, -8.127451607999944, 0.0 ], [ 114.61216735000005, -8.127718742999946, 0.0 ], [ 114.612119068000084, -8.127871294999977, 0.0 ], [ 114.612179030000107, -8.127944106999962, 0.0 ], [ 114.612119068000084, -8.127946961999953, 0.0 ], [ 114.612191879000079, -8.128028339999958, 0.0 ], [ 114.612106219000111, -8.12806117599996, 0.0 ], [ 114.612196162000032, -8.12806117599996, 0.0 ], [ 114.612236137000082, -8.128620825999974, 0.0 ], [ 114.612314660000038, -8.12868078799994, 0.0 ], [ 114.612314660000038, -8.128879234999943, 0.0 ], [ 114.612640794000072, -8.129807581999955, 0.0 ], [ 114.612658640000063, -8.130402446999938, 0.0 ], [ 114.61285792000001, -8.13085751899996, 0.0 ], [ 114.613149404000069, -8.130994337999937, 0.0 ], [ 114.613054226000031, -8.131273924999959, 0.0 ], [ 114.613069097000107, -8.131553510999936, 0.0 ], [ 114.612881715000071, -8.131526741999949, 0.0 ], [ 114.612503975000095, -8.131687355999929, 0.0 ], [ 114.61262592300011, -8.131925301999956, 0.0 ], [ 114.612560488000099, -8.13220191399995, 0.0 ], [ 114.612477206000108, -8.132207862999962, 0.0 ], [ 114.612155979000022, -8.131800379999959, 0.0 ], [ 114.612045929000033, -8.13178550899994, 0.0 ], [ 114.612028083000041, -8.131972890999975, 0.0 ], [ 114.6121440820001, -8.132231657999967, 0.0 ], [ 114.611998340000014, -8.132282220999969, 0.0 ], [ 114.611950751000109, -8.132410116999949, 0.0 ], [ 114.611763368000084, -8.132297092999977, 0.0 ], [ 114.611617626000111, -8.132517192999956, 0.0 ], [ 114.61172172800002, -8.132654011999932, 0.0 ], [ 114.611428310000065, -8.132787766999968, 0.0 ], [ 114.611435449000055, -8.132950046999952, 0.0 ], [ 114.611330752000072, -8.133002394999949, 0.0 ], [ 114.61114039600011, -8.133026188999963, 0.0 ], [ 114.611049976000118, -8.13293576999996, 0.0 ], [ 114.610959556000012, -8.133142782999926, 0.0 ], [ 114.610652606000031, -8.132440841999937, 0.0 ], [ 114.610512218000054, -8.13256695299998, 0.0 ], [ 114.610357553000085, -8.132514604999926, 0.0 ], [ 114.610162437000099, -8.132614542999931, 0.0 ], [ 114.610043464000114, -8.132540778999953, 0.0 ], [ 114.610003013000096, -8.132633577999968, 0.0 ], [ 114.609674648, -8.132571711999958, 0.0 ], [ 114.60944384000004, -8.132340904999978, 0.0 ], [ 114.609355800000117, -8.132340904999978, 0.0 ], [ 114.609099928000091, -8.132525391999934, 0.0 ], [ 114.609006663000059, -8.132885159999944, 0.0 ], [ 114.608778225000037, -8.132962736999957, 0.0 ], [ 114.608880066000097, -8.133093606999978, 0.0 ], [ 114.608800116000111, -8.133463375999952, 0.0 ], [ 114.608520292000094, -8.13356474099993, 0.0 ], [ 114.608366103000094, -8.133556174999967, 0.0 ], [ 114.608356109000056, -8.133299192999971, 0.0 ], [ 114.608156234000035, -8.133182122999926, 0.0 ], [ 114.60799205100011, -8.132775235999929, 0.0 ], [ 114.607869271000027, -8.132766669999967, 0.0 ], [ 114.607803598000032, -8.132669587999942, 0.0 ], [ 114.607673679000072, -8.132803788999979, 0.0 ], [ 114.607629422000059, -8.132706706999954, 0.0 ], [ 114.607216704000052, -8.132746919999931, 0.0 ], [ 114.607072509000091, -8.132609862999971, 0.0 ], [ 114.6070653700001, -8.132782611999971, 0.0 ], [ 114.606971144000113, -8.132808309999973, 0.0 ], [ 114.606958295000027, -8.132915385999979, 0.0 ], [ 114.606808388000104, -8.132846856999947, 0.0 ], [ 114.606785546000083, -8.133002473999966, 0.0 ], [ 114.606697030000078, -8.13303673799993, 0.0 ], [ 114.606692747000011, -8.133179505999976, 0.0 ], [ 114.60677269700011, -8.133125253999935, 0.0 ], [ 114.606791256000065, -8.133188071999939, 0.0 ], [ 114.606647061000103, -8.133520720999968, 0.0 ], [ 114.606672759000048, -8.133737727999971, 0.0 ], [ 114.60718815000007, -8.133881922999933, 0.0 ], [ 114.606919747, -8.134173168999951, 0.0 ], [ 114.606776861000071, -8.13419627299993, 0.0 ], [ 114.606791137000073, -8.134096335999971, 0.0 ], [ 114.60664242100006, -8.134051125999974, 0.0 ], [ 114.606504412000049, -8.134076110999956, 0.0 ], [ 114.606397337000089, -8.133911927999975, 0.0 ], [ 114.606139165000059, -8.133850061999965, 0.0 ], [ 114.605930962000116, -8.133640668999931, 0.0 ], [ 114.605576423000116, -8.133836974999952, 0.0 ], [ 114.605502659000081, -8.134051125999974, 0.0 ], [ 114.605334907000042, -8.134043987999974, 0.0 ], [ 114.605174294000108, -8.134274795999943, 0.0 ], [ 114.604956573000095, -8.13418080699995, 0.0 ], [ 114.604855446000101, -8.13439257899995, 0.0 ], [ 114.604621069000018, -8.134193893999964, 0.0 ], [ 114.604540167000096, -8.134231964999969, 0.0 ], [ 114.604562772, -8.134350937999955, 0.0 ], [ 114.604647243000045, -8.134358076999945, 0.0 ], [ 114.604619879000097, -8.134475859999952, 0.0 ], [ 114.604848307000111, -8.134530587999961, 0.0 ], [ 114.604786441000101, -8.134794707999959, 0.0 ], [ 114.604671038000106, -8.134886316999939, 0.0 ], [ 114.604737663000037, -8.134922008999979, 0.0 ], [ 114.604508045000102, -8.135130211999979, 0.0 ], [ 114.604580618000114, -8.135283686999969, 0.0 ], [ 114.604849497000032, -8.13523252899995, 0.0 ], [ 114.604901845000086, -8.135822634999954, 0.0 ], [ 114.6047793030001, -8.135747681999931, 0.0 ], [ 114.604800718000092, -8.135607293999954, 0.0 ], [ 114.604649622000011, -8.135452628999928, 0.0 ], [ 114.604580977000069, -8.135629844999926, 0.0 ], [ 114.604507617000081, -8.135637515999974, 0.0 ], [ 114.604506427000047, -8.135556613999938, 0.0 ], [ 114.604443371000116, -8.135733883999933, 0.0 ], [ 114.604720552000117, -8.135963420999929, 0.0 ], [ 114.604413679000118, -8.136169234999954, 0.0 ], [ 114.604286140000113, -8.136122597999929, 0.0 ], [ 114.604245213000013, -8.136368157999925, 0.0 ], [ 114.604385126000011, -8.13639290499998, 0.0 ], [ 114.604342295000038, -8.13648522799997, 0.0 ], [ 114.60443366700008, -8.136467143999937, 0.0 ], [ 114.604502195, -8.136645127999941, 0.0 ], [ 114.604850548000059, -8.136599441999977, 0.0 ], [ 114.604936209000016, -8.13683833999994, 0.0 ], [ 114.604840079000041, -8.13701251599997, 0.0 ], [ 114.6050425520001, -8.137137670999948, 0.0 ], [ 114.604911682000079, -8.137420826999971, 0.0 ], [ 114.604735382000058, -8.137350399999946, 0.0 ], [ 114.604703022000081, -8.137461758999962, 0.0 ], [ 114.604479352000112, -8.137495070999933, 0.0 ], [ 114.604409872000019, -8.13739418199998, 0.0 ], [ 114.604149083000038, -8.137476034999963, 0.0 ], [ 114.604253779000032, -8.137648307999939, 0.0 ], [ 114.604047242000092, -8.137614043999974, 0.0 ], [ 114.604108156000052, -8.13770255999998, 0.0 ], [ 114.603946353000083, -8.137929084999939, 0.0 ], [ 114.604046290000042, -8.13814799499994, 0.0 ], [ 114.603954919000103, -8.138353580999933, 0.0 ], [ 114.603975858000013, -8.138234606999958, 0.0 ], [ 114.603883535000023, -8.138166078999973, 0.0 ], [ 114.60385430000008, -8.138375185999962, 0.0 ], [ 114.603751507000084, -8.138418015999946, 0.0 ], [ 114.603383166000071, -8.138282386999947, 0.0 ], [ 114.603287512000065, -8.138577915999974, 0.0 ], [ 114.603067650000071, -8.138587909999956, 0.0 ], [ 114.603017681000097, -8.138495110999941, 0.0 ], [ 114.603021726000065, -8.138665003999961, 0.0 ], [ 114.602888952000058, -8.138659293999979, 0.0 ], [ 114.602857543000027, -8.138610752999966, 0.0 ], [ 114.602946059000033, -8.138549362999981, 0.0 ], [ 114.602739046000011, -8.138386606999973, 0.0 ], [ 114.602780449000079, -8.138155323999968, 0.0 ], [ 114.602569153000104, -8.138151040999958, 0.0 ], [ 114.60266480700011, -8.137892630999943, 0.0 ], [ 114.602564870000037, -8.137901196999962, 0.0 ], [ 114.602472071000079, -8.138031115999979, 0.0 ], [ 114.602429240000106, -8.138243839999973, 0.0 ], [ 114.602373561000036, -8.138141046999976, 0.0 ], [ 114.602215089000083, -8.138145329999929, 0.0 ], [ 114.602230793000103, -8.138042536999933, 0.0 ], [ 114.602122290000011, -8.138053958999933, 0.0 ], [ 114.602156554000089, -8.138278103999937, 0.0 ], [ 114.602089453000076, -8.138313795999977, 0.0 ], [ 114.602026636, -8.138213858999961, 0.0 ], [ 114.601935264000076, -8.138223851999953, 0.0 ], [ 114.601998082000023, -8.137932605999936, 0.0 ], [ 114.601906711000083, -8.137892630999943, 0.0 ], [ 114.601940975000048, -8.137755573999925, 0.0 ], [ 114.601751094000065, -8.137794121999946, 0.0 ], [ 114.601612609000085, -8.138066807999962, 0.0 ], [ 114.601659723000012, -8.137841234999939, 0.0 ], [ 114.601548364000109, -8.137818391999929, 0.0 ], [ 114.601591194000093, -8.13769418399994, 0.0 ], [ 114.601429867000093, -8.137458617999926, 0.0 ], [ 114.601277105, -8.13757568699998, 0.0 ], [ 114.601294237000047, -8.137745580999933, 0.0 ], [ 114.601170030000048, -8.137866932999941, 0.0 ], [ 114.601140048000047, -8.138208147999933, 0.0 ], [ 114.601204294000013, -8.13832664499995, 0.0 ], [ 114.60097629400002, -8.138311796999972, 0.0 ], [ 114.601013413000032, -8.138494539999954, 0.0 ], [ 114.601124772000048, -8.138490256999944, 0.0 ], [ 114.601110495000057, -8.138555929999939, 0.0 ], [ 114.600954879000028, -8.138565923999977, 0.0 ], [ 114.60096915500003, -8.138662053999951, 0.0 ], [ 114.600669153000013, -8.138762555999961, 0.0 ], [ 114.60051329800001, -8.138582906999943, 0.0 ], [ 114.60058299700006, -8.138210322999953, 0.0 ], [ 114.600542546000042, -8.138012827999944, 0.0 ], [ 114.600602032000097, -8.137964048999947, 0.0 ], [ 114.600561582000068, -8.137752276999947, 0.0 ], [ 114.600460454000086, -8.137717774999942, 0.0 ], [ 114.600400968000031, -8.137887905999946, 0.0 ], [ 114.600310548000039, -8.137829608999937, 0.0 ], [ 114.600299841000037, -8.137914079999973, 0.0 ], [ 114.600278426000045, -8.137757035999925, 0.0 ], [ 114.600182058000087, -8.137735620999933, 0.0 ], [ 114.600135658000113, -8.137899802999925, 0.0 ], [ 114.600049997000042, -8.137895043999947, 0.0 ], [ 114.599989321000066, -8.138012827999944, 0.0 ], [ 114.599977424000031, -8.137830798999971, 0.0 ], [ 114.600109484000086, -8.137774881999974, 0.0 ], [ 114.600058326000067, -8.137642821999975, 0.0 ], [ 114.599972665000109, -8.137591662999967, 0.0 ], [ 114.599997649000102, -8.137695169999972, 0.0 ], [ 114.599807292000037, -8.13760474999998, 0.0 ], [ 114.599792659000059, -8.13766751999998, 0.0 ], [ 114.599609916000077, -8.137568534999957, 0.0 ], [ 114.599804112000015, -8.137084329999936, 0.0 ], [ 114.599801257000081, -8.136901587999944, 0.0 ], [ 114.600273817000016, -8.136890165999944, 0.0 ], [ 114.600273553000079, -8.136485448999963, 0.0 ], [ 114.599579831000028, -8.136074686999962, 0.0 ], [ 114.599099336000108, -8.135979991999932, 0.0 ], [ 114.599046988000055, -8.136087067999938, 0.0 ], [ 114.598581803000116, -8.136319064999952, 0.0 ], [ 114.598529455000062, -8.136516559999961, 0.0 ], [ 114.598171902000104, -8.136696367999946, 0.0 ], [ 114.598354680000057, -8.136757749999958, 0.0 ], [ 114.598376392000091, -8.136865787999966, 0.0 ], [ 114.598194364000051, -8.137132286999929, 0.0 ], [ 114.598134877, -8.137464221999949, 0.0 ], [ 114.597864808000054, -8.137704547999931, 0.0 ], [ 114.597768440000095, -8.137675993999949, 0.0 ], [ 114.597819599000104, -8.137906801999975, 0.0 ], [ 114.597726066000064, -8.138063399999965, 0.0 ], [ 114.597042685000019, -8.138600205999978, 0.0 ], [ 114.596794586000101, -8.138944910999953, 0.0 ], [ 114.596471614000052, -8.139089423999962, 0.0 ], [ 114.596075751000058, -8.139144071999965, 0.0 ], [ 114.59569384800011, -8.139419851999946, 0.0 ], [ 114.595267924000041, -8.139418661999969, 0.0 ], [ 114.595130413000106, -8.139597511999966, 0.0 ], [ 114.595001922000051, -8.139634393999927, 0.0 ], [ 114.59480561700002, -8.13937027399993, 0.0 ], [ 114.594624778000025, -8.139545163999969, 0.0 ], [ 114.5944570260001, -8.139573717999951, 0.0 ], [ 114.594572429000095, -8.139417862999949, 0.0 ], [ 114.594444176000025, -8.139049521999937, 0.0 ], [ 114.594665466000038, -8.139100918999929, 0.0 ], [ 114.594618353000101, -8.138802533999979, 0.0 ], [ 114.594544114000087, -8.138805389999959, 0.0 ], [ 114.594534120000048, -8.138941018999958, 0.0 ], [ 114.594344239000065, -8.138929596999958, 0.0 ], [ 114.594397063000088, -8.139066653999976, 0.0 ], [ 114.594247157000041, -8.138955295999949, 0.0 ], [ 114.594091540000022, -8.138983848999942, 0.0 ], [ 114.594112956000117, -8.138708307999934, 0.0 ], [ 114.593973043, -8.138659766999979, 0.0 ], [ 114.594014446000074, -8.138482734999968, 0.0 ], [ 114.593911653000077, -8.138454180999929, 0.0 ], [ 114.593880244000047, -8.13820433799998, 0.0 ], [ 114.593593281000039, -8.137944500999936, 0.0 ], [ 114.593601847000059, -8.137844562999931, 0.0 ], [ 114.593711778000056, -8.138004462999959, 0.0 ], [ 114.593780307000088, -8.137960204999956, 0.0 ], [ 114.593680370000016, -8.137566165999942, 0.0 ], [ 114.593323112, -8.137497563999943, 0.0 ], [ 114.592987608000044, -8.137661746999981, 0.0 ], [ 114.59299950500008, -8.137583224999958, 0.0 ], [ 114.59360864700011, -8.137173956999959, 0.0 ], [ 114.593604703000096, -8.137040780999939, 0.0 ], [ 114.593257777000076, -8.137189259999957, 0.0 ], [ 114.593176400000061, -8.136996522999937, 0.0 ], [ 114.593077890000018, -8.136932277999961, 0.0 ], [ 114.59300079500008, -8.137005088999956, 0.0 ], [ 114.592995085000098, -8.136880880999968, 0.0 ], [ 114.592905141000074, -8.136849472999927, 0.0 ], [ 114.592829474000041, -8.136890874999949, 0.0 ], [ 114.592927032000034, -8.136652869999978, 0.0 ], [ 114.592879443000015, -8.136585054999955, 0.0 ], [ 114.59269860400002, -8.136595762999946, 0.0 ], [ 114.592800921000048, -8.136470840999948, 0.0 ], [ 114.592687896000029, -8.136419681999939, 0.0 ], [ 114.592628410000088, -8.136299519999966, 0.0 ], [ 114.592697414000099, -8.136186494999947, 0.0 ], [ 114.592585580000105, -8.136115110999981, 0.0 ], [ 114.592716450000012, -8.135930702999929, 0.0 ], [ 114.592570113000079, -8.135956876999956, 0.0 ], [ 114.59269860400002, -8.135801022999942, 0.0 ], [ 114.59263911700009, -8.135743915999967, 0.0 ], [ 114.592750952000074, -8.135716551999963, 0.0 ], [ 114.592774747000021, -8.135548799999981, 0.0 ], [ 114.592841372000066, -8.135534522999933, 0.0 ], [ 114.592780695000101, -8.135353683999938, 0.0 ], [ 114.592955586000016, -8.135362011999973, 0.0 ], [ 114.59293536000007, -8.135252556999944, 0.0 ], [ 114.593005554000115, -8.135262074999957, 0.0 ], [ 114.592986519000078, -8.135159757999929, 0.0 ], [ 114.593234488, -8.134829507999939, 0.0 ], [ 114.593154241000093, -8.134758302999956, 0.0 ], [ 114.593379159000051, -8.134560509999972, 0.0 ], [ 114.59342097900003, -8.134636236999938, 0.0 ], [ 114.593506877000095, -8.134592156999929, 0.0 ], [ 114.593482012000095, -8.134458787999961, 0.0 ], [ 114.593552087000035, -8.13443166299993, 0.0 ], [ 114.593486533000032, -8.134344633999945, 0.0 ], [ 114.593604078000112, -8.134218046999933, 0.0 ], [ 114.593464404000088, -8.133934830999976, 0.0 ], [ 114.593275812000115, -8.133978356999933, 0.0 ], [ 114.593120195000097, -8.133825595999951, 0.0 ], [ 114.593077365000113, -8.133876991999955, 0.0 ], [ 114.593041673000016, -8.133772771999929, 0.0 ], [ 114.592576250000093, -8.133587173999956, 0.0 ], [ 114.592637034000063, -8.133246854999982, 0.0 ], [ 114.592736971000022, -8.133243285999981, 0.0 ], [ 114.59278337100011, -8.13313858999993, 0.0 ], [ 114.592909482000096, -8.133156435999979, 0.0 ], [ 114.593164084000023, -8.132960129999958, 0.0 ], [ 114.59295458500003, -8.132857630999979, 0.0 ], [ 114.592948874000058, -8.132672032999949, 0.0 ], [ 114.593083075000095, -8.132576378999943, 0.0 ], [ 114.592960295000012, -8.132462164999936, 0.0 ], [ 114.593040245000111, -8.132412195999962, 0.0 ], [ 114.593183013000044, -8.132465019999927, 0.0 ], [ 114.593005850000054, -8.13229507099993, 0.0 ], [ 114.593011692, -8.132008162999966, 0.0 ], [ 114.592820383000117, -8.132041, 0.0 ], [ 114.592647634000059, -8.131749753999941, 0.0 ], [ 114.592823238000051, -8.131609841999932, 0.0 ], [ 114.592821811000022, -8.131355714999927, 0.0 ], [ 114.592580533000046, -8.131616979999933, 0.0 ], [ 114.592560546000072, -8.13174689899995, 0.0 ], [ 114.59233069000004, -8.131843980999975, 0.0 ], [ 114.592262161, -8.131782590999933, 0.0 ], [ 114.592172218000087, -8.131902514999979, 0.0 ], [ 114.592221104000032, -8.132226066999976, 0.0 ], [ 114.5920783360001, -8.132528257999979, 0.0 ], [ 114.591314529000101, -8.132528257999979, 0.0 ], [ 114.591243145000021, -8.132640092999964, 0.0 ], [ 114.591171762000045, -8.132625815999972, 0.0 ], [ 114.59124552500009, -8.132102334999956, 0.0 ], [ 114.590931436, -8.131745414999955, 0.0 ], [ 114.590995682000084, -8.131643098999973, 0.0 ], [ 114.590757735000011, -8.131450361999953, 0.0 ], [ 114.590581655000051, -8.131497951999961, 0.0 ], [ 114.590446026000109, -8.131690687999935, 0.0 ], [ 114.590400816000056, -8.132069021999939, 0.0 ], [ 114.590517410000075, -8.132409284999937, 0.0 ], [ 114.590455544000065, -8.132682922999948, 0.0 ], [ 114.590179526000043, -8.132706717999952, 0.0 ], [ 114.590239013000087, -8.132371213999932, 0.0 ], [ 114.590184285000078, -8.132228445999942, 0.0 ], [ 114.589591800000107, -8.132185615999958, 0.0 ], [ 114.589475206000088, -8.132982734999928, 0.0 ], [ 114.589203947000101, -8.132925627999953, 0.0 ], [ 114.589182532000109, -8.132599641999946, 0.0 ], [ 114.589315782000085, -8.132540154999958, 0.0 ], [ 114.589280090000102, -8.132404525999959, 0.0 ], [ 114.589384786000096, -8.132107093999934, 0.0 ], [ 114.589577523000116, -8.131992878999938, 0.0 ], [ 114.589553728000055, -8.131795383999929, 0.0 ], [ 114.589403822, -8.131747794999967, 0.0 ], [ 114.589044524000087, -8.131819178999933, 0.0 ], [ 114.589001693000114, -8.131759691999946, 0.0 ], [ 114.588687604000029, -8.131938151999975, 0.0 ], [ 114.588446922000117, -8.131890562999956, 0.0 ], [ 114.588330328000097, -8.131652616999929, 0.0 ], [ 114.588525444000084, -8.131550299999958, 0.0 ], [ 114.588480234000031, -8.13133376899998, 0.0 ], [ 114.588404092000019, -8.13127190299997, 0.0 ], [ 114.588230391000025, -8.131305214999941, 0.0 ], [ 114.58794961500007, -8.131067268999971, 0.0 ], [ 114.587840159000052, -8.131150549999973, 0.0 ], [ 114.587635526000099, -8.131133893999959, 0.0 ], [ 114.587100147000115, -8.131576473999928, 0.0 ], [ 114.587226258000101, -8.131355183999972, 0.0 ], [ 114.58757128000002, -8.131048232999945, 0.0 ], [ 114.587723566000022, -8.131017299999939, 0.0 ], [ 114.58781874400006, -8.130867393999949, 0.0 ], [ 114.587759258, -8.130772215999968, 0.0 ], [ 114.587535588000037, -8.130707969999946, 0.0 ], [ 114.587409477000051, -8.130531889999929, 0.0 ], [ 114.587486096000021, -8.130092403999981, 0.0 ], [ 114.587650278000069, -8.130051952999963, 0.0 ], [ 114.587640760000113, -8.129940117999979, 0.0 ], [ 114.58741709100002, -8.129771176999952, 0.0 ], [ 114.58693168100001, -8.12961889099995, 0.0 ], [ 114.586781775000077, -8.129725966999956, 0.0 ], [ 114.586669940000093, -8.129533230999925, 0.0 ], [ 114.586512896000045, -8.129485640999974, 0.0 ], [ 114.590327172000116, -8.130373179999935, 0.0 ], [ 114.590629364000051, -8.12997009999998, 0.0 ], [ 114.590803064000056, -8.130070036999939, 0.0 ], [ 114.591709639000101, -8.130155697999953, 0.0 ], [ 114.591209952000099, -8.129932027999928, 0.0 ], [ 114.591012457000033, -8.12990823399997, 0.0 ], [ 114.590964868000015, -8.129977237999981, 0.0 ], [ 114.590769752000028, -8.129903474999935, 0.0 ], [ 114.590681712000105, -8.129834469999935, 0.0 ], [ 114.590693609000027, -8.129717876999962, 0.0 ], [ 114.591728675000013, -8.129863023999974, 0.0 ], [ 114.59213722800007, -8.129662593999967, 0.0 ], [ 114.59245274400007, -8.129629756999975, 0.0 ], [ 114.592394210000066, -8.129522681999958, 0.0 ], [ 114.591787447000115, -8.129408467999951, 0.0 ], [ 114.591747472000065, -8.129277120999973, 0.0 ], [ 114.59237565, -8.129345649999948, 0.0 ], [ 114.592688311000074, -8.129457008999964, 0.0 ], [ 114.592761123000059, -8.129397045999951, 0.0 ], [ 114.592571242000076, -8.129297108999936, 0.0 ], [ 114.592742563000115, -8.129041554999958, 0.0 ], [ 114.593042375000095, -8.129108654999925, 0.0 ], [ 114.593275086000062, -8.129027277999967, 0.0 ], [ 114.593584892000081, -8.129088667999952, 0.0 ], [ 114.593667697000114, -8.128963031999945, 0.0 ], [ 114.593594886, -8.128871660999948, 0.0 ], [ 114.593844729000011, -8.128780289999952, 0.0 ], [ 114.593906119000053, -8.128511886999945, 0.0 ], [ 114.594101711, -8.128618961999962, 0.0 ], [ 114.594211642, -8.128550433999976, 0.0 ], [ 114.594163101000049, -8.128463345999933, 0.0 ], [ 114.59401605000005, -8.128477621999934, 0.0 ], [ 114.593847585000049, -8.128350558999955, 0.0 ], [ 114.594048887000099, -8.12825347699993, 0.0 ], [ 114.59384615700003, -8.128149256999961, 0.0 ], [ 114.594115988000112, -8.127947953999978, 0.0 ], [ 114.594147397000029, -8.127765211999929, 0.0 ], [ 114.593859812, -8.127724970999964, 0.0 ], [ 114.593859812, -8.127639310999939, 0.0 ], [ 114.593689826000059, -8.12760412199998, 0.0 ], [ 114.593580014000054, -8.127446006999946, 0.0 ], [ 114.593615706000037, -8.12718545599995, 0.0 ], [ 114.593779889000075, -8.127089087999934, 0.0 ], [ 114.593701367000108, -8.126953458999935, 0.0 ], [ 114.593765612000084, -8.12689278199997, 0.0 ], [ 114.593737059000091, -8.126732168999979, 0.0 ], [ 114.593904811000016, -8.12673930699998, 0.0 ], [ 114.593844134000051, -8.126396664999959, 0.0 ], [ 114.593697797000118, -8.126186081999947, 0.0 ], [ 114.593879826000034, -8.125686395999935, 0.0 ], [ 114.593804873000067, -8.125611442999968, 0.0 ], [ 114.593815581000058, -8.125465105999979, 0.0 ], [ 114.593876257000034, -8.125236677999965, 0.0 ], [ 114.59420462300011, -8.125236677999965, 0.0 ], [ 114.594072563000054, -8.125022525999952, 0.0 ], [ 114.594233176000103, -8.124879757999963, 0.0 ], [ 114.594435431000079, -8.124462162999976, 0.0 ], [ 114.594458035000116, -8.124205180999979, 0.0 ], [ 114.59461864900004, -8.124094535999973, 0.0 ], [ 114.594772124000087, -8.123709063999968, 0.0 ], [ 114.594593665000048, -8.123666232999938, 0.0 ], [ 114.594143946000031, -8.123916076999933, 0.0 ], [ 114.593176696000114, -8.123616264999953, 0.0 ], [ 114.59323737200009, -8.123291467999934, 0.0 ], [ 114.593555030000061, -8.123359282999957, 0.0 ], [ 114.5937263510001, -8.123684078999929, 0.0 ], [ 114.593854842000042, -8.123651955999946, 0.0 ], [ 114.593555886000104, -8.122913199999971, 0.0 ], [ 114.592140106000102, -8.121128603999978, 0.0 ], [ 114.591484899000079, -8.12057174399996, 0.0 ], [ 114.590724327000089, -8.120325535999939, 0.0 ], [ 114.590028335000056, -8.120331484999951, 0.0 ], [ 114.589576426, -8.121302743999934, 0.0 ], [ 114.589177678000055, -8.121313012999963, 0.0 ], [ 114.589040858000089, -8.121669931999975, 0.0 ], [ 114.588855430000081, -8.121887087999937, 0.0 ], [ 114.588434741000015, -8.121818558999962, 0.0 ], [ 114.588486138, -8.121405484999968, 0.0 ], [ 114.588411898000118, -8.121422616999951, 0.0 ], [ 114.588385248, -8.12170053799997, 0.0 ], [ 114.58800834200008, -8.12155396299994, 0.0 ], [ 114.588067352000053, -8.121017156999926, 0.0 ], [ 114.587985306000064, -8.120913196999936, 0.0 ], [ 114.587765206000086, -8.120847761999926, 0.0 ], [ 114.58757782400005, -8.120856684999978, 0.0 ], [ 114.587342852, -8.121204680999938, 0.0 ], [ 114.586988907000091, -8.12098160599993, 0.0 ], [ 114.586878857000102, -8.120987554999942, 0.0 ], [ 114.58661414200003, -8.121258218999969, 0.0 ], [ 114.585977636000052, -8.121160065999959, 0.0 ], [ 114.58597802700001, -8.121355071999972, 0.0 ], [ 114.585404840000024, -8.121353634999934, 0.0 ], [ 114.585279205, -8.121080948999975, 0.0 ], [ 114.585378562000074, -8.120901704999937, 0.0 ], [ 114.58513025100001, -8.12086441799994, 0.0 ], [ 114.585013657000104, -8.12071451199995, 0.0 ], [ 114.585165943000106, -8.120524154999941, 0.0 ], [ 114.585165943000106, -8.120383766999964, 0.0 ], [ 114.58496130900005, -8.120333797999933, 0.0 ], [ 114.584949412000014, -8.12006015999998, 0.0 ], [ 114.584761434000029, -8.119943565999961, 0.0 ], [ 114.58472336300008, -8.11972465599996, 0.0 ], [ 114.584666256000105, -8.119955463999929, 0.0 ], [ 114.584142774000043, -8.120076815999937, 0.0 ], [ 114.58410708200006, -8.11999829399997, 0.0 ], [ 114.583871516000045, -8.120003052999948, 0.0 ], [ 114.583619293000083, -8.120260034999944, 0.0 ], [ 114.583464628000115, -8.12023623999994, 0.0 ], [ 114.583190990000048, -8.120409940999934, 0.0 ], [ 114.583124365000117, -8.120566984999925, 0.0 ], [ 114.582995874000062, -8.120586020999951, 0.0 ], [ 114.582986356000106, -8.120414699999969, 0.0 ], [ 114.582855486000085, -8.120352833999959, 0.0 ], [ 114.582778873000052, -8.120657465999955, 0.0 ], [ 114.580495510000105, -8.120984294999971, 0.0 ], [ 114.579900645000066, -8.120884357999955, 0.0 ], [ 114.579814984000109, -8.121483981999972, 0.0 ], [ 114.57970552900008, -8.121555365999939, 0.0 ], [ 114.579558002000113, -8.121493499999929, 0.0 ], [ 114.579515172000015, -8.121740963999969, 0.0 ], [ 114.577878103000103, -8.122069328999942, 0.0 ], [ 114.577632701000084, -8.122415245999946, 0.0 ], [ 114.5768787290001, -8.122783167999955, 0.0 ], [ 114.575817490000077, -8.123059184999931, 0.0 ], [ 114.574251804000028, -8.123649291999925, 0.0 ], [ 114.573616138000034, -8.12371423899998, 0.0 ], [ 114.57351798500008, -8.12378859699993, 0.0 ], [ 114.573479319000057, -8.124178233999942, 0.0 ], [ 114.573294433000115, -8.124344051999969, 0.0 ], [ 114.573094558000093, -8.124379742999963, 0.0 ], [ 114.573025554000083, -8.124515372999952, 0.0 ], [ 114.572866130000079, -8.124453506999942, 0.0 ], [ 114.572780470000112, -8.124639104999972, 0.0 ], [ 114.572609148000083, -8.12456296199997, 0.0 ], [ 114.572602010000082, -8.124772354999948, 0.0 ], [ 114.572368823000033, -8.124976987999958, 0.0 ], [ 114.572038078000105, -8.124884188999943, 0.0 ], [ 114.572076149000054, -8.12512927399996, 0.0 ], [ 114.571904828000015, -8.12521731399994, 0.0 ], [ 114.571976212000095, -8.125281558999973, 0.0 ], [ 114.572247470000093, -8.125172103999944, 0.0 ], [ 114.572135636000098, -8.125286317999951, 0.0 ], [ 114.572202301000061, -8.12538568399998, 0.0 ], [ 114.571734335000087, -8.125686109999947, 0.0 ], [ 114.571539491000067, -8.125725738999961, 0.0 ], [ 114.571496988000035, -8.12535377599994, 0.0 ], [ 114.571435122000025, -8.125387087999968, 0.0 ], [ 114.571432743000059, -8.125726240999938, 0.0 ], [ 114.571318529000109, -8.125753842999927, 0.0 ], [ 114.571204315000045, -8.125254155999926, 0.0 ], [ 114.571135310000045, -8.125247016999936, 0.0 ], [ 114.571137690000114, -8.125551587999951, 0.0 ], [ 114.571061547000113, -8.125561105999964, 0.0 ], [ 114.570985404000112, -8.125377887999946, 0.0 ], [ 114.570742699000107, -8.125532552999971, 0.0 ], [ 114.570942574000014, -8.125858538999978, 0.0 ], [ 114.570814083000073, -8.125982270999941, 0.0 ], [ 114.571018717000015, -8.126075069999956, 0.0 ], [ 114.571018717000015, -8.12590612799994, 0.0 ], [ 114.571152084, -8.126000850999958, 0.0 ], [ 114.570887720000087, -8.126575952999929, 0.0 ], [ 114.57080351400009, -8.126556196999957, 0.0 ], [ 114.570846344000074, -8.12638011699994, 0.0 ], [ 114.570779720000019, -8.126218312999981, 0.0 ], [ 114.570586983000112, -8.126284937999969, 0.0 ], [ 114.570515599000032, -8.126187379999976, 0.0 ], [ 114.570472769000048, -8.126296835999938, 0.0 ], [ 114.570413283000107, -8.126225451999971, 0.0 ], [ 114.570296689000088, -8.125878049999926, 0.0 ], [ 114.570437077000065, -8.125790009999946, 0.0 ], [ 114.570451354000056, -8.12569007299993, 0.0 ], [ 114.570337140000106, -8.125654380999947, 0.0 ], [ 114.570330001000116, -8.125773353999932, 0.0 ], [ 114.570106332000023, -8.125737661999949, 0.0 ], [ 114.570084917000031, -8.125961331999974, 0.0 ], [ 114.570358555000098, -8.126301593999926, 0.0 ], [ 114.570310966000079, -8.126411049999945, 0.0 ], [ 114.570451354000056, -8.126461017999929, 0.0 ], [ 114.570437077000065, -8.126575231999936, 0.0 ], [ 114.570660747000034, -8.126844111999958, 0.0 ], [ 114.570451354000056, -8.126779865999936, 0.0 ], [ 114.570415662000073, -8.126934530999961, 0.0 ], [ 114.570127747000015, -8.126875044999963, 0.0 ], [ 114.570061122000084, -8.126539540999943, 0.0 ], [ 114.569751792000034, -8.126218312999981, 0.0 ], [ 114.569421047000105, -8.126270660999978, 0.0 ], [ 114.569375838000042, -8.126346803999979, 0.0 ], [ 114.569432945000017, -8.126408669999932, 0.0 ], [ 114.569337766000103, -8.126418187999946, 0.0 ], [ 114.569199757000092, -8.126294455999926, 0.0 ], [ 114.569049851000045, -8.126570473999948, 0.0 ], [ 114.56874528000003, -8.126522883999939, 0.0 ], [ 114.568647723000026, -8.126753691999966, 0.0 ], [ 114.56826700900001, -8.126889320999965, 0.0 ], [ 114.568105205000052, -8.127215306999972, 0.0 ], [ 114.56802906300004, -8.127212927999949, 0.0 ], [ 114.568050478000032, -8.127127266999935, 0.0 ], [ 114.56791484900009, -8.127129646999947, 0.0 ], [ 114.567714974000069, -8.127279552999937, 0.0 ], [ 114.567745907000017, -8.12755556999997, 0.0 ], [ 114.56796005800004, -8.127536534999933, 0.0 ], [ 114.568059996000102, -8.127700717999971, 0.0 ], [ 114.567950540000083, -8.127864899999963, 0.0 ], [ 114.568117103000077, -8.128102845999933, 0.0 ], [ 114.56796957600011, -8.128393140999947, 0.0 ], [ 114.56784346500001, -8.12833365399996, 0.0 ], [ 114.567760184, -8.128452626999945, 0.0 ], [ 114.567662626000015, -8.128414555999939, 0.0 ], [ 114.567581724000092, -8.128117122999981, 0.0 ], [ 114.567686420000086, -8.127955319999955, 0.0 ], [ 114.567569827000057, -8.128029082999944, 0.0 ], [ 114.567355675000044, -8.12798625299996, 0.0 ], [ 114.567355675000044, -8.127738788999977, 0.0 ], [ 114.567208149000066, -8.127948180999965, 0.0 ], [ 114.56718197500004, -8.127534154999978, 0.0 ], [ 114.566834573000051, -8.127653127999963, 0.0 ], [ 114.566796502000102, -8.127736408999965, 0.0 ], [ 114.566922613000088, -8.127741167999943, 0.0 ], [ 114.56694402800008, -8.127993390999961, 0.0 ], [ 114.566863127000033, -8.128150435999942, 0.0 ], [ 114.567122488000109, -8.128183747999969, 0.0 ], [ 114.567070140000055, -8.128316997999946, 0.0 ], [ 114.567143903000101, -8.128347930999951, 0.0 ], [ 114.567036827000038, -8.128405037999926, 0.0 ], [ 114.567217666000033, -8.12845738599998, 0.0 ], [ 114.56712962600011, -8.128564461999929, 0.0 ], [ 114.566993997000054, -8.128504974999942, 0.0 ], [ 114.566986859000053, -8.128388381999969, 0.0 ], [ 114.566934511000113, -8.12842169399994, 0.0 ], [ 114.566917854000053, -8.128890447999936, 0.0 ], [ 114.566717980000021, -8.12875719799996, 0.0 ], [ 114.566682288000038, -8.128583497999955, 0.0 ], [ 114.566358681000111, -8.128593014999979, 0.0 ], [ 114.566353922000076, -8.128780992999964, 0.0 ], [ 114.566522864000035, -8.129214054999977, 0.0 ], [ 114.566475275000016, -8.129382995999947, 0.0 ], [ 114.566553797000097, -8.129475794999962, 0.0 ], [ 114.566463377000105, -8.12961142499995, 0.0 ], [ 114.566256364000083, -8.129521004999958, 0.0 ], [ 114.566230190000056, -8.129435344999933, 0.0 ], [ 114.566039833000104, -8.129428205999943, 0.0 ], [ 114.566082664000078, -8.129280679999965, 0.0 ], [ 114.566008900000043, -8.129035594999948, 0.0 ], [ 114.565997003, -8.129211674999965, 0.0 ], [ 114.565668637000044, -8.129366339999933, 0.0 ], [ 114.56555680300005, -8.129706602999931, 0.0 ], [ 114.565152294000086, -8.129846990999965, 0.0 ], [ 114.564935763000108, -8.129580491999945, 0.0 ], [ 114.564931004000073, -8.129354442999954, 0.0 ], [ 114.565045219000012, -8.129261643999939, 0.0 ], [ 114.565216540000051, -8.12939251399996, 0.0 ], [ 114.565373584000099, -8.129235469999969, 0.0 ], [ 114.565245093000044, -8.129078424999932, 0.0 ], [ 114.565152294000086, -8.129109357999937, 0.0 ], [ 114.565166571000077, -8.129175982999925, 0.0 ], [ 114.564900071000011, -8.12916170699998, 0.0 ], [ 114.564704956000014, -8.129264022999962, 0.0 ], [ 114.564754924000113, -8.129423446999965, 0.0 ], [ 114.564878656000019, -8.129499589999966, 0.0 ], [ 114.564855417000103, -8.129592388999981, 0.0 ], [ 114.56459653200011, -8.12943439299994, 0.0 ], [ 114.564529907000065, -8.129584774999955, 0.0 ], [ 114.564120639000066, -8.129601906999937, 0.0 ], [ 114.564307189000033, -8.129881730999955, 0.0 ], [ 114.564143482000077, -8.129997848999949, 0.0 ], [ 114.563939800000071, -8.129809395999928, 0.0 ], [ 114.563865561000057, -8.129828431999954, 0.0 ], [ 114.563785611000071, -8.130142519999936, 0.0 ], [ 114.563888404000068, -8.130163459999949, 0.0 ], [ 114.563838911000062, -8.130342394999957, 0.0 ], [ 114.563606676000063, -8.130283383999938, 0.0 ], [ 114.563593351, -8.130018787999973, 0.0 ], [ 114.563475329000084, -8.130035920999944, 0.0 ], [ 114.563481040000056, -8.130153941999936, 0.0 ], [ 114.563385862000018, -8.130155844999933, 0.0 ], [ 114.563321140000085, -8.12988934599997, 0.0 ], [ 114.563166951000085, -8.13022818099995, 0.0 ], [ 114.56334779000008, -8.130273866999971, 0.0 ], [ 114.563326851000056, -8.130426151999927, 0.0 ], [ 114.563404897000055, -8.130315744999962, 0.0 ], [ 114.563463908000017, -8.130344298999944, 0.0 ], [ 114.563309719000017, -8.130608894999966, 0.0 ], [ 114.563488654000025, -8.130587954999953, 0.0 ], [ 114.563561064000055, -8.130753231999961, 0.0 ], [ 114.563320758000032, -8.130966583999964, 0.0 ], [ 114.563071475000015, -8.130818381999973, 0.0 ], [ 114.563209484000026, -8.130961149999962, 0.0 ], [ 114.563170833000072, -8.131024489999959, 0.0 ], [ 114.562752628000112, -8.130984944999966, 0.0 ], [ 114.562851985000066, -8.131164878999925, 0.0 ], [ 114.562685423000062, -8.13137427099997, 0.0 ], [ 114.561769330000061, -8.13200958699997, 0.0 ], [ 114.56153689700011, -8.13243820799994, 0.0 ], [ 114.561508343000014, -8.132889352999939, 0.0 ], [ 114.561414116000037, -8.132983579999973, 0.0 ], [ 114.561479790000021, -8.133103504999951, 0.0 ], [ 114.56145837400004, -8.133834474999958, 0.0 ], [ 114.561101455000085, -8.134829565999951, 0.0 ], [ 114.561172839000051, -8.134955200999968, 0.0 ], [ 114.56115713500003, -8.135523416999945, 0.0 ], [ 114.561284198000067, -8.135751844999959, 0.0 ], [ 114.561257072000103, -8.135997404999955, 0.0 ], [ 114.561392701000045, -8.136348613999928, 0.0 ], [ 114.561623104000091, -8.136394536999944, 0.0 ], [ 114.561954325000102, -8.136643904999971, 0.0 ], [ 114.562145634000103, -8.136522075999949, 0.0 ], [ 114.562803317000089, -8.136383115999934, 0.0 ], [ 114.563797456000088, -8.13651731799996, 0.0 ], [ 114.564010343000064, -8.13672496199996, 0.0 ], [ 114.564322053000069, -8.136639301999935, 0.0 ], [ 114.56462900300005, -8.136729720999938, 0.0 ], [ 114.565043029000094, -8.136496533999946, 0.0 ], [ 114.565395190000118, -8.136772550999979, 0.0 ], [ 114.565597444000105, -8.136667854999928, 0.0 ], [ 114.565614100000062, -8.136832037999966, 0.0 ], [ 114.565735453000116, -8.136682131999976, 0.0 ], [ 114.565949604000025, -8.13681300199994, 0.0 ], [ 114.566113787000063, -8.136658336999972, 0.0 ], [ 114.566251796000074, -8.136739238999951, 0.0 ], [ 114.566499260000114, -8.13672496199996, 0.0 ], [ 114.566546849000019, -8.136808242999962, 0.0 ], [ 114.566611094000109, -8.136720202999982, 0.0 ], [ 114.567070330000092, -8.136553640999978, 0.0 ], [ 114.567277343000114, -8.136784448999947, 0.0 ], [ 114.567543843000067, -8.136808242999962, 0.0 ], [ 114.568411513000115, -8.137197284999957, 0.0 ], [ 114.568943085000114, -8.137193834999948, 0.0 ], [ 114.569032101000062, -8.137733900999933, 0.0 ], [ 114.569249589000037, -8.137881168999968, 0.0 ], [ 114.569502764000049, -8.138250460999927, 0.0 ], [ 114.569451367000056, -8.138351349999937, 0.0 ], [ 114.569285757000102, -8.138362771999937, 0.0 ], [ 114.569232457000112, -8.13863878899997, 0.0 ], [ 114.56949514900009, -8.138684474999934, 0.0 ], [ 114.56949514900009, -8.138743485999953, 0.0 ], [ 114.569761649000043, -8.138680667999949, 0.0 ], [ 114.569849213000111, -8.138766327999974, 0.0 ], [ 114.570136652000087, -8.138781556999959, 0.0 ], [ 114.57028988400009, -8.138904595999975, 0.0 ], [ 114.570491186000027, -8.138900312999965, 0.0 ], [ 114.570475482, -8.138984545999961, 0.0 ], [ 114.570228494000048, -8.139077344999976, 0.0 ], [ 114.570204223000019, -8.138938859999939, 0.0 ], [ 114.569998638000015, -8.138861765999934, 0.0 ], [ 114.569725951, -8.138924583999938, 0.0 ], [ 114.569624586000032, -8.138863192999963, 0.0 ], [ 114.569623159000116, -8.138930293999977, 0.0 ], [ 114.56948039100007, -8.138951708999969, 0.0 ], [ 114.569436133000067, -8.13914301799997, 0.0 ], [ 114.568992126000012, -8.139364307999926, 0.0 ], [ 114.568846503000032, -8.139537056999927, 0.0 ], [ 114.568422483000063, -8.139508502999945, 0.0 ], [ 114.568122671000083, -8.139662691999945, 0.0 ], [ 114.568002746000047, -8.139815453999972, 0.0 ], [ 114.567909947000089, -8.140223768999931, 0.0 ], [ 114.568075557000043, -8.140480750999927, 0.0 ], [ 114.568244023000034, -8.140619235999964, 0.0 ], [ 114.568351099000097, -8.140593536999972, 0.0 ], [ 114.56819405400006, -8.14087621699997, 0.0 ], [ 114.56830113, -8.141033261999951, 0.0 ], [ 114.568451036000056, -8.14103040699996, 0.0 ], [ 114.568436759000065, -8.141166035999959, 0.0 ], [ 114.568289709000055, -8.14120029999998, 0.0 ], [ 114.568254017000072, -8.141067525999972, 0.0 ], [ 114.567872827000087, -8.141003280999939, 0.0 ], [ 114.567800016000092, -8.140894776999971, 0.0 ], [ 114.567630122000082, -8.14087621699997, 0.0 ], [ 114.567621556000063, -8.140794839999955, 0.0 ], [ 114.567234656000096, -8.140633511999965, 0.0 ], [ 114.567044775000113, -8.14040651199997, 0.0 ], [ 114.566534609000087, -8.140145212999926, 0.0 ], [ 114.566308560000039, -8.140376020999952, 0.0 ], [ 114.565830289000019, -8.141867942999966, 0.0 ], [ 114.565756525000097, -8.141815594999969, 0.0 ], [ 114.565637552000112, -8.141913152999962, 0.0 ], [ 114.565559030000031, -8.142065437999975, 0.0 ], [ 114.56560661900005, -8.142160616999945, 0.0 ], [ 114.56549954400009, -8.142212964999942, 0.0 ], [ 114.565361535000079, -8.14216537599998, 0.0 ], [ 114.565399606000028, -8.142284348999965, 0.0 ], [ 114.565273495000042, -8.142234379999934, 0.0 ], [ 114.565194973000075, -8.142412839999963, 0.0 ], [ 114.564811879000104, -8.142447341999969, 0.0 ], [ 114.564720865000027, -8.142599031999964, 0.0 ], [ 114.564387741000019, -8.142780465999977, 0.0 ], [ 114.56434015100001, -8.142908361999957, 0.0 ], [ 114.564149794000059, -8.142935130999945, 0.0 ], [ 114.564033796000103, -8.143051129999947, 0.0 ], [ 114.563748260000011, -8.142872669999974, 0.0 ], [ 114.563424059000113, -8.142964874999961, 0.0 ], [ 114.563147447, -8.143190922999963, 0.0 ], [ 114.563090934000115, -8.143306921999965, 0.0 ], [ 114.563147447, -8.143479432999925, 0.0 ], [ 114.562820271000078, -8.143521073999977, 0.0 ], [ 114.562516889000108, -8.143434817999946, 0.0 ], [ 114.562415762000114, -8.143205794999972, 0.0 ], [ 114.562817296000048, -8.142188574999977, 0.0 ], [ 114.562619801000096, -8.141817973999935, 0.0 ], [ 114.562434203000066, -8.141901254999937, 0.0 ], [ 114.562381855000012, -8.14184890699994, 0.0 ], [ 114.562455618000058, -8.141665688999979, 0.0 ], [ 114.562186739000026, -8.141144586999928, 0.0 ], [ 114.562201016000017, -8.140963747999933, 0.0 ], [ 114.561763195000026, -8.140811461999931, 0.0 ], [ 114.561798887, -8.140732939999964, 0.0 ], [ 114.561922619000029, -8.140730560999941, 0.0 ], [ 114.561737021000113, -8.140563997999948, 0.0 ], [ 114.561608530000058, -8.140261806999945, 0.0 ], [ 114.561456245000045, -8.140133315999947, 0.0 ], [ 114.561215919, -8.140088105999951, 0.0 ], [ 114.561042218000011, -8.139828744999932, 0.0 ], [ 114.560704335000082, -8.13957652199997, 0.0 ], [ 114.56024271900003, -8.139666941999963, 0.0 ], [ 114.559662131000096, -8.139409959999966, 0.0 ], [ 114.559521743, -8.139557485999944, 0.0 ], [ 114.558989219000068, -8.139522745999955, 0.0 ], [ 114.558957811000028, -8.13942994699994, 0.0 ], [ 114.558782206000046, -8.139349996999954, 0.0 ], [ 114.558852162000107, -8.138768932999938, 0.0 ], [ 114.558646577000104, -8.138828894999961, 0.0 ], [ 114.558775068000045, -8.138531462999936, 0.0 ], [ 114.558551399000066, -8.138205476999929, 0.0 ], [ 114.55841814900009, -8.13820071799995, 0.0 ], [ 114.558368180000116, -8.138091261999932, 0.0 ], [ 114.558218274000069, -8.138062708999939, 0.0 ], [ 114.558165926000015, -8.137903284999936, 0.0 ], [ 114.557889908000107, -8.13786521399993, 0.0 ], [ 114.557793927000034, -8.137741195999979, 0.0 ], [ 114.557951566000042, -8.137678734999952, 0.0 ], [ 114.557972387000063, -8.137497300999939, 0.0 ], [ 114.558103257000084, -8.137342635999971, 0.0 ], [ 114.55811218000008, -8.136979768999936, 0.0 ], [ 114.558403664000025, -8.136390851999977, 0.0 ], [ 114.558385789000113, -8.136130884999943, 0.0 ], [ 114.55849885300006, -8.136063102999969, 0.0 ], [ 114.558467920000112, -8.135342126999944, 0.0 ], [ 114.558555960000035, -8.135301675999926, 0.0 ], [ 114.558292254000094, -8.135028953999949, 0.0 ], [ 114.558317646000091, -8.13464543799995, 0.0 ], [ 114.558419963, -8.134457460999954, 0.0 ], [ 114.558310508000091, -8.134312313999942, 0.0 ], [ 114.558341441000039, -8.134202857999981, 0.0 ], [ 114.558827604000044, -8.134374132999938, 0.0 ], [ 114.558475059000102, -8.134228538999935, 0.0 ], [ 114.558589273000052, -8.134230917999957, 0.0 ], [ 114.558639241000037, -8.134123841999951, 0.0 ], [ 114.55862258500008, -8.133607498999936, 0.0 ], [ 114.558732040000109, -8.133531356999981, 0.0 ], [ 114.558732040000109, -8.133169678999934, 0.0 ], [ 114.558596411000053, -8.133131606999939, 0.0 ], [ 114.558447695000041, -8.132954039999959, 0.0 ], [ 114.558176436000053, -8.133214590999955, 0.0 ], [ 114.557790964000105, -8.133100376999948, 0.0 ], [ 114.557726718000026, -8.132989731999942, 0.0 ], [ 114.556997125000066, -8.132542864999948, 0.0 ], [ 114.556990877000089, -8.13230109999995, 0.0 ], [ 114.556020502000024, -8.131983933999948, 0.0 ], [ 114.556155719000117, -8.131718031999981, 0.0 ], [ 114.555914854000093, -8.13184687699993, 0.0 ], [ 114.555772086000047, -8.13156705199998, 0.0 ], [ 114.556158986000014, -8.131498523999937, 0.0 ], [ 114.556154166000056, -8.13140242999998, 0.0 ], [ 114.555899828000065, -8.131434156999944, 0.0 ], [ 114.555981088000067, -8.13116083999995, 0.0 ], [ 114.556078981000041, -8.131154905999949, 0.0 ], [ 114.556051346000118, -8.130915921999929, 0.0 ], [ 114.555926354, -8.13101189899993, 0.0 ], [ 114.555712124000024, -8.130975993999925, 0.0 ], [ 114.55547655700002, -8.131111622999981, 0.0 ], [ 114.555380903000014, -8.131067364999979, 0.0 ], [ 114.555185275000099, -8.131164727999931, 0.0 ], [ 114.55507912600001, -8.131109682999977, 0.0 ], [ 114.554984009, -8.131280088999972, 0.0 ], [ 114.554742647000012, -8.131257429999948, 0.0 ], [ 114.55474558700007, -8.131447126999944, 0.0 ], [ 114.554642794000074, -8.131505661999938, 0.0 ], [ 114.5544386360001, -8.131452837999973, 0.0 ], [ 114.554050308000114, -8.131905410999934, 0.0 ], [ 114.554041742000095, -8.132058172999962, 0.0 ], [ 114.553833301000054, -8.132086725999955, 0.0 ], [ 114.553830446, -8.13221378999998, 0.0 ], [ 114.553927790000103, -8.132254223999951, 0.0 ], [ 114.553783510000017, -8.132290239999975, 0.0 ], [ 114.55377476600006, -8.132370833999971, 0.0 ], [ 114.553535125000053, -8.132434153999952, 0.0 ], [ 114.553460678000079, -8.13233656999995, 0.0 ], [ 114.553387866000094, -8.132429368999965, 0.0 ], [ 114.553326476000052, -8.132296594999957, 0.0 ], [ 114.553035230000091, -8.132280889999947, 0.0 ], [ 114.552763971000104, -8.132632098999977, 0.0 ], [ 114.552531260000023, -8.132683494999981, 0.0 ], [ 114.552601216000085, -8.132546437999963, 0.0 ], [ 114.552505562000078, -8.132483620999949, 0.0 ], [ 114.552299977000075, -8.13267635699998, 0.0 ], [ 114.552354778000108, -8.13275673399994, 0.0 ], [ 114.552204396000093, -8.132832876999942, 0.0 ], [ 114.551884597000026, -8.132863333999978, 0.0 ], [ 114.551666273000023, -8.132718698999952, 0.0 ], [ 114.551553487000092, -8.132732975999943, 0.0 ], [ 114.551600600000029, -8.132904296999925, 0.0 ], [ 114.551003926000021, -8.133356836999951, 0.0 ], [ 114.550828822000085, -8.13335185699998, 0.0 ], [ 114.550838340000041, -8.133259057999965, 0.0 ], [ 114.55057303000001, -8.133141274999957, 0.0 ], [ 114.550606342000037, -8.133278093999934, 0.0 ], [ 114.550473092000061, -8.133590040999934, 0.0 ], [ 114.550237526000046, -8.133561487999941, 0.0 ], [ 114.550208972000064, -8.133492482999941, 0.0 ], [ 114.549842535000039, -8.133568625999942, 0.0 ], [ 114.549790187000099, -8.13369711699994, 0.0 ], [ 114.549630763000096, -8.133787536999932, 0.0 ], [ 114.549645040000087, -8.133946959999946, 0.0 ], [ 114.549435648000099, -8.134030241999938, 0.0 ], [ 114.549404715000037, -8.134211080999933, 0.0 ], [ 114.549545103000014, -8.134199182999964, 0.0 ], [ 114.549564138000051, -8.134258669999952, 0.0 ], [ 114.549369023000054, -8.13436812499998, 0.0 ], [ 114.54932619200008, -8.134525168999971, 0.0 ], [ 114.548847921000061, -8.134539445999962, 0.0 ], [ 114.548752742000033, -8.134715525999979, 0.0 ], [ 114.548614733000022, -8.134763115999931, 0.0 ], [ 114.548657564000109, -8.135012958999937, 0.0 ], [ 114.548564765000037, -8.13499630299998, 0.0 ], [ 114.548521934000064, -8.135129552999956, 0.0 ], [ 114.54842437700006, -8.135162864999927, 0.0 ], [ 114.548402961000079, -8.135360359999936, 0.0 ], [ 114.548153415000115, -8.135394861999941, 0.0 ], [ 114.548104636000062, -8.135639946999959, 0.0 ], [ 114.547895244000074, -8.135531680999975, 0.0 ], [ 114.547864311000012, -8.135633997999946, 0.0 ], [ 114.547967817000085, -8.135685156999955, 0.0 ], [ 114.547967817000085, -8.135823164999977, 0.0 ], [ 114.547734630000036, -8.135821975999932, 0.0 ], [ 114.547589483000024, -8.135973070999967, 0.0 ], [ 114.547676334000016, -8.135977829999945, 0.0 ], [ 114.547741471000109, -8.136152720999974, 0.0 ], [ 114.547729574000073, -8.13649060399996, 0.0 ], [ 114.547627566000074, -8.136676977999969, 0.0 ], [ 114.547429762000093, -8.136759482999935, 0.0 ], [ 114.547208472000079, -8.136526295999943, 0.0 ], [ 114.54726082000002, -8.136457291999932, 0.0 ], [ 114.547194195000088, -8.136423978999971, 0.0 ], [ 114.54715374400007, -8.136492983999972, 0.0 ], [ 114.547070463000068, -8.13637400999994, 0.0 ], [ 114.547001459000057, -8.136452532999954, 0.0 ], [ 114.547163262000026, -8.136561987999926, 0.0 ], [ 114.547187057000087, -8.136683339999934, 0.0 ], [ 114.547077617000014, -8.136824862999958, 0.0 ], [ 114.546944368000027, -8.136709696999958, 0.0 ], [ 114.546944368000027, -8.136565025999971, 0.0 ], [ 114.546807311000066, -8.136633553999957, 0.0 ], [ 114.546807311000066, -8.136736346999953, 0.0 ], [ 114.546671206000042, -8.136870547999933, 0.0 ], [ 114.546679772000061, -8.137030447999962, 0.0 ], [ 114.546981487000039, -8.137497773999939, 0.0 ], [ 114.546676202000071, -8.137409733999959, 0.0 ], [ 114.546814211000083, -8.137621505999959, 0.0 ], [ 114.546783278000021, -8.137754755999936, 0.0 ], [ 114.546571506000078, -8.137671474999934, 0.0 ], [ 114.546585783000069, -8.137569157999962, 0.0 ], [ 114.54647632800004, -8.137443046999977, 0.0 ], [ 114.546402564, -8.137473979999982, 0.0 ], [ 114.546466810000084, -8.137614367999959, 0.0 ], [ 114.546193172000017, -8.137497773999939, 0.0 ], [ 114.546252658000071, -8.137297899999965, 0.0 ], [ 114.546164618000034, -8.137276483999926, 0.0 ], [ 114.545812458000114, -8.137507291999952, 0.0 ], [ 114.545829511000079, -8.137703597999973, 0.0 ], [ 114.545674846000111, -8.137828518999981, 0.0 ], [ 114.545738186000108, -8.138026500999956, 0.0 ], [ 114.545637297000098, -8.138192111999956, 0.0 ], [ 114.545511391000105, -8.138225190999947, 0.0 ], [ 114.545275349, -8.138107169999955, 0.0 ], [ 114.545296288000031, -8.138308947999974, 0.0 ], [ 114.545223952000015, -8.138455522999948, 0.0 ], [ 114.545300095000016, -8.138552604999973, 0.0 ], [ 114.545210627000074, -8.138765804999935, 0.0 ], [ 114.545296288000031, -8.138760093999963, 0.0 ], [ 114.545334359000094, -8.138984714999935, 0.0 ], [ 114.545501873000035, -8.139045629999941, 0.0 ], [ 114.545324841000024, -8.139327357999946, 0.0 ], [ 114.545130677000088, -8.139270250999971, 0.0 ], [ 114.545147810000117, -8.139137000999938, 0.0 ], [ 114.544934610000041, -8.13895806499994, 0.0 ], [ 114.544936513000039, -8.139049436999926, 0.0 ], [ 114.544780421000041, -8.139032304999944, 0.0 ], [ 114.544569125000066, -8.13924740799996, 0.0 ], [ 114.544462525000085, -8.139184589999957, 0.0 ], [ 114.544428261, -8.139041821999967, 0.0 ], [ 114.544365443000061, -8.13905895399995, 0.0 ], [ 114.544350214000019, -8.13923598599996, 0.0 ], [ 114.544216964000043, -8.139116061999971, 0.0 ], [ 114.543840058000114, -8.139074182999934, 0.0 ], [ 114.543893358000105, -8.138817200999938, 0.0 ], [ 114.543792469000095, -8.138977100999966, 0.0 ], [ 114.543524065000042, -8.138765804999935, 0.0 ], [ 114.54350503, -8.138838139999962, 0.0 ], [ 114.54324995200011, -8.138807682999925, 0.0 ], [ 114.543034848000048, -8.138961871999982, 0.0 ], [ 114.542882563000035, -8.138893343999939, 0.0 ], [ 114.542734084000017, -8.139327357999946, 0.0 ], [ 114.542743602000087, -8.13956720699997, 0.0 ], [ 114.542568410000058, -8.139535226999953, 0.0 ], [ 114.542530339000109, -8.139685608999969, 0.0 ], [ 114.542598868000027, -8.139725583999962, 0.0 ], [ 114.542456100000095, -8.13982266599993, 0.0 ], [ 114.541980208000041, -8.140039672999933, 0.0 ], [ 114.541412944000058, -8.140136754999958, 0.0 ], [ 114.54123400900005, -8.140087261999952, 0.0 ], [ 114.541336802000046, -8.139955915999963, 0.0 ], [ 114.540923727000063, -8.139936879999937, 0.0 ], [ 114.540929438000035, -8.140186247999964, 0.0 ], [ 114.540380692000099, -8.140482388999942, 0.0 ], [ 114.540130637000061, -8.140864044999944, 0.0 ], [ 114.539899829000092, -8.140978258999951, 0.0 ], [ 114.539718990000097, -8.140892597999937, 0.0 ], [ 114.539649986000086, -8.141071057999966, 0.0 ], [ 114.539768959000071, -8.141159097999946, 0.0 ], [ 114.539761820000081, -8.141330418999928, 0.0 ], [ 114.539845102000072, -8.141347075999931, 0.0 ], [ 114.540028880000023, -8.141096974999925, 0.0 ], [ 114.540239371000098, -8.141588473999946, 0.0 ], [ 114.540078877000042, -8.141996312999936, 0.0 ], [ 114.539440593000108, -8.142996041999936, 0.0 ], [ 114.539283549000061, -8.142784269999936, 0.0 ], [ 114.539076536000039, -8.142665296999951, 0.0 ], [ 114.539425920000099, -8.143015909999974, 0.0 ], [ 114.539315275000035, -8.143030186999965, 0.0 ], [ 114.539158230000112, -8.143196748999969, 0.0 ], [ 114.53872397900011, -8.14321102599996, 0.0 ], [ 114.538718030000041, -8.143322860999945, 0.0 ], [ 114.53887983300001, -8.143498940999962, 0.0 ], [ 114.538829865000025, -8.143740455999932, 0.0 ], [ 114.538616308000087, -8.143966355999964, 0.0 ], [ 114.537963146000038, -8.144350638999981, 0.0 ], [ 114.53787748600007, -8.144282824999948, 0.0 ], [ 114.538053566000031, -8.144118641999967, 0.0 ], [ 114.538007166000057, -8.14400085799997, 0.0 ], [ 114.538124949, -8.144010375999926, 0.0 ], [ 114.538116621000086, -8.143881884999928, 0.0 ], [ 114.537842983000019, -8.14394256199995, 0.0 ], [ 114.537778738000043, -8.144165040999951, 0.0 ], [ 114.537580053000056, -8.144172179999941, 0.0 ], [ 114.537471787000072, -8.144395848999977, 0.0 ], [ 114.537549120000108, -8.144510062999927, 0.0 ], [ 114.537451562000115, -8.144604051999977, 0.0 ], [ 114.53761931400004, -8.144807495999942, 0.0 ], [ 114.537516997000012, -8.144927657999972, 0.0 ], [ 114.537663466000026, -8.14508703499996, 0.0 ], [ 114.537636697000039, -8.145175669999958, 0.0 ], [ 114.537163647000057, -8.145380945999932, 0.0 ], [ 114.537005413000088, -8.145292905999952, 0.0 ], [ 114.53703039700008, -8.145584389999954, 0.0 ], [ 114.536828143000093, -8.145429724999929, 0.0 ], [ 114.536835282000084, -8.14556773299995, 0.0 ], [ 114.536666340000011, -8.14556416399995, 0.0 ], [ 114.536615181000116, -8.145743813999957, 0.0 ], [ 114.536468845000059, -8.145705741999961, 0.0 ], [ 114.536490260000051, -8.145930600999975, 0.0 ], [ 114.536312990000056, -8.145943687999932, 0.0 ], [ 114.536255883000081, -8.146068609999929, 0.0 ], [ 114.536199966000027, -8.146088834999944, 0.0 ], [ 114.536208294000062, -8.14596153399998, 0.0 ], [ 114.536035783000102, -8.146032917999946, 0.0 ], [ 114.535950122000031, -8.145956774999945, 0.0 ], [ 114.535916810000117, -8.146302986999956, 0.0 ], [ 114.536008419000041, -8.14634938599994, 0.0 ], [ 114.535947743000065, -8.146526655999935, 0.0 ], [ 114.535829959000012, -8.146488584999929, 0.0 ], [ 114.53581925200001, -8.146267294999973, 0.0 ], [ 114.535709797000095, -8.146243499999969, 0.0 ], [ 114.535534906000066, -8.146377939999979, 0.0 ], [ 114.535434969000107, -8.146730099999957, 0.0 ], [ 114.53509946500003, -8.14674318699997, 0.0 ], [ 114.535098275000109, -8.147552203999965, 0.0 ], [ 114.53490672800001, -8.147580756999957, 0.0 ], [ 114.534702095000057, -8.14781394399995, 0.0 ], [ 114.534778238000058, -8.147880568999938, 0.0 ], [ 114.534721130000094, -8.14807211599998, 0.0 ], [ 114.534875795000062, -8.148192278999943, 0.0 ], [ 114.534831775000043, -8.148269610999932, 0.0 ], [ 114.534646177000013, -8.148183950999965, 0.0 ], [ 114.534536722000098, -8.147956711999939, 0.0 ], [ 114.534291638000013, -8.148031664999962, 0.0 ], [ 114.534191700000065, -8.14827674999998, 0.0 ], [ 114.534242669000037, -8.148596751999946, 0.0 ], [ 114.534147680000046, -8.148750261999965, 0.0 ], [ 114.53370510100001, -8.148841870999945, 0.0 ], [ 114.533794330000092, -8.148675308999941, 0.0 ], [ 114.533630148000043, -8.148471864999976, 0.0 ], [ 114.53352545100006, -8.148519453999938, 0.0 ], [ 114.533495708000032, -8.148677688999953, 0.0 ], [ 114.533293454000045, -8.148615822999943, 0.0 ], [ 114.53317805000006, -8.148721708999972, 0.0 ], [ 114.533250624000061, -8.148831163999944, 0.0 ], [ 114.533092389000103, -8.148902547999967, 0.0 ], [ 114.533181619000061, -8.149165477999929, 0.0 ], [ 114.533095959000093, -8.149240430999953, 0.0 ], [ 114.533040041000049, -8.149248758999931, 0.0 ], [ 114.533024575000013, -8.14906197199997, 0.0 ], [ 114.532853254000088, -8.148975120999978, 0.0 ], [ 114.53287466900008, -8.148803799999939, 0.0 ], [ 114.532748557000104, -8.148759779999978, 0.0 ], [ 114.532664087000057, -8.148849009999935, 0.0 ], [ 114.532662897000023, -8.14895727499993, 0.0 ], [ 114.532746178000025, -8.148975120999978, 0.0 ], [ 114.532723573000112, -8.149170236999964, 0.0 ], [ 114.532590323000022, -8.14908814599994, 0.0 ], [ 114.532480868000107, -8.14915001199995, 0.0 ], [ 114.532384500000035, -8.149031038999965, 0.0 ], [ 114.532273855000085, -8.149122647999945, 0.0 ], [ 114.532239353000023, -8.149348696999937, 0.0 ], [ 114.532383310000114, -8.149397475999933, 0.0 ], [ 114.532465401000081, -8.149575934999973, 0.0 ], [ 114.53238925900007, -8.149779378999938, 0.0 ], [ 114.532250060000024, -8.149608057999956, 0.0 ], [ 114.532007355000019, -8.149516448999975, 0.0 ], [ 114.532027581000079, -8.149403423999956, 0.0 ], [ 114.531874819000109, -8.149445778999961, 0.0 ], [ 114.531860543000107, -8.149619478999966, 0.0 ], [ 114.53158690500004, -8.150009710999939, 0.0 ], [ 114.531643085000042, -8.150288192999938, 0.0 ], [ 114.531581219000032, -8.150395268999944, 0.0 ], [ 114.531471764000116, -8.150409545999935, 0.0 ], [ 114.531469385000037, -8.150697460999936, 0.0 ], [ 114.530881658000112, -8.151052, 0.0 ], [ 114.530755546000023, -8.151239977999978, 0.0 ], [ 114.530610399000011, -8.151228079999953, 0.0 ], [ 114.53065798800003, -8.151592137999955, 0.0 ], [ 114.530536636000079, -8.151784873999929, 0.0 ], [ 114.530277275000117, -8.151699213999962, 0.0 ], [ 114.530129748000036, -8.151756320999937, 0.0 ], [ 114.530055985000104, -8.152272663999952, 0.0 ], [ 114.529724574000056, -8.15214883699997, 0.0 ], [ 114.529688882000073, -8.151934684999958, 0.0 ], [ 114.529569909000088, -8.151827608999952, 0.0 ], [ 114.529239163000057, -8.15183236799993, 0.0 ], [ 114.529072601000053, -8.152015586999937, 0.0 ], [ 114.529141606000053, -8.152153594999959, 0.0 ], [ 114.529227266000021, -8.152134559999979, 0.0 ], [ 114.529227266000021, -8.152327295999953, 0.0 ], [ 114.5289917, -8.152677076999964, 0.0 ], [ 114.528654768000024, -8.152738942999974, 0.0 ], [ 114.528514380000047, -8.153098240999952, 0.0 ], [ 114.528421581000089, -8.153093482999964, 0.0 ], [ 114.528452514000037, -8.153428986999927, 0.0 ], [ 114.528164599000092, -8.153367120999974, 0.0 ], [ 114.528121769000109, -8.153274321999959, 0.0 ], [ 114.527848924000068, -8.153176763999966, 0.0 ], [ 114.527639531000091, -8.153364740999962, 0.0 ], [ 114.527634772000056, -8.153148209999927, 0.0 ], [ 114.527492005000113, -8.153057790999981, 0.0 ], [ 114.527223125000091, -8.153126794999935, 0.0 ], [ 114.527242161000117, -8.153312392999965, 0.0 ], [ 114.527180295000107, -8.153359981999927, 0.0 ], [ 114.527108911000028, -8.153105379999943, 0.0 ], [ 114.526978041, -8.153017339999963, 0.0 ], [ 114.526766269000063, -8.15321959399995, 0.0 ], [ 114.526409350000108, -8.153245767999977, 0.0 ], [ 114.52636889900009, -8.15334332599997, 0.0 ], [ 114.52649263100011, -8.153645517999962, 0.0 ], [ 114.526373658000011, -8.153774007999971, 0.0 ], [ 114.526097640000103, -8.153859668999928, 0.0 ], [ 114.525674096000103, -8.153784953999946, 0.0 ], [ 114.525650302000031, -8.153635047999956, 0.0 ], [ 114.525457565000011, -8.153601734999938, 0.0 ], [ 114.525367146, -8.153430413999956, 0.0 ], [ 114.525455186000045, -8.153147257999933, 0.0 ], [ 114.525186307000013, -8.153178190999938, 0.0 ], [ 114.525086370000054, -8.153102048999926, 0.0 ], [ 114.524960258000078, -8.15315439699998, 0.0 ], [ 114.525014986000087, -8.153449449999925, 0.0 ], [ 114.524812731000111, -8.153487520999931, 0.0 ], [ 114.524831767000023, -8.153375686999937, 0.0 ], [ 114.52475086600009, -8.153313820999927, 0.0 ], [ 114.524574785000027, -8.153361409999945, 0.0 ], [ 114.524539093000044, -8.153504177999935, 0.0 ], [ 114.52431780400002, -8.153668359999926, 0.0 ], [ 114.524353496000117, -8.153953895999962, 0.0 ], [ 114.524246420000054, -8.153980069999932, 0.0 ], [ 114.524274973000047, -8.154110939999953, 0.0 ], [ 114.524113170000078, -8.154187082999954, 0.0 ], [ 114.524108411000043, -8.154325091999965, 0.0 ], [ 114.523879983000029, -8.154253707999942, 0.0 ], [ 114.523977388000048, -8.154640140999959, 0.0 ], [ 114.523932569000067, -8.15470068999997, 0.0 ], [ 114.523459056000092, -8.154774452999959, 0.0 ], [ 114.523018856000022, -8.154636443999948, 0.0 ], [ 114.522671455000022, -8.154681653999944, 0.0 ], [ 114.522195562000093, -8.154581715999939, 0.0 ], [ 114.520802375000017, -8.153965464999942, 0.0 ], [ 114.520790477000105, -8.153777486999957, 0.0 ], [ 114.520211079000092, -8.153632339999945, 0.0 ], [ 114.519651965000094, -8.153275004999955, 0.0 ], [ 114.518690663000029, -8.15248502299994, 0.0 ], [ 114.518371002000094, -8.15216599699994, 0.0 ], [ 114.518313895, -8.151949465999962, 0.0 ], [ 114.518367433000094, -8.151881651999929, 0.0 ], [ 114.518216337000013, -8.151649653999925, 0.0 ], [ 114.518297239000049, -8.151505696999948, 0.0 ], [ 114.518424540000069, -8.151573510999981, 0.0 ], [ 114.518430489000025, -8.151448589999973, 0.0 ], [ 114.518361484000025, -8.151391482999941, 0.0 ], [ 114.518121159000088, -8.151534249999941, 0.0 ], [ 114.518097364000027, -8.15129630399997, 0.0 ], [ 114.517945079000015, -8.151177330999928, 0.0 ], [ 114.518048585000088, -8.151089290999948, 0.0 ], [ 114.518003376000024, -8.150938194999981, 0.0 ], [ 114.518215148000081, -8.15087275999997, 0.0 ], [ 114.518278203000023, -8.150770442999942, 0.0 ], [ 114.518236563000073, -8.15059555299996, 0.0 ], [ 114.518002186000103, -8.150832308999952, 0.0 ], [ 114.517939130000059, -8.150724043999958, 0.0 ], [ 114.518092605000106, -8.150670505999926, 0.0 ], [ 114.518065242000034, -8.150594362999925, 0.0 ], [ 114.517726168000081, -8.150737130999971, 0.0 ], [ 114.517851090000022, -8.150490856999966, 0.0 ], [ 114.517799932000116, -8.150363554999956, 0.0 ], [ 114.517902248000041, -8.15024101299997, 0.0 ], [ 114.517865367000013, -8.150073260999932, 0.0 ], [ 114.517747584000062, -8.150038758999926, 0.0 ], [ 114.517570314000068, -8.150248151999961, 0.0 ], [ 114.517408510000109, -8.149955477999981, 0.0 ], [ 114.517283589000044, -8.149911457999963, 0.0 ], [ 114.517383526000117, -8.149819848999925, 0.0 ], [ 114.5177701880001, -8.14978177699993, 0.0 ], [ 114.517920094000033, -8.149611645999926, 0.0 ], [ 114.517923664000023, -8.149461739999936, 0.0 ], [ 114.517634559000044, -8.149315402999946, 0.0 ], [ 114.517450151000048, -8.149391545999947, 0.0 ], [ 114.517203877000043, -8.149368940999977, 0.0 ], [ 114.5174192180001, -8.149159547999943, 0.0 ], [ 114.517547709000041, -8.148907324999925, 0.0 ], [ 114.517519155000059, -8.148800249999965, 0.0 ], [ 114.517676200000096, -8.148709829999973, 0.0 ], [ 114.517761860000064, -8.148531370999933, 0.0 ], [ 114.517586970000025, -8.148389792999978, 0.0 ], [ 114.517592919000094, -8.148243455999932, 0.0 ], [ 114.517713081000011, -8.148341013999925, 0.0 ], [ 114.518028360000017, -8.148310080999977, 0.0 ], [ 114.518332931000032, -8.148505195999974, 0.0 ], [ 114.518541134000088, -8.148295803999929, 0.0 ], [ 114.518630364000046, -8.148032873999966, 0.0 ], [ 114.518387659000041, -8.147722353999939, 0.0 ], [ 114.518498304000104, -8.147702127999935, 0.0 ], [ 114.518746957000076, -8.147873449999963, 0.0 ], [ 114.519024164000029, -8.147615277999932, 0.0 ], [ 114.518923037000036, -8.147377331999962, 0.0 ], [ 114.518804064000051, -8.147319034999953, 0.0 ], [ 114.51909316900003, -8.147052535999933, 0.0 ], [ 114.519026544000099, -8.14668133999993, 0.0 ], [ 114.51915503500004, -8.146607575999951, 0.0 ], [ 114.519116964000091, -8.146513587999948, 0.0 ], [ 114.519207383000094, -8.146382716999938, 0.0 ], [ 114.519139568000014, -8.146245897999961, 0.0 ], [ 114.519257352000068, -8.146136442999932, 0.0 ], [ 114.519251403000112, -8.145993675999932, 0.0 ], [ 114.519356099000106, -8.145954413999959, 0.0 ], [ 114.519354910000061, -8.145768815999929, 0.0 ], [ 114.519470314000046, -8.145631996999953, 0.0 ], [ 114.519420345000071, -8.145488039999975, 0.0 ], [ 114.518988473000036, -8.145173950999947, 0.0 ], [ 114.518579205000037, -8.145217970999965, 0.0 ], [ 114.518478078000044, -8.145128740999951, 0.0 ], [ 114.518460232000052, -8.145223919999978, 0.0 ], [ 114.518378141000085, -8.145184658999938, 0.0 ], [ 114.518261547000066, -8.145273888999952, 0.0 ], [ 114.518106882000097, -8.145214401999965, 0.0 ], [ 114.518004566000059, -8.145302441999945, 0.0 ], [ 114.517851090000022, -8.145269129999974, 0.0 ], [ 114.517504879000057, -8.145552284999951, 0.0 ], [ 114.517485843000031, -8.145790230999978, 0.0 ], [ 114.517377578000037, -8.145711708999954, 0.0 ], [ 114.517438254000012, -8.145524921999936, 0.0 ], [ 114.517251466000062, -8.145491608999976, 0.0 ], [ 114.517238379000105, -8.145772385999976, 0.0 ], [ 114.517095612000048, -8.145835440999974, 0.0 ], [ 114.517164616000059, -8.145584407999934, 0.0 ], [ 114.517046833000109, -8.145491608999976, 0.0 ], [ 114.51704802200004, -8.145182278999926, 0.0 ], [ 114.516888599000026, -8.144937194999954, 0.0 ], [ 114.516726795000068, -8.14488365699998, 0.0 ], [ 114.516625668000074, -8.145008578999978, 0.0 ], [ 114.516649463000022, -8.145192986999973, 0.0 ], [ 114.516476952000062, -8.14502642399998, 0.0 ], [ 114.516811266000104, -8.144755165999925, 0.0 ], [ 114.516948085000081, -8.144820600999935, 0.0 ], [ 114.516934998000011, -8.144738509999968, 0.0 ], [ 114.517017089000092, -8.144706386999928, 0.0 ], [ 114.517021848000013, -8.144498183999929, 0.0 ], [ 114.516945706000115, -8.144416092999961, 0.0 ], [ 114.517086094000092, -8.144151972999964, 0.0 ], [ 114.516836250000097, -8.144049655999936, 0.0 ], [ 114.51698258700003, -8.144085347999976, 0.0 ], [ 114.517069438000021, -8.144024670999954, 0.0 ], [ 114.517283589000044, -8.144119849999981, 0.0 ], [ 114.517319281000027, -8.143941389999952, 0.0 ], [ 114.518033865, -8.143394432999969, 0.0 ], [ 114.517869682000082, -8.142819792999944, 0.0 ], [ 114.518294416000117, -8.142630625999971, 0.0 ], [ 114.518426476000059, -8.142409335999957, 0.0 ], [ 114.518576382000106, -8.142487857999981, 0.0 ], [ 114.518476445000033, -8.14273056299993, 0.0 ], [ 114.518644197000071, -8.14273056299993, 0.0 ], [ 114.51880838000011, -8.142573518999939, 0.0 ], [ 114.518758411000022, -8.142238014999975, 0.0 ], [ 114.518476445000033, -8.142177337999954, 0.0 ], [ 114.518658474000063, -8.141934632999948, 0.0 ], [ 114.518572813000105, -8.141674081999952, 0.0 ], [ 114.518694166000046, -8.141756173999966, 0.0 ], [ 114.518772688000013, -8.141638389999969, 0.0 ], [ 114.518915456000059, -8.141759742999966, 0.0 ], [ 114.519047516000114, -8.141724050999926, 0.0 ], [ 114.519043946000011, -8.141909648999956, 0.0 ], [ 114.519183145000056, -8.141970324999932, 0.0 ], [ 114.519283082000015, -8.141763311999966, 0.0 ], [ 114.519482957000037, -8.141709773999935, 0.0 ], [ 114.519565048000118, -8.141581282999937, 0.0 ], [ 114.519714954000051, -8.141606267999975, 0.0 ], [ 114.519868430000088, -8.141481345999978, 0.0 ], [ 114.519989782000039, -8.141542021999953, 0.0 ], [ 114.520093289000101, -8.141331439999931, 0.0 ], [ 114.52007901200011, -8.14117439599994, 0.0 ], [ 114.520360978000099, -8.140913844999943, 0.0 ], [ 114.52037882400009, -8.140667569999948, 0.0 ], [ 114.520650083000078, -8.140631877999965, 0.0 ], [ 114.520539438000014, -8.140788922999945, 0.0 ], [ 114.520564422, -8.140888859999961, 0.0 ], [ 114.520628667000096, -8.14087815299996, 0.0 ], [ 114.520832111000118, -8.140610462999973, 0.0 ], [ 114.520635806000087, -8.140496248999966, 0.0 ], [ 114.520642944000087, -8.140403449999951, 0.0 ], [ 114.520871372000101, -8.140232128999969, 0.0 ], [ 114.521442443000069, -8.140075084999978, 0.0 ], [ 114.521378198000093, -8.139686042999926, 0.0 ], [ 114.521581642000115, -8.139618227999961, 0.0 ], [ 114.521727978000058, -8.139661057999945, 0.0 ], [ 114.522132871000053, -8.139517020999961, 0.0 ], [ 114.522641637000106, -8.139257890999943, 0.0 ], [ 114.522811531000116, -8.139065153999979, 0.0 ], [ 114.522925232000034, -8.139120840999965, 0.0 ], [ 114.523150091000048, -8.139081579999981, 0.0 ], [ 114.523292858000104, -8.13872822999997, 0.0 ], [ 114.523116967000078, -8.138418197999954, 0.0 ], [ 114.52318403400011, -8.13834903299994, 0.0 ], [ 114.523430996000116, -8.138441332999946, 0.0 ], [ 114.523482026000011, -8.138224973999968, 0.0 ], [ 114.523624793000067, -8.138175004999937, 0.0 ], [ 114.523631932000058, -8.13810005199997, 0.0 ], [ 114.523358955000049, -8.138021697999932, 0.0 ], [ 114.523235751000016, -8.137557534999928, 0.0 ], [ 114.522926037000047, -8.136888985999974, 0.0 ], [ 114.52290938100009, -8.136679593999929, 0.0 ], [ 114.523066425000025, -8.136567758999945, 0.0 ], [ 114.522997421000014, -8.136467821999929, 0.0 ], [ 114.523042631000067, -8.136355986999945, 0.0 ], [ 114.522890345000064, -8.136315535999927, 0.0 ], [ 114.522783269000115, -8.135842736999962, 0.0 ], [ 114.522726162000026, -8.134760082999946, 0.0 ], [ 114.522821725000085, -8.134584397999959, 0.0 ], [ 114.522636127000055, -8.134195356999953, 0.0 ], [ 114.522700373000021, -8.13400975899998, 0.0 ], [ 114.522604005000062, -8.133781329999977, 0.0 ], [ 114.522140010000044, -8.133213828999942, 0.0 ], [ 114.522111456000061, -8.133078199999943, 0.0 ], [ 114.520935408000014, -8.131424473999971, 0.0 ], [ 114.520801563000077, -8.131112169999938, 0.0 ], [ 114.520810486000073, -8.130924786999969, 0.0 ], [ 114.520681909000018, -8.130861859999925, 0.0 ], [ 114.520193404000111, -8.130263593999928, 0.0 ], [ 114.519928689000039, -8.130111902999943, 0.0 ], [ 114.51975320400004, -8.129894777999937, 0.0 ], [ 114.51964612800009, -8.129897751999977, 0.0 ], [ 114.519259466000108, -8.129508114999965, 0.0 ], [ 114.518557525, -8.128496843999926, 0.0 ], [ 114.517974557000116, -8.127440957999966, 0.0 ], [ 114.517023962000053, -8.126170920999925, 0.0 ], [ 114.51628533500002, -8.124889444999951, 0.0 ], [ 114.515897959000085, -8.124591060999933, 0.0 ], [ 114.515888441000016, -8.12443520599993, 0.0 ], [ 114.515771848000099, -8.124380477999978, 0.0 ], [ 114.515167002000112, -8.123584692999941, 0.0 ], [ 114.513949181000044, -8.121553678999931, 0.0 ], [ 114.513583933000064, -8.120535268999959, 0.0 ], [ 114.512517935, -8.118377097999939, 0.0 ], [ 114.512266906000036, -8.118167729999925, 0.0 ], [ 114.511534028000028, -8.116726941999957, 0.0 ], [ 114.510954629000025, -8.115848920999952, 0.0 ], [ 114.51047754700005, -8.115374217999943, 0.0 ], [ 114.509905940000067, -8.115024074999951, 0.0 ], [ 114.509791726000117, -8.115055007999956, 0.0 ], [ 114.509396735000109, -8.11492889699997, 0.0 ], [ 114.509104061000016, -8.114591013999927, 0.0 ], [ 114.508806629000105, -8.114536285999975, 0.0 ], [ 114.508742383000026, -8.114412553999955, 0.0 ], [ 114.508380705000036, -8.114217437999969, 0.0 ], [ 114.508126103000109, -8.113962835999928, 0.0 ], [ 114.507890536000104, -8.11393190299998, 0.0 ], [ 114.507350399000075, -8.113341796999975, 0.0 ], [ 114.507031551000068, -8.11324899799996, 0.0 ], [ 114.506474757000092, -8.11260654299997, 0.0 ], [ 114.505879892000053, -8.112090199999955, 0.0 ], [ 114.505406379000078, -8.111383499999931, 0.0 ], [ 114.505142259000081, -8.111178865999932, 0.0 ], [ 114.504668746000107, -8.110541170999966, 0.0 ], [ 114.5043427600001, -8.110060519999934, 0.0 ], [ 114.503985841000031, -8.10910873499995, 0.0 ], [ 114.503633086000036, -8.108672103999936, 0.0 ], [ 114.503097707000052, -8.107199812999966, 0.0 ], [ 114.502960888000075, -8.107042173999957, 0.0 ], [ 114.502800274000037, -8.106503819999944, 0.0 ], [ 114.502696173000118, -8.106465153999977, 0.0 ], [ 114.502803249000067, -8.106334283999956, 0.0 ], [ 114.502603969, -8.106248027999925, 0.0 ], [ 114.502151871000024, -8.105156450999971, 0.0 ], [ 114.501690256000074, -8.104450940999925, 0.0 ], [ 114.501342854000086, -8.104132092999976, 0.0 ], [ 114.500699419000057, -8.103178908999951, 0.0 ], [ 114.500029691, -8.102524295999956, 0.0 ], [ 114.499216896, -8.10240255399998, 0.0 ], [ 114.498967757000059, -8.102236099999971, 0.0 ], [ 114.498774435000087, -8.101979660999973, 0.0 ], [ 114.498793630000023, -8.10183881599994, 0.0 ], [ 114.498729384000058, -8.101795985999956, 0.0 ], [ 114.49882337300005, -8.101656787999957, 0.0 ], [ 114.498608032000107, -8.101677012999971, 0.0 ], [ 114.498484300000086, -8.10147713799995, 0.0 ], [ 114.498583048000114, -8.101391477999925, 0.0 ], [ 114.498718677000056, -8.101514019999968, 0.0 ], [ 114.498857875000112, -8.101302247999968, 0.0 ], [ 114.498887619000016, -8.101090475999968, 0.0 ], [ 114.498738902000014, -8.101092854999933, 0.0 ], [ 114.498744851000083, -8.101164238999957, 0.0 ], [ 114.498502146000078, -8.101146392999965, 0.0 ], [ 114.498410537000041, -8.101258227999949, 0.0 ], [ 114.498238549, -8.101247757999943, 0.0 ], [ 114.498166214000094, -8.101127832999964, 0.0 ], [ 114.498055807000014, -8.101150675999975, 0.0 ], [ 114.498337535000019, -8.100952704999941, 0.0 ], [ 114.498451749000083, -8.100962222999954, 0.0 ], [ 114.498388931000022, -8.100840394999977, 0.0 ], [ 114.498493627000016, -8.100819454999964, 0.0 ], [ 114.49852408400011, -8.100659554999936, 0.0 ], [ 114.498034867000115, -8.100783286999956, 0.0 ], [ 114.497842185000081, -8.101023006999981, 0.0 ], [ 114.496496600000114, -8.10010750899994, 0.0 ], [ 114.496344521000083, -8.099606750999953, 0.0 ], [ 114.496001879, -8.099062329999981, 0.0 ], [ 114.495955625000079, -8.098803505999967, 0.0 ], [ 114.495654327000011, -8.098483094999949, 0.0 ], [ 114.495345327000109, -8.098301735999939, 0.0 ], [ 114.495377485000063, -8.098110676999966, 0.0 ], [ 114.495244235000087, -8.09808402699997, 0.0 ], [ 114.495213778000107, -8.097939355999927, 0.0 ], [ 114.494621336000023, -8.097562437999954, 0.0 ], [ 114.494470746000047, -8.097360656999967, 0.0 ], [ 114.494424124000034, -8.096929601999932, 0.0 ], [ 114.494256610000093, -8.096729726999968, 0.0 ], [ 114.494243285000039, -8.096476551999956, 0.0 ], [ 114.494309910000084, -8.096406119999926, 0.0 ], [ 114.494188082000051, -8.096366144999934, 0.0 ], [ 114.494043411, -8.096162462999928, 0.0 ], [ 114.493877800000064, -8.096133909999935, 0.0 ], [ 114.493510792000052, -8.095821819999969, 0.0 ], [ 114.492336290000026, -8.095212677999939, 0.0 ], [ 114.490859121000085, -8.094601631999979, 0.0 ], [ 114.49080011, -8.094481706999943, 0.0 ], [ 114.490238557000112, -8.09427612199994, 0.0 ], [ 114.490171932000067, -8.094140968999966, 0.0 ], [ 114.49002916500001, -8.094224725999936, 0.0 ], [ 114.489520912000103, -8.094051500999967, 0.0 ], [ 114.489050730000031, -8.093754543999978, 0.0 ], [ 114.488957456000094, -8.093826879999938, 0.0 ], [ 114.488544381000111, -8.093724086999941, 0.0 ], [ 114.486823555000115, -8.093604161999963, 0.0 ], [ 114.486328455000034, -8.09384806199995, 0.0 ], [ 114.486052438000115, -8.094240672999945, 0.0 ], [ 114.485217247000037, -8.094666596999957, 0.0 ], [ 114.484746114000018, -8.095254323999939, 0.0 ], [ 114.484398852000027, -8.095445229999939, 0.0 ], [ 114.483881180000026, -8.095550566999975, 0.0 ], [ 114.483445738000114, -8.096035976999929, 0.0 ], [ 114.482642984000108, -8.096235099999944, 0.0 ], [ 114.482340571, -8.096165135999968, 0.0 ], [ 114.481530392000082, -8.096169098999951, 0.0 ], [ 114.481319810000059, -8.096265466999967, 0.0 ], [ 114.480653561000054, -8.096323763999976, 0.0 ], [ 114.479858821000107, -8.096203600999957, 0.0 ], [ 114.478289566000058, -8.096129837999968, 0.0 ], [ 114.478061138000044, -8.096179806999942, 0.0 ], [ 114.477694701000019, -8.096029900999952, 0.0 ], [ 114.477266398000097, -8.095991828999956, 0.0 ], [ 114.476840475000017, -8.096133406999968, 0.0 ], [ 114.475841101000015, -8.095987069999978, 0.0 ], [ 114.474163581000084, -8.095957326999951, 0.0 ], [ 114.473895892000087, -8.095925203999968, 0.0 ], [ 114.473863769000104, -8.095832404999953, 0.0 ], [ 114.473763832000031, -8.095931152999981, 0.0 ], [ 114.473472348000087, -8.095875235999927, 0.0 ], [ 114.473474727000053, -8.095775297999978, 0.0 ], [ 114.47338073800006, -8.095832404999953, 0.0 ], [ 114.473045027000012, -8.095784310999932, 0.0 ], [ 114.472287376000054, -8.095495711999945, 0.0 ], [ 114.471947113000056, -8.095580182999981, 0.0 ], [ 114.471367714000053, -8.095350564999933, 0.0 ], [ 114.471173788000101, -8.095473106999975, 0.0 ], [ 114.470412361000058, -8.095452880999972, 0.0 ], [ 114.470269593000012, -8.095532592999973, 0.0 ], [ 114.470164897000018, -8.09544217399997, 0.0 ], [ 114.469985247000068, -8.095444552999936, 0.0 ], [ 114.469954314, -8.095313682999972, 0.0 ], [ 114.469804408000073, -8.095366030999969, 0.0 ], [ 114.469012048000081, -8.095130463999965, 0.0 ], [ 114.46867820500006, -8.095182885999975, 0.0 ], [ 114.468375542000103, -8.095067408999967, 0.0 ], [ 114.467981741000017, -8.095157827999969, 0.0 ], [ 114.467910357000051, -8.095023388999948, 0.0 ], [ 114.466437471000063, -8.094846118999953, 0.0 ], [ 114.465479289000086, -8.094853718999957, 0.0 ], [ 114.464781366000011, -8.094666469999936, 0.0 ], [ 114.463221076000082, -8.094762066999976, 0.0 ], [ 114.46203739200007, -8.094401861999927, 0.0 ], [ 114.461339734000035, -8.094394246999968, 0.0 ], [ 114.460525007000115, -8.094193420999943, 0.0 ], [ 114.459173949000046, -8.09368373999996, 0.0 ], [ 114.45767774400008, -8.093752982999945, 0.0 ], [ 114.456881814000099, -8.093645192999929, 0.0 ], [ 114.456150130000083, -8.093718003999982, 0.0 ], [ 114.454674626000042, -8.093316826999967, 0.0 ], [ 114.454465471000049, -8.093162637999967, 0.0 ], [ 114.452913587000012, -8.092812857999945, 0.0 ], [ 114.451254389000042, -8.092588473999967, 0.0 ], [ 114.450857345000031, -8.092595464999931, 0.0 ], [ 114.450606223000023, -8.092736000999935, 0.0 ], [ 114.449938994000036, -8.092877243999965, 0.0 ], [ 114.449495491000107, -8.093067221999945, 0.0 ], [ 114.44865982400006, -8.093054848999941, 0.0 ], [ 114.446972311000081, -8.093234735999943, 0.0 ], [ 114.444902180000099, -8.093062462999967, 0.0 ], [ 114.443385837000051, -8.093466389999946, 0.0 ], [ 114.441913935000116, -8.093697038999949, 0.0 ], [ 114.440604388000111, -8.094162445999928, 0.0 ], [ 114.439425612000036, -8.094469199999935, 0.0 ], [ 114.438812196000072, -8.094735238999931, 0.0 ], [ 114.438443237000115, -8.095050537999953, 0.0 ], [ 114.437932262000118, -8.095673207999937, 0.0 ], [ 114.4370948400001, -8.096066931999928, 0.0 ], [ 114.436295459, -8.09688813799994, 0.0 ], [ 114.435695717000044, -8.097318528999949, 0.0 ], [ 114.435569262000058, -8.097491068999943, 0.0 ], [ 114.435276344000044, -8.098484751999933, 0.0 ], [ 114.43525090300011, -8.100431649999962, 0.0 ], [ 114.434910495000054, -8.101139942999964, 0.0 ], [ 114.434544058000029, -8.101511138999967, 0.0 ], [ 114.434320804000095, -8.101912040999935, 0.0 ], [ 114.434112139000035, -8.103180601999952, 0.0 ], [ 114.434440069000061, -8.104761266999958, 0.0 ], [ 114.434636734000037, -8.106685542999969, 0.0 ], [ 114.434451068000044, -8.10780800699996, 0.0 ], [ 114.434076092000055, -8.108451351999975, 0.0 ], [ 114.433902840000087, -8.108915883999941, 0.0 ], [ 114.433804096000017, -8.109797656999945, 0.0 ], [ 114.433828796000057, -8.11067675299995, 0.0 ], [ 114.433660135000082, -8.112356108999961, 0.0 ], [ 114.433719384000028, -8.112856080999961, 0.0 ], [ 114.433694442000046, -8.112945888999946, 0.0 ], [ 114.433593510000037, -8.112959634999982, 0.0 ], [ 114.433580661000065, -8.113085270999932, 0.0 ], [ 114.433655330000079, -8.113215707999927, 0.0 ], [ 114.433606551000025, -8.11340368499998, 0.0 ], [ 114.433699384000079, -8.113441011999953, 0.0 ], [ 114.433645812, -8.113578574999963, 0.0 ], [ 114.433737111000028, -8.113581167999939, 0.0 ], [ 114.433720765000089, -8.113711824999939, 0.0 ], [ 114.433826651000118, -8.113684460999934, 0.0 ], [ 114.433765275000042, -8.113847494999959, 0.0 ], [ 114.433862343000101, -8.113962857999979, 0.0 ], [ 114.433898942000042, -8.114318616999981, 0.0 ], [ 114.433635312000092, -8.114796531999957, 0.0 ], [ 114.433699485000034, -8.114894204999928, 0.0 ], [ 114.43362103600009, -8.115512749999937, 0.0 ], [ 114.433679888000029, -8.116137794999929, 0.0 ], [ 114.433558775000051, -8.116903329999957, 0.0 ], [ 114.433615170000053, -8.117170270999964, 0.0 ], [ 114.433477873000015, -8.117498194999939, 0.0 ], [ 114.433518040000081, -8.117742776999933, 0.0 ], [ 114.433334230000014, -8.11820744299996, 0.0 ], [ 114.433114291000038, -8.118424280999932, 0.0 ], [ 114.432297660000017, -8.118635577999953, 0.0 ], [ 114.432246264000014, -8.119094337999968, 0.0 ], [ 114.432663356000035, -8.119991252999966, 0.0 ], [ 114.433056233000116, -8.120335463999936, 0.0 ], [ 114.433416007, -8.121088325999949, 0.0 ], [ 114.433826056000044, -8.121609576999958, 0.0 ], [ 114.434260240000071, -8.122014649999926, 0.0 ], [ 114.434386589000042, -8.122031067999956, 0.0 ], [ 114.434555624000041, -8.122399901999927, 0.0 ], [ 114.434649851000017, -8.122384196999974, 0.0 ], [ 114.4347654930001, -8.122541241999954, 0.0 ], [ 114.434789763000026, -8.122678297999926, 0.0 ], [ 114.435056548000034, -8.122733786999959, 0.0 ], [ 114.435102234000055, -8.12297554099996, 0.0 ], [ 114.435225966000075, -8.123022177999928, 0.0 ], [ 114.435457250000013, -8.123362916999952, 0.0 ], [ 114.435417275000077, -8.123499973999969, 0.0 ], [ 114.435551476000114, -8.123726498999929, 0.0 ], [ 114.435848671000031, -8.123947312999974, 0.0 ], [ 114.435993342000074, -8.124247124999954, 0.0 ], [ 114.436153242000046, -8.124258545999965, 0.0 ], [ 114.43641307900009, -8.124622127999942, 0.0 ], [ 114.436479704000021, -8.124594525999953, 0.0 ], [ 114.436650232000034, -8.124781551999945, 0.0 ], [ 114.436816794000038, -8.124738720999972, 0.0 ], [ 114.436864384000046, -8.124886247999939, 0.0 ], [ 114.43727841000009, -8.125119434999931, 0.0 ], [ 114.437354553000091, -8.125262202999977, 0.0 ], [ 114.437445390000107, -8.125251527999978, 0.0 ], [ 114.437735266000118, -8.125542978999931, 0.0 ], [ 114.438448652000034, -8.126521705999949, 0.0 ], [ 114.440309125000113, -8.128333776999966, 0.0 ], [ 114.440948087000038, -8.129344688999936, 0.0 ], [ 114.441810159000056, -8.130404365999937, 0.0 ], [ 114.442362856000045, -8.131209787999978, 0.0 ], [ 114.442741160000082, -8.131935344999931, 0.0 ], [ 114.443365071000017, -8.133590315999982, 0.0 ], [ 114.44357160200002, -8.134484431999965, 0.0 ], [ 114.444101270000033, -8.13579004199994, 0.0 ], [ 114.444067012, -8.136079232999975, 0.0 ], [ 114.444183421000048, -8.136149627999941, 0.0 ], [ 114.444422587000076, -8.137345215999972, 0.0 ], [ 114.444558930000085, -8.137734971999976, 0.0 ], [ 114.444871591000037, -8.138225378999948, 0.0 ], [ 114.444808773000091, -8.138362435999966, 0.0 ], [ 114.444977953000034, -8.138530425999932, 0.0 ], [ 114.444944640000017, -8.138692228999957, 0.0 ], [ 114.445107633000021, -8.13899085099996, 0.0 ], [ 114.445077890000107, -8.13928709399994, 0.0 ], [ 114.445181397000056, -8.139753467999981, 0.0 ], [ 114.445124052000097, -8.139956435999977, 0.0 ], [ 114.445260157, -8.140112528999964, 0.0 ], [ 114.445248022000101, -8.140294319999953, 0.0 ], [ 114.445548548000033, -8.140971276999949, 0.0 ], [ 114.445828134000067, -8.14212174599993, 0.0 ], [ 114.445978040000114, -8.143103273999941, 0.0 ], [ 114.445928227000081, -8.143932762999953, 0.0 ], [ 114.446014042000115, -8.144121346999952, 0.0 ], [ 114.446106133000058, -8.145437207999976, 0.0 ], [ 114.446074004000025, -8.145854545999953, 0.0 ], [ 114.44589411700008, -8.146382786999936, 0.0 ], [ 114.445801005000021, -8.146505361999971, 0.0 ], [ 114.445478508000065, -8.146648202999927, 0.0 ], [ 114.445353325000042, -8.146898990999944, 0.0 ], [ 114.444907028000102, -8.147252232999961, 0.0 ], [ 114.444488557000113, -8.147960646999934, 0.0 ], [ 114.44442652500004, -8.14827182099998, 0.0 ], [ 114.444398923000108, -8.149970755999959, 0.0 ], [ 114.44453455200005, -8.151231393999979, 0.0 ], [ 114.444496005000019, -8.152336415999969, 0.0 ], [ 114.444400351000013, -8.152400661999934, 0.0 ], [ 114.444393212000023, -8.152553422999972, 0.0 ], [ 114.444547367000041, -8.152716207999958, 0.0 ], [ 114.444427476000101, -8.153027411999972, 0.0 ], [ 114.444458885000017, -8.153508538999972, 0.0 ], [ 114.44433420200005, -8.154177285999936, 0.0 ], [ 114.444121835000033, -8.154445760999977, 0.0 ], [ 114.444272829000056, -8.154704764999963, 0.0 ], [ 114.444005241000013, -8.154764607999937, 0.0 ], [ 114.44390054500002, -8.155100111999957, 0.0 ], [ 114.443995723000057, -8.15538326799998, 0.0 ], [ 114.444126594000068, -8.15539040699997, 0.0 ], [ 114.44420987500007, -8.15524050099998, 0.0 ], [ 114.444300294000072, -8.155373749999967, 0.0 ], [ 114.444497790000014, -8.155433236999954, 0.0 ], [ 114.44432408900002, -8.155673561999947, 0.0 ], [ 114.4444026110001, -8.155878195999946, 0.0 ], [ 114.44432408900002, -8.155911508999964, 0.0 ], [ 114.444321710000054, -8.156042378999928, 0.0 ], [ 114.444488272000058, -8.156411194999976, 0.0 ], [ 114.44434074500009, -8.156782390999979, 0.0 ], [ 114.444623901000114, -8.157105997999963, 0.0 ], [ 114.444840432000092, -8.157084582999971, 0.0 ], [ 114.444954646000042, -8.156984644999966, 0.0 ], [ 114.444934659000069, -8.157619247999946, 0.0 ], [ 114.445016512000052, -8.157624957999928, 0.0 ], [ 114.445052680000117, -8.157449829999962, 0.0 ], [ 114.445090751000066, -8.15751645499995, 0.0 ], [ 114.44519544800005, -8.157444118999933, 0.0 ], [ 114.445119305000048, -8.157619247999946, 0.0 ], [ 114.445267783000077, -8.157718232999969, 0.0 ], [ 114.44527920500002, -8.157822929999952, 0.0 ], [ 114.445477176000054, -8.157849579999947, 0.0 ], [ 114.44557996900005, -8.158015189999958, 0.0 ], [ 114.44568085800006, -8.157950468999957, 0.0 ], [ 114.445850275000112, -8.158015189999958, 0.0 ], [ 114.44585789000007, -8.157929528999944, 0.0 ], [ 114.446022072, -8.158077055999968, 0.0 ], [ 114.446255260000044, -8.158072296999933, 0.0 ], [ 114.446338382000022, -8.157915153999966, 0.0 ], [ 114.446516842000051, -8.158012235999934, 0.0 ], [ 114.44652540800007, -8.157890882999936, 0.0 ], [ 114.446629628000096, -8.157853762999935, 0.0 ], [ 114.446598219000066, -8.158242090999977, 0.0 ], [ 114.446713861000035, -8.158253512999977, 0.0 ], [ 114.446829503000117, -8.158386286999928, 0.0 ], [ 114.446953711000106, -8.158085046999929, 0.0 ], [ 114.447125032000031, -8.158059348999927, 0.0 ], [ 114.446989403000089, -8.158272072999978, 0.0 ], [ 114.447189277, -8.158393424999929, 0.0 ], [ 114.447247812000114, -8.158232097999928, 0.0 ], [ 114.447324907000052, -8.15826207899994, 0.0 ], [ 114.447282076000079, -8.158414839999978, 0.0 ], [ 114.447414850000087, -8.158591871999931, 0.0 ], [ 114.447399146000066, -8.158914526999979, 0.0 ], [ 114.447931669000013, -8.158806023999944, 0.0 ], [ 114.448127261000081, -8.158848853999928, 0.0 ], [ 114.448328563000018, -8.15906300599994, 0.0 ], [ 114.44842136200009, -8.159007325999937, 0.0 ], [ 114.448509878000095, -8.159178646999976, 0.0 ], [ 114.448601250000024, -8.159198634999939, 0.0 ], [ 114.448631231000036, -8.159349968999948, 0.0 ], [ 114.448748300000034, -8.159329980999928, 0.0 ], [ 114.448641225000074, -8.159494163999966, 0.0 ], [ 114.448652646000028, -8.159758283999963, 0.0 ], [ 114.448751156000071, -8.159726874999933, 0.0 ], [ 114.448764005000044, -8.159518433999949, 0.0 ], [ 114.44894532, -8.159569830999942, 0.0 ], [ 114.448795414000074, -8.159912472999963, 0.0 ], [ 114.448672633000115, -8.159945309999955, 0.0 ], [ 114.448758294000072, -8.160235127999954, 0.0 ], [ 114.448926760000063, -8.160189441999933, 0.0 ], [ 114.449015276000068, -8.160269391999975, 0.0 ], [ 114.449158043000011, -8.160227989999953, 0.0 ], [ 114.449239421000016, -8.16032221599994, 0.0 ], [ 114.449397893000082, -8.160282240999948, 0.0 ], [ 114.449517818000118, -8.159998133999977, 0.0 ], [ 114.449273685000094, -8.159901051999952, 0.0 ], [ 114.449210867000033, -8.159801113999947, 0.0 ], [ 114.449443579000103, -8.159778271999926, 0.0 ], [ 114.449564931000054, -8.159851082999978, 0.0 ], [ 114.449559221000072, -8.159929604999945, 0.0 ], [ 114.449723403, -8.15984822799993, 0.0 ], [ 114.449821913000051, -8.160029542999951, 0.0 ], [ 114.449759095000104, -8.160317932999931, 0.0 ], [ 114.449620611000114, -8.160317932999931, 0.0 ], [ 114.449590629000113, -8.160413587999926, 0.0 ], [ 114.449879020000026, -8.160457845999929, 0.0 ], [ 114.449938983000038, -8.160193724999942, 0.0 ], [ 114.450021788000072, -8.160179448999941, 0.0 ], [ 114.450070329000027, -8.160490681999931, 0.0 ], [ 114.450203103000035, -8.160463555999968, 0.0 ], [ 114.450278770000068, -8.160577769999975, 0.0 ], [ 114.450161700000081, -8.160786210999959, 0.0 ], [ 114.450347298000111, -8.160741952999956, 0.0 ], [ 114.45033159400009, -8.160362190999933, 0.0 ], [ 114.450482927000053, -8.160320788999968, 0.0 ], [ 114.450540034000028, -8.16048497099996, 0.0 ], [ 114.450724205000029, -8.160513524999942, 0.0 ], [ 114.450702790000037, -8.160709116999953, 0.0 ], [ 114.450520047000055, -8.160763367999948, 0.0 ], [ 114.450652821000062, -8.160926123999957, 0.0 ], [ 114.45080986500011, -8.160833324999942, 0.0 ], [ 114.450871255000038, -8.161040337999964, 0.0 ], [ 114.450946922000071, -8.16095039399994, 0.0 ], [ 114.451153935000093, -8.16096609799996, 0.0 ], [ 114.451332395, -8.160851883999953, 0.0 ], [ 114.451342389000047, -8.160941827999977, 0.0 ], [ 114.451133948, -8.161073173999966, 0.0 ], [ 114.451300986000092, -8.161123142999941, 0.0 ], [ 114.451458030000026, -8.161010355999963, 0.0 ], [ 114.451436615000034, -8.160817619999932, 0.0 ], [ 114.451552257000117, -8.160881865999954, 0.0 ], [ 114.451659333000066, -8.160836179999933, 0.0 ], [ 114.451553685000022, -8.161117431999969, 0.0 ], [ 114.451660761000085, -8.161141702999942, 0.0 ], [ 114.45182494300002, -8.160973236999951, 0.0 ], [ 114.451874912000108, -8.161041764999936, 0.0 ], [ 114.452111906000027, -8.161023205999982, 0.0 ], [ 114.452264668000112, -8.161185960999944, 0.0 ], [ 114.452013397000087, -8.161103154999978, 0.0 ], [ 114.451983415000086, -8.161188815999935, 0.0 ], [ 114.452110479000112, -8.161337293999964, 0.0 ], [ 114.452281800000037, -8.161394400999939, 0.0 ], [ 114.452444555000056, -8.161387262999938, 0.0 ], [ 114.452358894000099, -8.161175966999963, 0.0 ], [ 114.452483102000087, -8.161213086999965, 0.0 ], [ 114.452652996000097, -8.161053186999936, 0.0 ], [ 114.452692971000033, -8.161198809999973, 0.0 ], [ 114.452887135000083, -8.161221652999927, 0.0 ], [ 114.453021336, -8.16112742599995, 0.0 ], [ 114.453052745000036, -8.161275903999979, 0.0 ], [ 114.453214073000026, -8.161297318999971, 0.0 ], [ 114.453483904000109, -8.161248777999958, 0.0 ], [ 114.453695200000084, -8.161021777999963, 0.0 ], [ 114.453802275000044, -8.161151695999934, 0.0 ], [ 114.454164905000084, -8.161150268999961, 0.0 ], [ 114.454157767000083, -8.160987513999942, 0.0 ], [ 114.454249138000023, -8.160851883999953, 0.0 ], [ 114.454324805000056, -8.160944682999968, 0.0 ], [ 114.454431881, -8.160933261999958, 0.0 ], [ 114.454454724000016, -8.160652009999978, 0.0 ], [ 114.45451325800002, -8.160937544999967, 0.0 ], [ 114.454611768000063, -8.16098608599998, 0.0 ], [ 114.454763102000015, -8.160874726999964, 0.0 ], [ 114.454818781000085, -8.160967525999979, 0.0 ], [ 114.455227097000034, -8.160921839999958, 0.0 ], [ 114.455394135, -8.16065486499997, 0.0 ], [ 114.455426971000065, -8.160446423999929, 0.0 ], [ 114.455549752000024, -8.160553499999935, 0.0 ], [ 114.455525481000109, -8.160706260999973, 0.0 ], [ 114.455604003000076, -8.160747663999928, 0.0 ], [ 114.45568538100008, -8.160683417999962, 0.0 ], [ 114.455636840000011, -8.160527801999933, 0.0 ], [ 114.455858130000024, -8.160530656999981, 0.0 ], [ 114.455965205000098, -8.160377895999943, 0.0 ], [ 114.456273584000087, -8.160396454999955, 0.0 ], [ 114.456651918000034, -8.160233699999935, 0.0 ], [ 114.45676327700005, -8.160262253999974, 0.0 ], [ 114.456680471000027, -8.160113775999946, 0.0 ], [ 114.456436339000106, -8.160016693999978, 0.0 ], [ 114.456452043000013, -8.159863931999951, 0.0 ], [ 114.456563402000029, -8.159803969999928, 0.0 ], [ 114.456749, -8.159819673999948, 0.0 ], [ 114.456821811000054, -8.160012409999979, 0.0 ], [ 114.456920321000098, -8.160049529999981, 0.0 ], [ 114.457188724000048, -8.159923894999963, 0.0 ], [ 114.4574271460001, -8.159922466999944, 0.0 ], [ 114.457467121000036, -8.159628364999946, 0.0 ], [ 114.457571342000051, -8.159781126999974, 0.0 ], [ 114.457915412000034, -8.159745434999934, 0.0 ], [ 114.458075312, -8.15985251099994, 0.0 ], [ 114.458415099000035, -8.15986107699996, 0.0 ], [ 114.458584992000056, -8.159712597999942, 0.0 ], [ 114.458679219000032, -8.160142328999939, 0.0 ], [ 114.458887660000073, -8.160103781999965, 0.0 ], [ 114.45896618200004, -8.160297945999957, 0.0 ], [ 114.459084679000057, -8.160193724999942, 0.0 ], [ 114.459197465000102, -8.160280813999975, 0.0 ], [ 114.459201748000055, -8.160355052999932, 0.0 ], [ 114.45897474800006, -8.160385033999944, 0.0 ], [ 114.459124654000107, -8.160583480999946, 0.0 ], [ 114.459250289000011, -8.160600612999929, 0.0 ], [ 114.459228874000019, -8.160429291999947, 0.0 ], [ 114.459567234000019, -8.160179448999941, 0.0 ], [ 114.459662888000025, -8.160295089999977, 0.0 ], [ 114.45960578100005, -8.160572059999936, 0.0 ], [ 114.459724278000067, -8.160730531999945, 0.0 ], [ 114.459670026000026, -8.160873298999945, 0.0 ], [ 114.459955562, -8.160744808999937, 0.0 ], [ 114.459877039000048, -8.16094611099993, 0.0 ], [ 114.460049788000106, -8.160873298999945, 0.0 ], [ 114.46006834800005, -8.161010355999963, 0.0 ], [ 114.459951279000052, -8.161073173999966, 0.0 ], [ 114.459981260000063, -8.16126591099993, 0.0 ], [ 114.459807083000101, -8.161343004999935, 0.0 ], [ 114.459691441000018, -8.161567149999939, 0.0 ], [ 114.459809939000024, -8.161655665999945, 0.0 ], [ 114.459912731000031, -8.161434375999931, 0.0 ], [ 114.459972694000044, -8.161558583999977, 0.0 ], [ 114.4601083230001, -8.16158570999994, 0.0 ], [ 114.460148298000036, -8.16175132099994, 0.0 ], [ 114.460061210000049, -8.161904081999978, 0.0 ], [ 114.460171141000046, -8.162011157999927, 0.0 ], [ 114.460144015000083, -8.162139648999926, 0.0 ], [ 114.460231103000069, -8.162181050999948, 0.0 ], [ 114.460128310000073, -8.16237521499994, 0.0 ], [ 114.460032656000067, -8.162335239999948, 0.0 ], [ 114.460042650000105, -8.162049704999959, 0.0 ], [ 114.459308824000118, -8.162183906999928, 0.0 ], [ 114.459190327000101, -8.162358082999958, 0.0 ], [ 114.459246006000058, -8.162486573999956, 0.0 ], [ 114.459126081000022, -8.162583655999981, 0.0 ], [ 114.459121798000069, -8.162675026999977, 0.0 ], [ 114.459421611000039, -8.162859197999978, 0.0 ], [ 114.459260283000049, -8.16302337999997, 0.0 ], [ 114.459333095000034, -8.163101902999927, 0.0 ], [ 114.459587221000106, -8.163037656999961, 0.0 ], [ 114.459608636000098, -8.162942002999955, 0.0 ], [ 114.459691441000018, -8.163009103999968, 0.0 ], [ 114.459668599000111, -8.163099046999946, 0.0 ], [ 114.459447309000097, -8.16316186499995, 0.0 ], [ 114.459474435000061, -8.163313198999958, 0.0 ], [ 114.459667171000092, -8.163317481999968, 0.0 ], [ 114.459700007000038, -8.163231820999954, 0.0 ], [ 114.459769964000088, -8.163308915999949, 0.0 ], [ 114.459925580000117, -8.163296066999976, 0.0 ], [ 114.459771391000118, -8.163194701999942, 0.0 ], [ 114.45976853600007, -8.163044795999951, 0.0 ], [ 114.459925580000117, -8.163130455999976, 0.0 ], [ 114.459942713000032, -8.163009103999968, 0.0 ], [ 114.460032656000067, -8.163104757999974, 0.0 ], [ 114.460241097000107, -8.162976266999976, 0.0 ], [ 114.460355311000058, -8.16303480199997, 0.0 ], [ 114.460363877000077, -8.162827788999948, 0.0 ], [ 114.460440972000015, -8.162809228999947, 0.0 ], [ 114.460449538000034, -8.162899172999971, 0.0 ], [ 114.46053805400004, -8.162790668999946, 0.0 ], [ 114.46066797200001, -8.162796379999975, 0.0 ], [ 114.460660834, -8.162877756999933, 0.0 ], [ 114.460864992000097, -8.162990543999967, 0.0 ], [ 114.4609092500001, -8.163146160999929, 0.0 ], [ 114.460867847000031, -8.163201839999942, 0.0 ], [ 114.460670828000048, -8.163109040999927, 0.0 ], [ 114.460637991000112, -8.163206122999952, 0.0 ], [ 114.460506645, -8.163111895999975, 0.0 ], [ 114.460490940000113, -8.163223254999934, 0.0 ], [ 114.460619431000055, -8.163314625999931, 0.0 ], [ 114.460680821000096, -8.163198984999951, 0.0 ], [ 114.460906394000062, -8.163287500999957, 0.0 ], [ 114.460973495000076, -8.162974838999958, 0.0 ], [ 114.461113407000084, -8.162953423999966, 0.0 ], [ 114.461013470000012, -8.163167575999978, 0.0 ], [ 114.461114835000103, -8.163204694999934, 0.0 ], [ 114.461230477000072, -8.162984832999939, 0.0 ], [ 114.461173370000097, -8.162893461999943, 0.0 ], [ 114.461387521, -8.162577944999953, 0.0 ], [ 114.461446056000113, -8.162677882999958, 0.0 ], [ 114.461377528000071, -8.162762115999953, 0.0 ], [ 114.461411792000035, -8.162889178999933, 0.0 ], [ 114.461668774000032, -8.162954851999928, 0.0 ], [ 114.461698755000043, -8.162846348999949, 0.0 ], [ 114.46146889900001, -8.162705008999978, 0.0 ], [ 114.461593107000112, -8.162746410999944, 0.0 ], [ 114.461802975000069, -8.162539397999979, 0.0 ], [ 114.462189875000035, -8.162442315999954, 0.0 ], [ 114.462234133000038, -8.162355227999967, 0.0 ], [ 114.462296951000098, -8.162450881999973, 0.0 ], [ 114.462391178000075, -8.16241090699998, 0.0 ], [ 114.462515386000064, -8.162572234999971, 0.0 ], [ 114.462643877, -8.162355227999967, 0.0 ], [ 114.462869450000085, -8.162350944999957, 0.0 ], [ 114.463075035000088, -8.16224101399996, 0.0 ], [ 114.462848034000103, -8.162592221999944, 0.0 ], [ 114.462987947000101, -8.162807800999929, 0.0 ], [ 114.46325777800007, -8.162807800999929, 0.0 ], [ 114.463399118000098, -8.162927725999964, 0.0 ], [ 114.463628974000017, -8.162951996999936, 0.0 ], [ 114.46371177900005, -8.162940574999936, 0.0 ], [ 114.463861685000097, -8.162700725999969, 0.0 ], [ 114.463931641000045, -8.162792096999965, 0.0 ], [ 114.464092968000045, -8.162712146999979, 0.0 ], [ 114.464092968000045, -8.162953423999966, 0.0 ], [ 114.464262862000055, -8.163129028999947, 0.0 ], [ 114.464248585000064, -8.163277506999975, 0.0 ], [ 114.464382787000091, -8.163374588999943, 0.0 ], [ 114.46447415800003, -8.163273223999965, 0.0 ], [ 114.464775398000029, -8.16335460099998, 0.0 ], [ 114.46485392000011, -8.163167575999978, 0.0 ], [ 114.464996688000042, -8.16315758199994, 0.0 ], [ 114.464972417000013, -8.163298921999967, 0.0 ], [ 114.465060933000018, -8.163331758999959, 0.0 ], [ 114.465130889000079, -8.163555903999963, 0.0 ], [ 114.464899606000017, -8.163610155999947, 0.0 ], [ 114.464896750000094, -8.163524494999933, 0.0 ], [ 114.46482965000007, -8.163541626999972, 0.0 ], [ 114.464969562000078, -8.163861426999972, 0.0 ], [ 114.465165154000033, -8.163924243999929, 0.0 ], [ 114.465219405000084, -8.164038458999926, 0.0 ], [ 114.465456400000107, -8.164092709999977, 0.0 ], [ 114.465786193000099, -8.164446773999941, 0.0 ], [ 114.465744790000031, -8.164665208999963, 0.0 ], [ 114.465589173000012, -8.164739447999978, 0.0 ], [ 114.465579180000077, -8.164883642999939, 0.0 ], [ 114.4654849530001, -8.164857944999937, 0.0 ], [ 114.46544497800005, -8.164936466999961, 0.0 ], [ 114.465670551000017, -8.164947888999961, 0.0 ], [ 114.465739080000048, -8.164863655999966, 0.0 ], [ 114.465987495000036, -8.165013561999956, 0.0 ], [ 114.466000344, -8.16521058099994, 0.0 ], [ 114.465626293000014, -8.165203442999939, 0.0 ], [ 114.465483525000081, -8.165357631999939, 0.0 ], [ 114.465619155000013, -8.165737393999962, 0.0 ], [ 114.465594884000097, -8.165871594999942, 0.0 ], [ 114.465779054000109, -8.165710267999941, 0.0 ], [ 114.466155961000027, -8.165858745999969, 0.0 ], [ 114.466131691000101, -8.165705984999931, 0.0 ], [ 114.466305867000074, -8.165508964999958, 0.0 ], [ 114.466273031000014, -8.165351920999967, 0.0 ], [ 114.46637725100004, -8.165240561999951, 0.0 ], [ 114.466278503000012, -8.165075189999925, 0.0 ], [ 114.466399856000066, -8.165065671999969, 0.0 ], [ 114.46639033800011, -8.164924093999957, 0.0 ], [ 114.466830538000067, -8.164812258999973, 0.0 ], [ 114.466981634000035, -8.164631419999978, 0.0 ], [ 114.46709703800002, -8.164750392999963, 0.0 ], [ 114.467380194000043, -8.164702803999944, 0.0 ], [ 114.467497977000107, -8.164884832999974, 0.0 ], [ 114.467367107000086, -8.165090655999961, 0.0 ], [ 114.467475372000081, -8.165269115999934, 0.0 ], [ 114.467363538000086, -8.16531789499993, 0.0 ], [ 114.467265980000093, -8.165517768999962, 0.0 ], [ 114.467469424000114, -8.165405934999967, 0.0 ], [ 114.467703800000095, -8.165402365999967, 0.0 ], [ 114.467859655000098, -8.165791406999972, 0.0 ], [ 114.468120206000094, -8.165765232999945, 0.0 ], [ 114.468399793000117, -8.165539184999943, 0.0 ], [ 114.468600857000069, -8.165677192999965, 0.0 ], [ 114.468801922000011, -8.165673623999965, 0.0 ], [ 114.468923274000076, -8.16546066199993, 0.0 ], [ 114.46933135200004, -8.165347637999957, 0.0 ], [ 114.469697789000065, -8.165433298999972, 0.0 ], [ 114.469746568, -8.165562978999958, 0.0 ], [ 114.469553831000098, -8.16546066199993, 0.0 ], [ 114.469470550000096, -8.16562722499998, 0.0 ], [ 114.469370613000024, -8.165528476999953, 0.0 ], [ 114.469319455000118, -8.165608188999954, 0.0 ], [ 114.469397977000085, -8.165655777999973, 0.0 ], [ 114.469383700000094, -8.165768802999935, 0.0 ], [ 114.469616887000029, -8.165793786999927, 0.0 ], [ 114.469635923000055, -8.165891344999977, 0.0 ], [ 114.469771552000111, -8.165786648999926, 0.0 ], [ 114.470019016000037, -8.165891344999977, 0.0 ], [ 114.470078503000082, -8.165727161999939, 0.0 ], [ 114.469950012000027, -8.165643880999937, 0.0 ], [ 114.470180819, -8.165601050999953, 0.0 ], [ 114.470124902000066, -8.165774750999958, 0.0 ], [ 114.470246255, -8.165779509999936, 0.0 ], [ 114.470299792000105, -8.165635552999959, 0.0 ], [ 114.470323587000053, -8.165800924999928, 0.0 ], [ 114.470392591000063, -8.165787837999972, 0.0 ], [ 114.470559154000057, -8.166048388999968, 0.0 ], [ 114.470537739000065, -8.166098357999942, 0.0 ], [ 114.47046754400003, -8.166019835999975, 0.0 ], [ 114.470262245000072, -8.166025545999958, 0.0 ], [ 114.470257962, -8.166098357999942, 0.0 ], [ 114.470082357000024, -8.166165458999956, 0.0 ], [ 114.469896759000108, -8.165958445999934, 0.0 ], [ 114.469798250000053, -8.166095502999951, 0.0 ], [ 114.469541268000057, -8.166196867999929, 0.0 ], [ 114.46942277100004, -8.166051244999949, 0.0 ], [ 114.469335682000064, -8.166036967999958, 0.0 ], [ 114.469292852000081, -8.166119772999934, 0.0 ], [ 114.469128669000042, -8.165954162999981, 0.0 ], [ 114.468974480000043, -8.166005558999927, 0.0 ], [ 114.468855983000026, -8.165938457999971, 0.0 ], [ 114.468734631000075, -8.16608122599996, 0.0 ], [ 114.468787455000097, -8.166194011999949, 0.0 ], [ 114.468676096000081, -8.166198294999958, 0.0 ], [ 114.468627555000012, -8.166346773999976, 0.0 ], [ 114.468667530000062, -8.166401024999971, 0.0 ], [ 114.468771750000087, -8.166356766999968, 0.0 ], [ 114.468798876000051, -8.166476691999947, 0.0 ], [ 114.468698939000092, -8.166446710999935, 0.0 ], [ 114.468608995000068, -8.166609465999954, 0.0 ], [ 114.468356296000024, -8.166602327999954, 0.0 ], [ 114.468437674000029, -8.166212571999949, 0.0 ], [ 114.468283485000029, -8.166098357999942, 0.0 ], [ 114.468103598000084, -8.166176879999966, 0.0 ], [ 114.46805362900011, -8.166365332999931, 0.0 ], [ 114.468010799000012, -8.166316791999975, 0.0 ], [ 114.467658162000021, -8.166458131999946, 0.0 ], [ 114.467930849000027, -8.166672283999958, 0.0 ], [ 114.467750961000093, -8.166793635999966, 0.0 ], [ 114.467763810000065, -8.166974950999929, 0.0 ], [ 114.467970824000076, -8.167089164999936, 0.0 ], [ 114.467878025, -8.167384694999953, 0.0 ], [ 114.468089321000093, -8.167518895999933, 0.0 ], [ 114.468017937000013, -8.167630254999949, 0.0 ], [ 114.468146428000068, -8.167557442999964, 0.0 ], [ 114.468203535000043, -8.167607411999938, 0.0 ], [ 114.468117874000086, -8.167774449999968, 0.0 ], [ 114.468040780000024, -8.167723053999964, 0.0 ], [ 114.467858037000042, -8.167825846999961, 0.0 ], [ 114.467842333000021, -8.168024293999963, 0.0 ], [ 114.467976534000059, -8.168149928999981, 0.0 ], [ 114.467875169000081, -8.168282702999932, 0.0 ], [ 114.467768094, -8.168161350999981, 0.0 ], [ 114.467618187000085, -8.168209891999936, 0.0 ], [ 114.467638175000047, -8.168364080999936, 0.0 ], [ 114.467798075000019, -8.168364080999936, 0.0 ], [ 114.467903723000063, -8.168459734999942, 0.0 ], [ 114.467879452000034, -8.168681024999955, 0.0 ], [ 114.46804649, -8.168735276999939, 0.0 ], [ 114.467886591000024, -8.16891230799996, 0.0 ], [ 114.468000805000088, -8.169043654999939, 0.0 ], [ 114.467977962000077, -8.169239245999961, 0.0 ], [ 114.467675295000049, -8.16921212099993, 0.0 ], [ 114.467683861000069, -8.169117893999953, 0.0 ], [ 114.467813779000039, -8.169043654999939, 0.0 ], [ 114.467525388000013, -8.16890516999996, 0.0 ], [ 114.467531099000098, -8.168743842999959, 0.0 ], [ 114.467436873000111, -8.168649615999925, 0.0 ], [ 114.46753681000007, -8.168581087999939, 0.0 ], [ 114.467572502000053, -8.168339809999964, 0.0 ], [ 114.467272273000049, -8.168135116999963, 0.0 ], [ 114.467301779000081, -8.167731559999936, 0.0 ], [ 114.467076920000068, -8.167568566999933, 0.0 ], [ 114.466924634000065, -8.167597120999972, 0.0 ], [ 114.466772349000053, -8.167235442999981, 0.0 ], [ 114.466861578000021, -8.167171196999959, 0.0 ], [ 114.466829456000028, -8.16703199899996, 0.0 ], [ 114.466691447000017, -8.167147402999944, 0.0 ], [ 114.466559387000075, -8.166819036999925, 0.0 ], [ 114.46644398300009, -8.166767878999963, 0.0 ], [ 114.466336907000027, -8.166817846999948, 0.0 ], [ 114.466294077000043, -8.166983219999963, 0.0 ], [ 114.466418999000098, -8.167027239999982, 0.0 ], [ 114.466310733000114, -8.167162868999981, 0.0 ], [ 114.466374979000079, -8.167215216999978, 0.0 ], [ 114.466455880000012, -8.167147402999944, 0.0 ], [ 114.466480865000108, -8.167373451999936, 0.0 ], [ 114.465972850000071, -8.16745911199996, 0.0 ], [ 114.465721817000031, -8.167336569999975, 0.0 ], [ 114.4656587610001, -8.167718472999979, 0.0 ], [ 114.465840790000016, -8.167846963999978, 0.0 ], [ 114.46613465300004, -8.167607827999973, 0.0 ], [ 114.466339287000096, -8.167743457999961, 0.0 ], [ 114.466534402000093, -8.16775178599994, 0.0 ], [ 114.466602217000059, -8.167896932999952, 0.0 ], [ 114.466773538000098, -8.167849343999933, 0.0 ], [ 114.467019912000069, -8.167954039999927, 0.0 ], [ 114.466962805000094, -8.168032561999951, 0.0 ], [ 114.466740325000046, -8.168030182999928, 0.0 ], [ 114.466742704000012, -8.16815272499997, 0.0 ], [ 114.466673700000115, -8.168036130999951, 0.0 ], [ 114.466574952000087, -8.168092048999938, 0.0 ], [ 114.466454790000057, -8.168040889999929, 0.0 ], [ 114.466583281000112, -8.16817176099994, 0.0 ], [ 114.466361991000099, -8.168293112999947, 0.0 ], [ 114.466154978000077, -8.168177708999963, 0.0 ], [ 114.465914652000038, -8.168398998999976, 0.0 ], [ 114.465313838000043, -8.168464433999929, 0.0 ], [ 114.465341202000104, -8.168754728999943, 0.0 ], [ 114.465221039000085, -8.168779712999935, 0.0 ], [ 114.465134189000082, -8.169079524999972, 0.0 ], [ 114.465317407000043, -8.169114026999978, 0.0 ], [ 114.465265059000103, -8.169312711999964, 0.0 ], [ 114.46516750100011, -8.169271071999958, 0.0 ], [ 114.464924796000105, -8.169374577999974, 0.0 ], [ 114.46474395700011, -8.169246086999976, 0.0 ], [ 114.46462022500009, -8.16928891799995, 0.0 ], [ 114.464602379000098, -8.169391234999978, 0.0 ], [ 114.464514339000061, -8.169297245999928, 0.0 ], [ 114.464562714000067, -8.16904064199997, 0.0 ], [ 114.464436603000081, -8.168964498999969, 0.0 ], [ 114.464277179000078, -8.16900494999993, 0.0 ], [ 114.464162965000014, -8.16889073599998, 0.0 ], [ 114.463963090000107, -8.169269069999928, 0.0 ], [ 114.464096340000083, -8.169357109999964, 0.0 ], [ 114.464046371000109, -8.169468944999949, 0.0 ], [ 114.463948813000115, -8.169471323999971, 0.0 ], [ 114.463851256000112, -8.169335694999972, 0.0 ], [ 114.46375845700004, -8.169409457999961, 0.0 ], [ 114.463713247000101, -8.169304761999967, 0.0 ], [ 114.463589515000081, -8.16941421699994, 0.0 ], [ 114.463589515000081, -8.169285725999941, 0.0 ], [ 114.463327774000049, -8.169392801999948, 0.0 ], [ 114.463308738000023, -8.169230998999979, 0.0 ], [ 114.463234975000091, -8.169207203999974, 0.0 ], [ 114.46303510000007, -8.169361868999943, 0.0 ], [ 114.463001788000042, -8.169621229999962, 0.0 ], [ 114.463180248000072, -8.169718787999955, 0.0 ], [ 114.463284944000065, -8.16963312799993, 0.0 ], [ 114.46339677800006, -8.169702131999941, 0.0 ], [ 114.463161212000045, -8.169813966999925, 0.0 ], [ 114.462949440000102, -8.169778274999942, 0.0 ], [ 114.462882815000057, -8.169587917999934, 0.0 ], [ 114.462692458000106, -8.169678336999937, 0.0 ], [ 114.462766221000038, -8.169802068999957, 0.0 ], [ 114.462894712000093, -8.16977589499993, 0.0 ], [ 114.462908989000084, -8.169944836999946, 0.0 ], [ 114.462801913000021, -8.16994245799998, 0.0 ], [ 114.462818569000092, -8.170013840999957, 0.0 ], [ 114.462949440000102, -8.170061430999965, 0.0 ], [ 114.463154073000055, -8.169956733999982, 0.0 ], [ 114.463230216000056, -8.170451661999948, 0.0 ], [ 114.463113623000027, -8.170361242999945, 0.0 ], [ 114.462956578000103, -8.170399313999951, 0.0 ], [ 114.462908989000084, -8.170737197999927, 0.0 ], [ 114.462723391000054, -8.170663433999948, 0.0 ], [ 114.462563967000051, -8.170406451999952, 0.0 ], [ 114.462456891000102, -8.170415969999965, 0.0 ], [ 114.462345057000107, -8.170549219999941, 0.0 ], [ 114.462280811000028, -8.170520666999948, 0.0 ], [ 114.46231174400009, -8.170423108999955, 0.0 ], [ 114.46208093700011, -8.170349344999977, 0.0 ], [ 114.462126027000068, -8.170220259999951, 0.0 ], [ 114.462047505000101, -8.170222638999974, 0.0 ], [ 114.461949947000107, -8.17047962099997, 0.0 ], [ 114.461888081000097, -8.170487948999948, 0.0 ], [ 114.461914255000011, -8.170402287999934, 0.0 ], [ 114.461788144000025, -8.170404667999946, 0.0 ], [ 114.461781005000034, -8.170496276999927, 0.0 ], [ 114.461628720000022, -8.170454636999978, 0.0 ], [ 114.461585890000038, -8.170697341999926, 0.0 ], [ 114.461408620000043, -8.170648562999929, 0.0 ], [ 114.461460968000097, -8.170719945999963, 0.0 ], [ 114.461264662000076, -8.170761586999959, 0.0 ], [ 114.46124919600004, -8.170904354999948, 0.0 ], [ 114.461094531000072, -8.170844867999961, 0.0 ], [ 114.461004111000079, -8.170937666999976, 0.0 ], [ 114.460830411000074, -8.170909113999926, 0.0 ], [ 114.460717386000056, -8.171078054999953, 0.0 ], [ 114.460613880000096, -8.171082813999931, 0.0 ], [ 114.46064719200001, -8.171147059999953, 0.0 ], [ 114.460522271000059, -8.171179181999946, 0.0 ], [ 114.460619829000052, -8.17132670899997, 0.0 ], [ 114.460761406000074, -8.171296965999943, 0.0 ], [ 114.460728094000046, -8.171401661999937, 0.0 ], [ 114.460831601000109, -8.171498029999952, 0.0 ], [ 114.460857775000022, -8.17170028399994, 0.0 ], [ 114.46060198300006, -8.171946558999934, 0.0 ], [ 114.460389021000083, -8.171906107999973, 0.0 ], [ 114.460311760000081, -8.171988918999944, 0.0 ], [ 114.460374578000028, -8.172165950999954, 0.0 ], [ 114.460096657, -8.172346789999949, 0.0 ], [ 114.460144246000027, -8.172516207999934, 0.0 ], [ 114.460047164000116, -8.172466714999928, 0.0 ], [ 114.460014804000025, -8.172270646999948, 0.0 ], [ 114.459910107000042, -8.172183082999936, 0.0 ], [ 114.459249569, -8.172177371999965, 0.0 ], [ 114.458943217000069, -8.172081667999976, 0.0 ], [ 114.458626516000095, -8.173738046999972, 0.0 ], [ 114.458275990000061, -8.174576272999957, 0.0 ], [ 114.457378810000023, -8.175576456999977, 0.0 ], [ 114.456709659000012, -8.176183642999945, 0.0 ], [ 114.456232402000069, -8.176807401999952, 0.0 ], [ 114.455852987000071, -8.177470590999974, 0.0 ], [ 114.455704415000014, -8.178303909999954, 0.0 ], [ 114.455292834000034, -8.179196480999963, 0.0 ], [ 114.455264776000035, -8.180187286999967, 0.0 ], [ 114.455623530000025, -8.182495309999979, 0.0 ], [ 114.455801775000054, -8.182946991999927, 0.0 ], [ 114.455802808000044, -8.182784255999934, 0.0 ], [ 114.455974072000117, -8.184335800999975, 0.0 ], [ 114.456444699000031, -8.185887944999934, 0.0 ], [ 114.456342158000098, -8.190252102999978, 0.0 ], [ 114.456509717000017, -8.191382766999936, 0.0 ], [ 114.456878188000019, -8.192297813999971, 0.0 ], [ 114.457421367000052, -8.193241072999967, 0.0 ], [ 114.457730930000025, -8.193613536999976, 0.0 ], [ 114.459109465000097, -8.194661466999946, 0.0 ], [ 114.459930743000086, -8.195019079999952, 0.0 ], [ 114.461700305000022, -8.195418810999968, 0.0 ], [ 114.462299113000086, -8.195458728999938, 0.0 ], [ 114.463282663000086, -8.195817357999942, 0.0 ], [ 114.465668471000072, -8.195452812999974, 0.0 ], [ 114.46752717600009, -8.195563898999978, 0.0 ], [ 114.469867173000011, -8.196527471999957, 0.0 ], [ 114.471762048000073, -8.196837580999954, 0.0 ], [ 114.472972753000022, -8.196799987999952, 0.0 ], [ 114.474823340000057, -8.196224180999934, 0.0 ], [ 114.475660165000022, -8.196120978999943, 0.0 ], [ 114.47627133900005, -8.196179026999971, 0.0 ], [ 114.479622746000018, -8.197049474999972, 0.0 ], [ 114.480657352000094, -8.197227645999931, 0.0 ], [ 114.481555741000079, -8.19725133399993, 0.0 ], [ 114.483646496, -8.196188983999946, 0.0 ], [ 114.483996659000013, -8.19608272499994, 0.0 ], [ 114.484646417000022, -8.195933149999973, 0.0 ], [ 114.485681054000111, -8.19612938299997, 0.0 ], [ 114.486067779000109, -8.196158905999937, 0.0 ], [ 114.486342801000092, -8.196079286999975, 0.0 ], [ 114.488796375000106, -8.194856498999968, 0.0 ], [ 114.48930752900003, -8.194254412999953, 0.0 ], [ 114.490068800000017, -8.192838719999941, 0.0 ], [ 114.490742446000013, -8.191866089999962, 0.0 ], [ 114.491182871000092, -8.191841856999929, 0.0 ], [ 114.492551132000017, -8.19307009399995, 0.0 ], [ 114.493930437000017, -8.194055829999968, 0.0 ], [ 114.494287506000092, -8.194469850999951, 0.0 ], [ 114.494558789000052, -8.194577427999945, 0.0 ], [ 114.495370236000099, -8.195300182999972, 0.0 ], [ 114.495843181000055, -8.195503138999925, 0.0 ], [ 114.496168343000022, -8.195853349999936, 0.0 ], [ 114.496867596000016, -8.196989187999975, 0.0 ], [ 114.497178311000084, -8.197952505999979, 0.0 ], [ 114.497807335000061, -8.198665633999951, 0.0 ], [ 114.498421115000042, -8.199284103999958, 0.0 ], [ 114.499272446000077, -8.199904046999961, 0.0 ], [ 114.500043907000077, -8.200633817999972, 0.0 ], [ 114.50058281400004, -8.200682969999946, 0.0 ], [ 114.501994836000108, -8.201616706999971, 0.0 ], [ 114.502220454000053, -8.202021489999936, 0.0 ], [ 114.502665443000069, -8.202405865999935, 0.0 ], [ 114.503140801000086, -8.203044844999965, 0.0 ], [ 114.503576458000111, -8.204923837999957, 0.0 ], [ 114.504441225000051, -8.209731235999925, 0.0 ], [ 114.504665314000022, -8.209669021999957, 0.0 ], [ 114.505307807, -8.209132376999946, 0.0 ], [ 114.506686276000096, -8.208441282999956, 0.0 ], [ 114.510018803000094, -8.206999031999942, 0.0 ], [ 114.511425850000023, -8.20684872399994, 0.0 ], [ 114.513091641000074, -8.205979352999975, 0.0 ], [ 114.51412911500006, -8.205870987999958, 0.0 ], [ 114.515182795000101, -8.205477038999959, 0.0 ], [ 114.51906752900004, -8.204556772999979, 0.0 ], [ 114.52041831400004, -8.204130773999964, 0.0 ], [ 114.521563780000065, -8.202860961999932, 0.0 ], [ 114.523163365000073, -8.20034577399997, 0.0 ], [ 114.523916743000086, -8.199604374999979, 0.0 ], [ 114.524725412000066, -8.199236326999937, 0.0 ], [ 114.525420134000115, -8.198666719999949, 0.0 ], [ 114.527045802000089, -8.196582065999962, 0.0 ], [ 114.528408187000082, -8.19515574199994, 0.0 ], [ 114.532177727000089, -8.192902273999948, 0.0 ], [ 114.533033283, -8.192928421999966, 0.0 ], [ 114.535033457000054, -8.191942296999969, 0.0 ], [ 114.536662201000013, -8.191570498999965, 0.0 ], [ 114.538335002000053, -8.191519630999949, 0.0 ], [ 114.53887807600006, -8.19206081699997, 0.0 ], [ 114.539640631000111, -8.193757835999975, 0.0 ], [ 114.540852717, -8.194182826999963, 0.0 ], [ 114.54240147400003, -8.193730713999969, 0.0 ], [ 114.543666366000025, -8.19274937199998, 0.0 ], [ 114.544380621000073, -8.191522905999932, 0.0 ], [ 114.545377928000107, -8.190957524999931, 0.0 ], [ 114.546838603000083, -8.190460895999934, 0.0 ], [ 114.547744336000051, -8.190422444999967, 0.0 ], [ 114.548933809, -8.190935188999958, 0.0 ], [ 114.549703407000038, -8.19148933799994, 0.0 ], [ 114.551009391000093, -8.194618283999944, 0.0 ], [ 114.551199414000052, -8.19604807099995, 0.0 ], [ 114.551628522000101, -8.197712584999977, 0.0 ], [ 114.552424454000061, -8.197956462999969, 0.0 ], [ 114.553087174000098, -8.197903100999952, 0.0 ], [ 114.556697593000081, -8.196203350999951, 0.0 ], [ 114.558574263000082, -8.19543996799996, 0.0 ], [ 114.55926875900002, -8.194898986999931, 0.0 ], [ 114.560041346000048, -8.194544658999973, 0.0 ], [ 114.560704621000014, -8.193768359999979, 0.0 ], [ 114.560921567000037, -8.193086903999927, 0.0 ], [ 114.561168474000056, -8.192715370999963, 0.0 ], [ 114.561631533000082, -8.19234514599998, 0.0 ], [ 114.562035940000101, -8.192146726999965, 0.0 ], [ 114.56339193000008, -8.191753200999926, 0.0 ], [ 114.569352974000026, -8.19074272499995, 0.0 ], [ 114.572433290000049, -8.18993958599998, 0.0 ], [ 114.57430119300011, -8.189893337999933, 0.0 ], [ 114.576094288000036, -8.189482570999928, 0.0 ], [ 114.577094407000118, -8.189661027999932, 0.0 ], [ 114.577883671000109, -8.189684927999963, 0.0 ], [ 114.578654148000055, -8.189632069999959, 0.0 ], [ 114.579040021000083, -8.189500256999963, 0.0 ], [ 114.580009743, -8.188337242999978, 0.0 ], [ 114.580786581000098, -8.187230552999949, 0.0 ], [ 114.583506380000017, -8.185708890999933, 0.0 ], [ 114.584216801000025, -8.184995464999929, 0.0 ], [ 114.584729846000073, -8.184624743999962, 0.0 ], [ 114.585259895000036, -8.183925185999954, 0.0 ], [ 114.585669396000071, -8.183284714999957, 0.0 ], [ 114.586011211000027, -8.182375193999974, 0.0 ], [ 114.586164592000046, -8.179552852999961, 0.0 ], [ 114.586505257000113, -8.178591910999955, 0.0 ], [ 114.587204970000016, -8.178776206999942, 0.0 ], [ 114.587921134000112, -8.178826451999953, 0.0 ], [ 114.589276900000073, -8.178384945999937, 0.0 ], [ 114.591134926000109, -8.177972193999949, 0.0 ], [ 114.592220663000035, -8.177843290999931, 0.0 ], [ 114.592716955000014, -8.177623403999974, 0.0 ], [ 114.593968166000082, -8.177290725999967, 0.0 ], [ 114.59514923200004, -8.176863796999953, 0.0 ], [ 114.595781637000073, -8.176724863999937, 0.0 ], [ 114.596328460000109, -8.176785504999941, 0.0 ], [ 114.597322292000058, -8.176579881999942, 0.0 ], [ 114.600034382000104, -8.178328371999953, 0.0 ], [ 114.600779714000055, -8.178572844999962, 0.0 ], [ 114.601279692000048, -8.178543514999944, 0.0 ], [ 114.602266714000052, -8.178269890999957, 0.0 ], [ 114.60322034, -8.177730344999929, 0.0 ], [ 114.603566092000051, -8.177703693999945, 0.0 ], [ 114.604552899000055, -8.177918595999927, 0.0 ], [ 114.60528122900007, -8.17895597699993, 0.0 ], [ 114.606174963000058, -8.179699133999975, 0.0 ], [ 114.607064141000023, -8.180307004999975, 0.0 ], [ 114.608155586000066, -8.180801284999973, 0.0 ], [ 114.609186194000017, -8.181840418999968, 0.0 ], [ 114.609500084000047, -8.182330093999951, 0.0 ], [ 114.610533778000104, -8.182852731999958, 0.0 ], [ 114.610821150000106, -8.183113765999963, 0.0 ], [ 114.611309198000072, -8.183761970999967, 0.0 ], [ 114.61165178400006, -8.18443156799998, 0.0 ], [ 114.61187079900003, -8.18520056899996, 0.0 ], [ 114.611968459000082, -8.185773810999933, 0.0 ], [ 114.611937744000102, -8.187175525999976, 0.0 ], [ 114.612153777000117, -8.188445186999957, 0.0 ], [ 114.612385564000078, -8.188947236999979, 0.0 ], [ 114.613642585000093, -8.190465141999937, 0.0 ], [ 114.614831188000039, -8.191751681999961, 0.0 ], [ 114.61580625900001, -8.192391691999944, 0.0 ], [ 114.61781907000011, -8.193297662999953, 0.0 ], [ 114.619454092000069, -8.194604163999941, 0.0 ], [ 114.620425882000063, -8.195829071999981, 0.0 ], [ 114.620864009000115, -8.196550000999935, 0.0 ], [ 114.621057774000064, -8.19731672599994, 0.0 ], [ 114.62156685900004, -8.19862399799996, 0.0 ], [ 114.622698582000112, -8.201122852999958, 0.0 ], [ 114.623254271000064, -8.202151108999942, 0.0 ], [ 114.623718824000093, -8.202759517999937, 0.0 ], [ 114.624441277000074, -8.203299562999973, 0.0 ], [ 114.6259312090001, -8.20468275099995, 0.0 ], [ 114.626440233000039, -8.205687435999948, 0.0 ], [ 114.627240111000106, -8.206529112999931, 0.0 ], [ 114.629284661000042, -8.207843507999939, 0.0 ], [ 114.629730333000111, -8.20846279899996, 0.0 ], [ 114.629894791000083, -8.209293613999932, 0.0 ], [ 114.63017697600003, -8.210047322999969, 0.0 ], [ 114.630681275000029, -8.210698609999952, 0.0 ], [ 114.631517392000092, -8.212074386999973, 0.0 ], [ 114.632163176000063, -8.214229730999932, 0.0 ], [ 114.632758496000065, -8.214418710999951, 0.0 ], [ 114.633290808000083, -8.21475570399997, 0.0 ], [ 114.635634416000016, -8.215669757999933, 0.0 ], [ 114.636229256000092, -8.216061549999949, 0.0 ], [ 114.636485761000017, -8.216522187999942, 0.0 ], [ 114.637202075, -8.217157706999956, 0.0 ], [ 114.638378566000029, -8.21791070699993, 0.0 ], [ 114.639900844000067, -8.218637041999955, 0.0 ], [ 114.640332374000081, -8.218725659999961, 0.0 ], [ 114.641672448, -8.218604393999954, 0.0 ], [ 114.642219197000031, -8.218693685999938, 0.0 ], [ 114.644145742000092, -8.219250196999951, 0.0 ], [ 114.644950689000098, -8.219513178999932, 0.0 ], [ 114.645754962000069, -8.219890935999956, 0.0 ], [ 114.647506014000101, -8.220905548999951, 0.0 ], [ 114.650163599000052, -8.221667950999972, 0.0 ], [ 114.650870994000115, -8.222315472999981, 0.0 ], [ 114.651575745000059, -8.22437287799994, 0.0 ], [ 114.652459357000112, -8.225956322999934, 0.0 ], [ 114.652861757000096, -8.226102159999925, 0.0 ], [ 114.653348140000048, -8.226595946999964, 0.0 ], [ 114.653886868000086, -8.226817801999971, 0.0 ], [ 114.654919089000032, -8.227472295999974, 0.0 ], [ 114.655841248000115, -8.227650761999939, 0.0 ], [ 114.656565299000022, -8.227388704999953, 0.0 ], [ 114.659063871000058, -8.225699064999958, 0.0 ], [ 114.660083984000039, -8.225145814999962, 0.0 ], [ 114.662145355, -8.224635383999953, 0.0 ], [ 114.665422856000077, -8.223233970999956, 0.0 ], [ 114.668101227000079, -8.222308010999939, 0.0 ], [ 114.66900333000001, -8.222053815999971, 0.0 ], [ 114.669856793, -8.222011595999959, 0.0 ], [ 114.670374950000109, -8.222568832999968, 0.0 ], [ 114.670538713000042, -8.222935338999946, 0.0 ], [ 114.671319702, -8.223128540999937, 0.0 ], [ 114.672659564000014, -8.222994795999966, 0.0 ], [ 114.673846942000068, -8.223440656999969, 0.0 ], [ 114.674274042000093, -8.224073674999943, 0.0 ], [ 114.674896698000111, -8.225597198999935, 0.0 ], [ 114.676925383000025, -8.228315367999926, 0.0 ], [ 114.677899532000083, -8.228526316999933, 0.0 ], [ 114.678763098000104, -8.228400653999927, 0.0 ], [ 114.679663418000018, -8.228405855999938, 0.0 ], [ 114.6806840590001, -8.229347721999943, 0.0 ], [ 114.682282147000024, -8.231086746999949, 0.0 ], [ 114.683143044000076, -8.231711483999959, 0.0 ], [ 114.68426510300003, -8.231655867999962, 0.0 ], [ 114.684502580000071, -8.230860628999949, 0.0 ], [ 114.685198876000072, -8.230379073999927, 0.0 ], [ 114.686512801000049, -8.229029627999978, 0.0 ], [ 114.686960684000042, -8.228202267999961, 0.0 ], [ 114.688197843000012, -8.224857873999952, 0.0 ], [ 114.68801699900007, -8.223180757999955, 0.0 ], [ 114.688225618000047, -8.222226604999946, 0.0 ], [ 114.689117117000023, -8.22131312199997, 0.0 ], [ 114.692182400000092, -8.219168227999944, 0.0 ], [ 114.692879933000086, -8.21829403199996, 0.0 ], [ 114.693134274000045, -8.217236447999937, 0.0 ], [ 114.69255750100001, -8.21632594099998, 0.0 ], [ 114.691590767000093, -8.215184249999936, 0.0 ], [ 114.691484624000054, -8.213842816999943, 0.0 ], [ 114.691616319000104, -8.212694619999979, 0.0 ], [ 114.691905771000052, -8.21167861899994, 0.0 ], [ 114.692198090000034, -8.207805246999953, 0.0 ], [ 114.69256986500011, -8.207615813999951, 0.0 ], [ 114.693873401000019, -8.207634364999933, 0.0 ], [ 114.694527845000039, -8.207488030999968, 0.0 ], [ 114.695642974000066, -8.207437732999949, 0.0 ], [ 114.697125179000068, -8.206507884999951, 0.0 ], [ 114.697926199000108, -8.205852296999979, 0.0 ], [ 114.698423387000048, -8.205028975999937, 0.0 ], [ 114.69959257000005, -8.203452682999966, 0.0 ], [ 114.699942029000113, -8.20269163599994, 0.0 ], [ 114.701200568000104, -8.201269872999944, 0.0 ], [ 114.701540202000047, -8.201078102999929, 0.0 ], [ 114.701921173000073, -8.201242119999961, 0.0 ], [ 114.702570391000108, -8.201794986999971, 0.0 ], [ 114.703393237000114, -8.202165960999935, 0.0 ], [ 114.704151033000016, -8.202814431999968, 0.0 ], [ 114.705251648000058, -8.203439594999963, 0.0 ], [ 114.706123891000061, -8.204050823999978, 0.0 ], [ 114.70742377900001, -8.204552507999949, 0.0 ], [ 114.710284868000031, -8.206284152999956, 0.0 ], [ 114.711887625000031, -8.207052953999948, 0.0 ], [ 114.713122724000073, -8.208879233999937, 0.0 ], [ 114.713659178000057, -8.209921858999962, 0.0 ], [ 114.715158425000027, -8.21122984699997, 0.0 ], [ 114.717533070000059, -8.212024558999929, 0.0 ], [ 114.718525965000026, -8.212007734999929, 0.0 ], [ 114.71913208400008, -8.212550058999966, 0.0 ], [ 114.720969985000011, -8.213382746999969, 0.0 ], [ 114.72221404600009, -8.214698315999954, 0.0 ], [ 114.722653308000076, -8.215457538999942, 0.0 ], [ 114.72345550700004, -8.216471063999961, 0.0 ], [ 114.723799990000089, -8.217182453999953, 0.0 ], [ 114.724684462000027, -8.217660419999959, 0.0 ], [ 114.726109551000036, -8.217794604999938, 0.0 ], [ 114.72727033700005, -8.218042892999961, 0.0 ], [ 114.727931944000034, -8.21870877899994, 0.0 ], [ 114.72851649800009, -8.218995858999961, 0.0 ], [ 114.729636601000038, -8.21997102399996, 0.0 ], [ 114.72991183900001, -8.22059334599993, 0.0 ], [ 114.730242267000108, -8.221104412999978, 0.0 ], [ 114.731248215000051, -8.222375686999953, 0.0 ], [ 114.732251301000019, -8.222538128999929, 0.0 ], [ 114.734805468000104, -8.222529490999932, 0.0 ], [ 114.735520045000044, -8.222715039999969, 0.0 ], [ 114.736050628000044, -8.223178815999972, 0.0 ], [ 114.736625128000014, -8.223321683999927, 0.0 ], [ 114.737128759000029, -8.223589820999962, 0.0 ], [ 114.737830021000036, -8.223649622999972, 0.0 ], [ 114.741597957000067, -8.222772304999978, 0.0 ], [ 114.743213515000093, -8.222810791999962, 0.0 ], [ 114.744040249000022, -8.222962493999944, 0.0 ], [ 114.745319647000088, -8.222316014999933, 0.0 ], [ 114.746156077000023, -8.221716054999945, 0.0 ], [ 114.747273017000111, -8.22177107899995, 0.0 ], [ 114.748839776000068, -8.222004163999941, 0.0 ], [ 114.74960270400004, -8.222271751999926, 0.0 ], [ 114.750851853000086, -8.222865041999967, 0.0 ], [ 114.751742161000038, -8.223447230999966, 0.0 ], [ 114.752427535000038, -8.224231074999977, 0.0 ], [ 114.752675642000099, -8.225291767999977, 0.0 ], [ 114.753086810000013, -8.226553701999933, 0.0 ], [ 114.753958519000093, -8.227533500999925, 0.0 ], [ 114.754352132, -8.228134580999949, 0.0 ], [ 114.754718342000047, -8.229054060999943, 0.0 ], [ 114.755306795000024, -8.229946886999926, 0.0 ], [ 114.755539110000086, -8.230833719999964, 0.0 ], [ 114.755300485000021, -8.232156002999943, 0.0 ], [ 114.755232948000071, -8.233071196999958, 0.0 ], [ 114.755322319000015, -8.233816568999941, 0.0 ], [ 114.755240061000109, -8.234576498999957, 0.0 ], [ 114.755437806000032, -8.235462138999935, 0.0 ], [ 114.755638087000079, -8.235897768999962, 0.0 ], [ 114.756024804000049, -8.23645858499998, 0.0 ], [ 114.756695263000097, -8.236864533999949, 0.0 ], [ 114.757793793000019, -8.238011441999959, 0.0 ], [ 114.759668195000017, -8.239609264999956, 0.0 ], [ 114.759869900000012, -8.240389690999962, 0.0 ], [ 114.759764765000114, -8.24185573099993, 0.0 ], [ 114.760163438000063, -8.243372875999967, 0.0 ], [ 114.760541126000021, -8.245899334999933, 0.0 ], [ 114.760804026000073, -8.24694169299994, 0.0 ], [ 114.762086336000039, -8.249507618999928, 0.0 ], [ 114.762610083000027, -8.250327720999962, 0.0 ], [ 114.763540271000011, -8.25140460199998, 0.0 ], [ 114.764887303000023, -8.252591726999981, 0.0 ], [ 114.765171834000057, -8.253224677999981, 0.0 ], [ 114.765544232000025, -8.253599833999942, 0.0 ], [ 114.765916953000101, -8.253917593999972, 0.0 ], [ 114.767181427000082, -8.254469910999944, 0.0 ], [ 114.769339096000067, -8.25499851099994, 0.0 ], [ 114.770172428000024, -8.255376230999957, 0.0 ], [ 114.770830985000089, -8.256097356999931, 0.0 ], [ 114.771141263000118, -8.257275713999945, 0.0 ], [ 114.771710606000056, -8.257681073999947, 0.0 ], [ 114.771958657000027, -8.257957626999939, 0.0 ], [ 114.772462495000013, -8.258014239999966, 0.0 ], [ 114.773809152000013, -8.258685382999943, 0.0 ], [ 114.774761611000031, -8.259013537999977, 0.0 ], [ 114.775230012000065, -8.259049695999977, 0.0 ], [ 114.775848309000025, -8.258899536999934, 0.0 ], [ 114.776722038000116, -8.258364270999948, 0.0 ], [ 114.778201526000089, -8.257703076999974, 0.0 ], [ 114.779943783000022, -8.257066537999947, 0.0 ], [ 114.781332807000013, -8.257157671999948, 0.0 ], [ 114.781936146000021, -8.256953529999976, 0.0 ], [ 114.782525950000036, -8.256444278999936, 0.0 ], [ 114.783153614000071, -8.255589585999928, 0.0 ], [ 114.784405943000024, -8.254416534999962, 0.0 ], [ 114.785615801000063, -8.253024873999948, 0.0 ], [ 114.785928897000076, -8.252728627999943, 0.0 ], [ 114.786469646000114, -8.252421722999941, 0.0 ], [ 114.786961154000096, -8.252352923999979, 0.0 ], [ 114.78803588300002, -8.252954813999963, 0.0 ], [ 114.789206907000107, -8.253473799999938, 0.0 ], [ 114.789888295000083, -8.254076672999929, 0.0 ], [ 114.790330169000072, -8.254317493999963, 0.0 ], [ 114.792196280000098, -8.254780711999956, 0.0 ], [ 114.794299932000058, -8.255949081999972, 0.0 ], [ 114.794991639000045, -8.256501171999957, 0.0 ], [ 114.795350067000072, -8.256670013999951, 0.0 ], [ 114.795719101000032, -8.256608252999968, 0.0 ], [ 114.796051905000013, -8.256337444999929, 0.0 ], [ 114.797763851000013, -8.254137055999934, 0.0 ], [ 114.798432962000106, -8.252964083999927, 0.0 ], [ 114.798809214000016, -8.252650463999942, 0.0 ], [ 114.799329357000033, -8.252366331999951, 0.0 ], [ 114.801435993000041, -8.251717824999957, 0.0 ], [ 114.803049882000096, -8.251611886999967, 0.0 ], [ 114.804135682000037, -8.251209872999937, 0.0 ], [ 114.804951791, -8.251107734999948, 0.0 ], [ 114.806027477000043, -8.250743843999942, 0.0 ], [ 114.806674255000075, -8.250934303999941, 0.0 ], [ 114.807181926000112, -8.251393986999972, 0.0 ], [ 114.807853422000107, -8.251753032999943, 0.0 ], [ 114.808843925000019, -8.251626457999976, 0.0 ], [ 114.810203432000094, -8.251208979999944, 0.0 ], [ 114.811610811000037, -8.251111358999935, 0.0 ], [ 114.812495207000097, -8.251795005999952, 0.0 ], [ 114.813531035000096, -8.253030214999967, 0.0 ], [ 114.814039903000094, -8.254355744999941, 0.0 ], [ 114.814568746000077, -8.256497544999945, 0.0 ], [ 114.815242657000113, -8.258310106999943, 0.0 ], [ 114.815580132000036, -8.25895937699994, 0.0 ], [ 114.815669429000081, -8.260060826999961, 0.0 ], [ 114.816182537000032, -8.261118745999966, 0.0 ], [ 114.816173334000041, -8.26174773799994, 0.0 ], [ 114.816095997000048, -8.261986845999957, 0.0 ], [ 114.815827991000106, -8.262338372999977, 0.0 ], [ 114.815446788000031, -8.26253799899996, 0.0 ], [ 114.815153440000017, -8.262889386999973, 0.0 ], [ 114.813732292000054, -8.263890283999956, 0.0 ], [ 114.813108124000109, -8.263993209999967, 0.0 ], [ 114.812388519000024, -8.263874471999941, 0.0 ], [ 114.811754023000049, -8.26411281999998, 0.0 ], [ 114.811354953000091, -8.264387531999944, 0.0 ], [ 114.811332675000017, -8.264822534999951, 0.0 ], [ 114.81156313800011, -8.265967480999961, 0.0 ], [ 114.811831940000047, -8.266493734999926, 0.0 ], [ 114.812301670000011, -8.268261482999947, 0.0 ], [ 114.81256380800005, -8.269996289999938, 0.0 ], [ 114.813408114000026, -8.272288895999964, 0.0 ], [ 114.813488061000044, -8.273465993999935, 0.0 ], [ 114.81336727300004, -8.274469803999978, 0.0 ], [ 114.812958074000107, -8.275529430999939, 0.0 ], [ 114.812999027000046, -8.276518374999966, 0.0 ], [ 114.813332177, -8.277388848999976, 0.0 ], [ 114.813398872000107, -8.278061716999957, 0.0 ], [ 114.81354835500008, -8.278586017999942, 0.0 ], [ 114.81382402700001, -8.279129030999968, 0.0 ], [ 114.815184707000071, -8.280103577999967, 0.0 ], [ 114.815759322000076, -8.280707890999963, 0.0 ], [ 114.81646692400011, -8.281747295999935, 0.0 ], [ 114.816855868000061, -8.282576353999957, 0.0 ], [ 114.816956557000026, -8.283092562999968, 0.0 ], [ 114.81716808300007, -8.28541417699995, 0.0 ], [ 114.817079342000056, -8.285860593999928, 0.0 ], [ 114.816921388000083, -8.286341009999944, 0.0 ], [ 114.816469731000097, -8.287196538999979, 0.0 ], [ 114.816551294000078, -8.287739852999948, 0.0 ], [ 114.816428229000053, -8.288151703999972, 0.0 ], [ 114.816271601000039, -8.288391486999956, 0.0 ], [ 114.815525721000085, -8.28909213299994, 0.0 ], [ 114.815554063000036, -8.290209543999936, 0.0 ], [ 114.815943968000056, -8.291475038999977, 0.0 ], [ 114.816126189000101, -8.292851121999945, 0.0 ], [ 114.816606884000066, -8.293300656999975, 0.0 ], [ 114.817997156000047, -8.294340620999947, 0.0 ], [ 114.818462263000015, -8.294806222999966, 0.0 ], [ 114.818751915, -8.295478163999974, 0.0 ], [ 114.81854867800007, -8.297909234999963, 0.0 ], [ 114.818616659000099, -8.298098681999932, 0.0 ], [ 114.819543459000101, -8.299014750999959, 0.0 ], [ 114.820346615000062, -8.300015602999963, 0.0 ], [ 114.820441667000068, -8.300807427999928, 0.0 ], [ 114.820403249000037, -8.302131276999944, 0.0 ], [ 114.820355515000074, -8.302948940999954, 0.0 ], [ 114.820148762000031, -8.303866177999964, 0.0 ], [ 114.820116951000045, -8.30441129299993, 0.0 ], [ 114.820256415000017, -8.305244330999926, 0.0 ], [ 114.82019260800007, -8.30636325699993, 0.0 ], [ 114.819783212000061, -8.307451583999978, 0.0 ], [ 114.819260471, -8.308194896999964, 0.0 ], [ 114.818558179000092, -8.310142587999962, 0.0 ], [ 114.81844487300009, -8.312394856999958, 0.0 ], [ 114.818293830000016, -8.313656785999967, 0.0 ], [ 114.818315502000019, -8.314948369999968, 0.0 ], [ 114.818398931000047, -8.315494107999939, 0.0 ], [ 114.818651995000096, -8.316024690999939, 0.0 ], [ 114.819723845000112, -8.316840879999972, 0.0 ], [ 114.820614627000054, -8.317712565999955, 0.0 ], [ 114.821046132000106, -8.31784048999998, 0.0 ], [ 114.823621819000095, -8.317764916999977, 0.0 ], [ 114.823815400000058, -8.317685402999928, 0.0 ], [ 114.82431353100003, -8.317762178999942, 0.0 ], [ 114.824328371000092, -8.318336245999944, 0.0 ], [ 114.823534454000082, -8.319511458999955, 0.0 ], [ 114.822878474000049, -8.320899778999944, 0.0 ], [ 114.822408732000099, -8.322475657999973, 0.0 ], [ 114.822020990000055, -8.324855569999954, 0.0 ], [ 114.822017341000105, -8.325515632999952, 0.0 ], [ 114.822325719000105, -8.32706707899996, 0.0 ], [ 114.823064249000026, -8.328993982999975, 0.0 ], [ 114.823303541000087, -8.330014118999941, 0.0 ], [ 114.823350541000082, -8.331937221999965, 0.0 ], [ 114.823492229000067, -8.33236848599995, 0.0 ], [ 114.823949296000023, -8.333088473999965, 0.0 ], [ 114.824436292000087, -8.333607735999976, 0.0 ], [ 114.824982336000062, -8.333869016999927, 0.0 ], [ 114.82578787500006, -8.334103029999937, 0.0 ], [ 114.826565232, -8.334222083999975, 0.0 ], [ 114.829131168000117, -8.333977845999925, 0.0 ], [ 114.830599755000094, -8.33415807199998, 0.0 ], [ 114.831203769000012, -8.334362274999933, 0.0 ], [ 114.833543236000082, -8.335996569999963, 0.0 ], [ 114.834118266000019, -8.336229309999965, 0.0 ], [ 114.834924294000075, -8.336377203999973, 0.0 ], [ 114.835587356000019, -8.336323424999932, 0.0 ], [ 114.835875196000075, -8.336382393999941, 0.0 ], [ 114.837770034000073, -8.33765551099998, 0.0 ], [ 114.83843089100003, -8.338003507999929, 0.0 ], [ 114.840142522000065, -8.338188396999954, 0.0 ], [ 114.840832495000086, -8.337169732999939, 0.0 ], [ 114.84220928000002, -8.335706374999972, 0.0 ], [ 114.842995, -8.335289122999939, 0.0 ], [ 114.843265239000061, -8.335272654999926, 0.0 ], [ 114.844113253000046, -8.334990268999945, 0.0 ], [ 114.844362436000097, -8.335529740999959, 0.0 ], [ 114.845293326000046, -8.336557223999932, 0.0 ], [ 114.846667476000107, -8.337836252999978, 0.0 ], [ 114.846874377000063, -8.337934650999955, 0.0 ], [ 114.847624827000118, -8.337709123999957, 0.0 ], [ 114.848896155000034, -8.337084626999967, 0.0 ], [ 114.849560007000036, -8.336887334999972, 0.0 ], [ 114.850107963000028, -8.33680419999996, 0.0 ], [ 114.851057922000109, -8.336981550999951, 0.0 ], [ 114.852005544, -8.337589382999965, 0.0 ], [ 114.852549741000075, -8.338195018999954, 0.0 ], [ 114.853099077000024, -8.338968210999951, 0.0 ], [ 114.854011525000033, -8.339523656999972, 0.0 ], [ 114.856303731000025, -8.340465037999934, 0.0 ], [ 114.858349005000036, -8.342070201999945, 0.0 ], [ 114.858305607000034, -8.34173188799997, 0.0 ], [ 114.858669224000096, -8.341106042999968, 0.0 ], [ 114.860056861000089, -8.340952099999981, 0.0 ], [ 114.860363808000102, -8.340810257999976, 0.0 ], [ 114.860907714000064, -8.340149507999968, 0.0 ], [ 114.861840160000042, -8.337589481999942, 0.0 ], [ 114.861933816000032, -8.336926299999959, 0.0 ], [ 114.862232488000018, -8.336701156999936, 0.0 ], [ 114.862810259000071, -8.336435208999944, 0.0 ], [ 114.863837882000098, -8.336243432999936, 0.0 ], [ 114.864289390000067, -8.336012676999928, 0.0 ], [ 114.86469541800011, -8.335581874999946, 0.0 ], [ 114.866666387, -8.336161769999933, 0.0 ], [ 114.867385071000058, -8.336481335999963, 0.0 ], [ 114.869628645000034, -8.337239594999971, 0.0 ], [ 114.870261970000115, -8.337357802999975, 0.0 ], [ 114.871411486000056, -8.337937970999974, 0.0 ], [ 114.871928144000094, -8.338313845999949, 0.0 ], [ 114.872814919, -8.339524013999949, 0.0 ], [ 114.873573958000065, -8.340374736999934, 0.0 ], [ 114.8756870630001, -8.342134991999956, 0.0 ], [ 114.876945366000086, -8.343921146999946, 0.0 ], [ 114.877690865000091, -8.344613945999981, 0.0 ], [ 114.879041047000101, -8.345396087999973, 0.0 ], [ 114.882262933000106, -8.346446533999938, 0.0 ], [ 114.882923694000056, -8.346823168999947, 0.0 ], [ 114.884272211000052, -8.347920985999963, 0.0 ], [ 114.885048250000068, -8.348298233999969, 0.0 ], [ 114.88579315700008, -8.349105818999931, 0.0 ], [ 114.886189796000053, -8.350370754999972, 0.0 ], [ 114.886560566000071, -8.351090242999931, 0.0 ], [ 114.886961069000108, -8.351637683999968, 0.0 ], [ 114.888364615000114, -8.353223697999965, 0.0 ], [ 114.888651544000027, -8.353454824999972, 0.0 ], [ 114.889226496000106, -8.353716197999972, 0.0 ], [ 114.891467269000032, -8.354441128999952, 0.0 ], [ 114.892317805000062, -8.354952436999952, 0.0 ], [ 114.895163032000028, -8.356402612999943, 0.0 ], [ 114.895938193, -8.356952040999943, 0.0 ], [ 114.896368137000081, -8.357384832999969, 0.0 ], [ 114.896625500000027, -8.35775930799997, 0.0 ], [ 114.89710479200005, -8.359742195999956, 0.0 ], [ 114.897268773000064, -8.361407700999962, 0.0 ], [ 114.897547726000084, -8.363131216999932, 0.0 ], [ 114.898059346000082, -8.36549417699996, 0.0 ], [ 114.898819563000075, -8.366510977999951, 0.0 ], [ 114.899465717000112, -8.367862670999955, 0.0 ], [ 114.900130397000112, -8.368087249999974, 0.0 ], [ 114.90061515900004, -8.36928947499996, 0.0 ], [ 114.90103956400003, -8.369925434999971, 0.0 ], [ 114.901699019000034, -8.371314231999975, 0.0 ], [ 114.902634693000095, -8.370707896999932, 0.0 ], [ 114.903083879000064, -8.371381085999928, 0.0 ], [ 114.904600289000086, -8.372452840999927, 0.0 ], [ 114.905215198000064, -8.372762756999975, 0.0 ], [ 114.908982519, -8.374237511999979, 0.0 ], [ 114.90949058700005, -8.374675377999949, 0.0 ], [ 114.910656713000094, -8.375460502999942, 0.0 ], [ 114.91094501300006, -8.376090615999942, 0.0 ], [ 114.91188159, -8.377282931999957, 0.0 ], [ 114.913486669, -8.377761636999935, 0.0 ], [ 114.917250331000105, -8.378297234999934, 0.0 ], [ 114.918347102000098, -8.378515376999928, 0.0 ], [ 114.919397405000041, -8.378869785999939, 0.0 ], [ 114.922209379000037, -8.380068145999928, 0.0 ], [ 114.924196458000097, -8.381497009999975, 0.0 ], [ 114.925466617000097, -8.38206936499995, 0.0 ], [ 114.925948358000028, -8.382460271999946, 0.0 ], [ 114.926615560000073, -8.382808801999943, 0.0 ], [ 114.927462006000042, -8.38281324999997, 0.0 ], [ 114.929498712000054, -8.382606992999968, 0.0 ], [ 114.930690754000011, -8.382166591999976, 0.0 ], [ 114.931479, -8.381802695999966, 0.0 ], [ 114.932799899000088, -8.380802609999932, 0.0 ], [ 114.933077783000044, -8.380674534999969, 0.0 ], [ 114.933092316000057, -8.380234612999971, 0.0 ], [ 114.932570652000095, -8.379862701999969, 0.0 ], [ 114.931847170000083, -8.379502859999945, 0.0 ], [ 114.931621416000098, -8.379013352999948, 0.0 ], [ 114.931447667000043, -8.378271194999968, 0.0 ], [ 114.931365080000091, -8.378195976999962, 0.0 ], [ 114.930315326000027, -8.378126589999965, 0.0 ], [ 114.929570247000015, -8.377916115999938, 0.0 ], [ 114.928865116000111, -8.377412539999966, 0.0 ], [ 114.928730774000087, -8.376905991999934, 0.0 ], [ 114.928847636000114, -8.376320733999933, 0.0 ], [ 114.929123256000025, -8.375610819999963, 0.0 ], [ 114.930243178000069, -8.374328661999925, 0.0 ], [ 114.930304149000108, -8.37407985699997, 0.0 ], [ 114.930319128000065, -8.373849277999966, 0.0 ], [ 114.93020703000002, -8.373513353999954, 0.0 ], [ 114.929631664000112, -8.372652551999977, 0.0 ], [ 114.929626479000035, -8.372546434999947, 0.0 ], [ 114.930689981000114, -8.371362681999926, 0.0 ], [ 114.930747226000108, -8.369397434999939, 0.0 ], [ 114.930827935000025, -8.369174784999927, 0.0 ], [ 114.931573551000042, -8.36837135299993, 0.0 ], [ 114.93165718900002, -8.367700193999951, 0.0 ], [ 114.931526561000055, -8.367448947999947, 0.0 ], [ 114.931052303000115, -8.366993105999939, 0.0 ], [ 114.931509718000029, -8.36642145199994, 0.0 ], [ 114.93188792, -8.365515319999929, 0.0 ], [ 114.932189373000028, -8.365225302999932, 0.0 ], [ 114.932641261000072, -8.365010929999926, 0.0 ], [ 114.932892718000062, -8.364763815999936, 0.0 ], [ 114.932886820000022, -8.36465484699994, 0.0 ], [ 114.932687102000045, -8.364492244999951, 0.0 ], [ 114.931616165000037, -8.36408322799997, 0.0 ], [ 114.931543430000033, -8.363980246999972, 0.0 ], [ 114.931596109000111, -8.363815673999966, 0.0 ], [ 114.932971621000092, -8.362317565999945, 0.0 ], [ 114.933462354000085, -8.361064332999945, 0.0 ], [ 114.933649597000112, -8.36086083899994, 0.0 ], [ 114.933749655000042, -8.360830155999963, 0.0 ], [ 114.934765911000113, -8.361114876999977, 0.0 ], [ 114.93499711100003, -8.361100968999949, 0.0 ], [ 114.93518262900011, -8.360955502999957, 0.0 ], [ 114.935184748000097, -8.360792590999949, 0.0 ], [ 114.934999800000014, -8.360367806999932, 0.0 ], [ 114.934308321000117, -8.35986395599997, 0.0 ], [ 114.934217793000016, -8.359712907999949, 0.0 ], [ 114.934177060000025, -8.359332854999934, 0.0 ], [ 114.934376539000027, -8.358906127999944, 0.0 ], [ 114.93521130900001, -8.358781398999952, 0.0 ], [ 114.935600534000059, -8.35864046699993, 0.0 ], [ 114.935673355000063, -8.358511515999965, 0.0 ], [ 114.935545861000037, -8.358194043999958, 0.0 ], [ 114.936675865000097, -8.357380603999957, 0.0 ], [ 114.937445896000099, -8.357400144999929, 0.0 ], [ 114.937628443000108, -8.357479936999937, 0.0 ], [ 114.937997182000117, -8.357948182999962, 0.0 ], [ 114.939010766000024, -8.358118900999955, 0.0 ], [ 114.939577192000115, -8.358637587999965, 0.0 ], [ 114.940472668000098, -8.358941909999942, 0.0 ], [ 114.941659043000072, -8.359673661999977, 0.0 ], [ 114.941777390000084, -8.359948042999974, 0.0 ], [ 114.94216868400008, -8.360065219999967, 0.0 ], [ 114.942716226000016, -8.360529098999962, 0.0 ], [ 114.943225201000018, -8.360680563999949, 0.0 ], [ 114.943763024000077, -8.360608070999945, 0.0 ], [ 114.944121324000093, -8.359859298999936, 0.0 ], [ 114.944325268000057, -8.35987632299998, 0.0 ], [ 114.944563174000109, -8.359951161999959, 0.0 ], [ 114.945451125000091, -8.360655707999967, 0.0 ], [ 114.946146550000094, -8.360633465999967, 0.0 ], [ 114.946427004000043, -8.361134234999952, 0.0 ], [ 114.946786750000115, -8.361507655999958, 0.0 ], [ 114.947211054000036, -8.361688430999948, 0.0 ], [ 114.948060357000031, -8.361606933999951, 0.0 ], [ 114.949031769000044, -8.361640737999949, 0.0 ], [ 114.949037248000081, -8.361530407999965, 0.0 ], [ 114.948539456000049, -8.361193181999965, 0.0 ], [ 114.948466677000056, -8.360948439999959, 0.0 ], [ 114.948667941000053, -8.360820187999934, 0.0 ], [ 114.949745581000116, -8.360728751999943, 0.0 ], [ 114.950050109000017, -8.36054760899998, 0.0 ], [ 114.949918779000086, -8.359947362999947, 0.0 ], [ 114.950383438000017, -8.359122609999929, 0.0 ], [ 114.950417151000011, -8.358835751999948, 0.0 ], [ 114.950292919000049, -8.358322216999966, 0.0 ], [ 114.950351258000069, -8.358215920999953, 0.0 ], [ 114.950708653000106, -8.358068570999933, 0.0 ], [ 114.95082130600008, -8.357912520999946, 0.0 ], [ 114.950916820000089, -8.357492383999954, 0.0 ], [ 114.950913936, -8.357239922999952, 0.0 ], [ 114.950579256000083, -8.356380111999954, 0.0 ], [ 114.950678165000113, -8.356194939999966, 0.0 ], [ 114.950977027000022, -8.355945169999927, 0.0 ], [ 114.952191557000106, -8.355369363999955, 0.0 ], [ 114.95250153500001, -8.355073295999944, 0.0 ], [ 114.952472256000078, -8.354742087999966, 0.0 ], [ 114.951959947000091, -8.354188766999926, 0.0 ], [ 114.951931777000027, -8.354092011999967, 0.0 ], [ 114.952122446000089, -8.353763270999934, 0.0 ], [ 114.952057510000031, -8.35362745599997, 0.0 ], [ 114.951748291000058, -8.353409486999965, 0.0 ], [ 114.951690341000017, -8.353056832999926, 0.0 ], [ 114.951707350000106, -8.352782200999968, 0.0 ], [ 114.952132152000104, -8.351496883999971, 0.0 ], [ 114.951984752000044, -8.350966178999954, 0.0 ], [ 114.952011554000023, -8.350806384999942, 0.0 ], [ 114.952414187000045, -8.350429743999939, 0.0 ], [ 114.95251904600002, -8.350173057999939, 0.0 ], [ 114.952959428000099, -8.350054137999962, 0.0 ], [ 114.953332061000083, -8.34968073899995, 0.0 ], [ 114.953445583000075, -8.349273475999951, 0.0 ], [ 114.95298097500006, -8.348800378999954, 0.0 ], [ 114.95311555, -8.348663903999977, 0.0 ], [ 114.953641960000027, -8.348572808999961, 0.0 ], [ 114.953733911000086, -8.348479938999958, 0.0 ], [ 114.953779483000062, -8.348009840999964, 0.0 ], [ 114.953954540000041, -8.347690345999979, 0.0 ], [ 114.954450371, -8.347192723999967, 0.0 ], [ 114.954410244000087, -8.346793262999938, 0.0 ], [ 114.954138145000115, -8.34615114099995, 0.0 ], [ 114.954179556000099, -8.345993618999955, 0.0 ], [ 114.954411089000018, -8.345860300999959, 0.0 ], [ 114.95531431400002, -8.346032860999969, 0.0 ], [ 114.955576439000083, -8.345785400999944, 0.0 ], [ 114.955650569000113, -8.345359472999974, 0.0 ], [ 114.954968485000109, -8.343712255999947, 0.0 ], [ 114.955011126000045, -8.343536262999976, 0.0 ], [ 114.955409414000087, -8.343156826999973, 0.0 ], [ 114.955466537, -8.342969300999926, 0.0 ], [ 114.955961760000037, -8.342672419999928, 0.0 ], [ 114.956242031000102, -8.342369921999932, 0.0 ], [ 114.956132129000025, -8.34168598399998, 0.0 ], [ 114.956358918000092, -8.341093848999947, 0.0 ], [ 114.956337343000087, -8.340994299999977, 0.0 ], [ 114.955964910000034, -8.340917818999969, 0.0 ], [ 114.955644315000086, -8.340516305999927, 0.0 ], [ 114.954890737000028, -8.340019439999935, 0.0 ], [ 114.954933242000038, -8.339848543999949, 0.0 ], [ 114.955362440000044, -8.339218278999965, 0.0 ], [ 114.955366261000108, -8.33804801399998, 0.0 ], [ 114.956344011000056, -8.336909349999928, 0.0 ], [ 114.956886853000015, -8.336606391999965, 0.0 ], [ 114.958501715000011, -8.334385564999934, 0.0 ], [ 114.959049089000018, -8.334167204999972, 0.0 ], [ 114.958691576000092, -8.333797876999938, 0.0 ], [ 114.958789448000061, -8.333486377999975, 0.0 ], [ 114.958602930000097, -8.332896090999952, 0.0 ], [ 114.958678973000019, -8.332643962999953, 0.0 ], [ 114.959078525000109, -8.332513050999978, 0.0 ], [ 114.95909111200001, -8.332129959999975, 0.0 ], [ 114.959194190000062, -8.332011570999953, 0.0 ], [ 114.959444794000092, -8.331912634999981, 0.0 ], [ 114.960134556000071, -8.331884803999969, 0.0 ], [ 114.960318548000032, -8.331794654999953, 0.0 ], [ 114.96054184500008, -8.331488301999968, 0.0 ], [ 114.960239638000076, -8.330804833999935, 0.0 ], [ 114.960232333000022, -8.329805961999966, 0.0 ], [ 114.960430877000022, -8.328357184999959, 0.0 ], [ 114.960204881000095, -8.327800838999963, 0.0 ], [ 114.959226238000042, -8.326800085999935, 0.0 ], [ 114.959175283000036, -8.326644328999976, 0.0 ], [ 114.95934874000011, -8.32575067099998, 0.0 ], [ 114.958655456000088, -8.325150231999942, 0.0 ], [ 114.958400824000023, -8.324498196999969, 0.0 ], [ 114.958332528000028, -8.323618455999963, 0.0 ], [ 114.958416521000117, -8.323224016999973, 0.0 ], [ 114.958736433000013, -8.322582130999933, 0.0 ], [ 114.959633289000067, -8.321880940999961, 0.0 ], [ 114.960398145000113, -8.321148532999928, 0.0 ], [ 114.960698314000069, -8.319477974999927, 0.0 ], [ 114.960792242000025, -8.318314833999978, 0.0 ], [ 114.961303469000086, -8.317455258999928, 0.0 ], [ 114.961448162000011, -8.317519831999959, 0.0 ], [ 114.961969545000102, -8.316823260999968, 0.0 ], [ 114.96202573000005, -8.31658716499993, 0.0 ], [ 114.962054074000093, -8.316121763999945, 0.0 ], [ 114.961925455000028, -8.31552153399997, 0.0 ], [ 114.961681087000102, -8.314930482999955, 0.0 ], [ 114.961758285000087, -8.314453137999976, 0.0 ], [ 114.962343432000011, -8.313371385999972, 0.0 ], [ 114.962513866000108, -8.312895964999939, 0.0 ], [ 114.962630235, -8.313007290999963, 0.0 ], [ 114.962907056000063, -8.312651577999929, 0.0 ], [ 114.964021043000116, -8.312639464999961, 0.0 ], [ 114.964417584000103, -8.31184750999995, 0.0 ], [ 114.964709787000061, -8.311528775999932, 0.0 ], [ 114.965025841000056, -8.31087133799997, 0.0 ], [ 114.966775707000011, -8.309367237999936, 0.0 ], [ 114.967231758000025, -8.308396151999943, 0.0 ], [ 114.967284139000071, -8.307633344999942, 0.0 ], [ 114.967474860000038, -8.307126399999959, 0.0 ], [ 114.967758582000101, -8.306729727999937, 0.0 ], [ 114.968605877000073, -8.306485660999954, 0.0 ], [ 114.969089609000093, -8.305745263999938, 0.0 ], [ 114.969393729000103, -8.305389294999941, 0.0 ], [ 114.969636722000018, -8.305241899999942, 0.0 ], [ 114.970138736000081, -8.305386512999974, 0.0 ], [ 114.970160561000057, -8.305524618999925, 0.0 ], [ 114.970405262000099, -8.304873571999963, 0.0 ], [ 114.970653071000015, -8.30454281599998, 0.0 ], [ 114.971109484000067, -8.304198848999931, 0.0 ], [ 114.971061467000027, -8.303733553999962, 0.0 ], [ 114.971243003000041, -8.303146546999926, 0.0 ], [ 114.971228661000055, -8.302592207999965, 0.0 ], [ 114.971547588000021, -8.301893263999943, 0.0 ], [ 114.97174093600006, -8.301193705999935, 0.0 ], [ 114.97187749200009, -8.301021810999941, 0.0 ], [ 114.972958248000054, -8.300499306999939, 0.0 ], [ 114.973223034000057, -8.300028524999959, 0.0 ], [ 114.973355029000118, -8.300167227999964, 0.0 ], [ 114.974414662000072, -8.300692840999943, 0.0 ], [ 114.97436665400005, -8.301198608999925, 0.0 ], [ 114.974417864000088, -8.301372888999936, 0.0 ], [ 114.974905380000109, -8.301939047999952, 0.0 ], [ 114.975768141000117, -8.301857649999931, 0.0 ], [ 114.978281316000107, -8.300477411999964, 0.0 ], [ 114.979531291000058, -8.299879620999945, 0.0 ], [ 114.981379487000027, -8.298365957999977, 0.0 ], [ 114.982362486000056, -8.297236761999955, 0.0 ], [ 114.9827713090001, -8.296914780999941, 0.0 ], [ 114.983081336000055, -8.29680293399997, 0.0 ], [ 114.983179967000069, -8.296625204999941, 0.0 ], [ 114.983440886000039, -8.296561715999928, 0.0 ], [ 114.983571567000013, -8.296323192999978, 0.0 ], [ 114.983034275000023, -8.295797383999968, 0.0 ], [ 114.982995415, -8.295387710999933, 0.0 ], [ 114.982594279000068, -8.294103191999966, 0.0 ], [ 114.982540843000038, -8.293793372999971, 0.0 ], [ 114.982582434000051, -8.292617766999967, 0.0 ], [ 114.982458861000055, -8.291799173999948, 0.0 ], [ 114.982012852000025, -8.291401850999932, 0.0 ], [ 114.98210211300011, -8.290634497999974, 0.0 ], [ 114.981724237000094, -8.289708397999959, 0.0 ], [ 114.981263279000018, -8.28925864799993, 0.0 ], [ 114.98185417000002, -8.289320940999971, 0.0 ], [ 114.982475068000099, -8.289649703999942, 0.0 ], [ 114.982942533000028, -8.289631791999966, 0.0 ], [ 114.984987452000041, -8.29039079699993, 0.0 ], [ 114.985181199000067, -8.290401340999949, 0.0 ], [ 114.985738772000104, -8.290172244999951, 0.0 ], [ 114.986360205000096, -8.289373549999937, 0.0 ], [ 114.986523636000015, -8.289279427999929, 0.0 ], [ 114.986812895000071, -8.289275571999951, 0.0 ], [ 114.986982793000038, -8.289408739999942, 0.0 ], [ 114.987837678, -8.290891426999963, 0.0 ], [ 114.988069993000067, -8.291152626999974, 0.0 ], [ 114.98839440200004, -8.291366695999955, 0.0 ], [ 114.989110654000115, -8.291614443999947, 0.0 ], [ 114.989434810000034, -8.291891058999965, 0.0 ], [ 114.989586564000092, -8.29268395899993, 0.0 ], [ 114.989588914000024, -8.293214350999961, 0.0 ], [ 114.989692412000068, -8.293446605999975, 0.0 ], [ 114.990576289000046, -8.293545946999927, 0.0 ], [ 114.990942344000018, -8.293750415999966, 0.0 ], [ 114.991716750000023, -8.294579187999943, 0.0 ], [ 114.991778307000118, -8.294722800999978, 0.0 ], [ 114.991770130000077, -8.29574501899998, 0.0 ], [ 114.992490783000108, -8.296188023999946, 0.0 ], [ 114.992806101000042, -8.296570813999949, 0.0 ], [ 114.992904345000056, -8.296917895999968, 0.0 ], [ 114.992988252000032, -8.29831738699994, 0.0 ], [ 114.993616959000065, -8.29892749499993, 0.0 ], [ 114.994026363000103, -8.299588794999977, 0.0 ], [ 114.99475308000001, -8.299702679999939, 0.0 ], [ 114.995973236000054, -8.299398783999948, 0.0 ], [ 114.998936263000019, -8.300277512999969, 0.0 ], [ 114.999193042000115, -8.300622869999927, 0.0 ], [ 114.999367237000115, -8.301565532999973, 0.0 ], [ 114.999458882000113, -8.301731237999945, 0.0 ], [ 115.000335651000114, -8.302380995999954, 0.0 ], [ 115.000652519000027, -8.303001535999954, 0.0 ], [ 115.00103948800006, -8.30343819999996, 0.0 ], [ 115.001110404000087, -8.303951861999963, 0.0 ], [ 115.001204142, -8.304059123999934, 0.0 ], [ 115.002228458000104, -8.304472235999981, 0.0 ], [ 115.002910618000101, -8.30408866099998, 0.0 ], [ 115.003390996, -8.303935416999934, 0.0 ], [ 115.003709471000093, -8.303964685999972, 0.0 ], [ 115.003927706000013, -8.304237218999958, 0.0 ], [ 115.003865613000016, -8.304625939999937, 0.0 ], [ 115.003920484000105, -8.304766599999937, 0.0 ], [ 115.005039889000045, -8.305432438999958, 0.0 ], [ 115.005601314000046, -8.305972036999947, 0.0 ], [ 115.006204780000076, -8.306279676999964, 0.0 ], [ 115.008421889000033, -8.306961238999975, 0.0 ], [ 115.009529074000056, -8.308063112999946, 0.0 ], [ 115.009853056000111, -8.309132402999978, 0.0 ], [ 115.010725328000035, -8.310344963999967, 0.0 ], [ 115.011396728000022, -8.310248136999974, 0.0 ], [ 115.012180249000039, -8.31054381499996, 0.0 ], [ 115.012459693000096, -8.311021989999972, 0.0 ], [ 115.012506464000012, -8.312243612999964, 0.0 ], [ 115.012724607000109, -8.312473292999925, 0.0 ], [ 115.012897815000088, -8.312511855999958, 0.0 ], [ 115.01310735200002, -8.312498691999963, 0.0 ], [ 115.013253875000032, -8.31238424299994, 0.0 ], [ 115.015364078000061, -8.309989043999963, 0.0 ], [ 115.016012696000075, -8.308965410999974, 0.0 ], [ 115.016975570000113, -8.307195729999933, 0.0 ], [ 115.018060889000026, -8.307309906999933, 0.0 ], [ 115.018537424000101, -8.308031382999957, 0.0 ], [ 115.019100558000105, -8.308173938999971, 0.0 ], [ 115.019916724000041, -8.30788115699994, 0.0 ], [ 115.02199022800005, -8.309384152999939, 0.0 ], [ 115.022214080000026, -8.309477357999981, 0.0 ], [ 115.023291799000049, -8.309184323999943, 0.0 ], [ 115.024259932000064, -8.309224795999967, 0.0 ], [ 115.024680397000111, -8.309379183999965, 0.0 ], [ 115.025119639000081, -8.309296394999933, 0.0 ], [ 115.02550588500003, -8.309541819999936, 0.0 ], [ 115.025628968000092, -8.309708870999941, 0.0 ], [ 115.025686893000056, -8.310267735999957, 0.0 ], [ 115.026308260000064, -8.310215845999949, 0.0 ], [ 115.026396642, -8.310301614999958, 0.0 ], [ 115.026468666000028, -8.310658518999958, 0.0 ], [ 115.02670794900007, -8.310867020999979, 0.0 ], [ 115.028532408000046, -8.309733320999953, 0.0 ], [ 115.030304253000054, -8.307895145999964, 0.0 ], [ 115.031914910000069, -8.307319100999962, 0.0 ], [ 115.031606017000058, -8.304212544999928, 0.0 ], [ 115.031805220000024, -8.303142665999928, 0.0 ], [ 115.032158498000058, -8.302084209999975, 0.0 ], [ 115.032547471000044, -8.301735070999939, 0.0 ], [ 115.032905206, -8.301578197999959, 0.0 ], [ 115.033185690000096, -8.301604597999926, 0.0 ], [ 115.03361321400007, -8.301908681999976, 0.0 ], [ 115.034476896000115, -8.301918305999948, 0.0 ], [ 115.034886895000113, -8.302032636999968, 0.0 ], [ 115.035145129000057, -8.301959545999978, 0.0 ], [ 115.036065460000032, -8.30246686199996, 0.0 ], [ 115.036634204000052, -8.302529720999928, 0.0 ], [ 115.036886591000098, -8.302678294999964, 0.0 ], [ 115.037909022, -8.30365926199994, 0.0 ], [ 115.038212571000031, -8.303804308999929, 0.0 ], [ 115.040341505000015, -8.304345296999941, 0.0 ], [ 115.04065773100001, -8.304677990999949, 0.0 ], [ 115.041345444000058, -8.304855762999978, 0.0 ], [ 115.041664339000022, -8.305302142999949, 0.0 ], [ 115.042178794000051, -8.305788339999935, 0.0 ], [ 115.042935988000067, -8.306175201999963, 0.0 ], [ 115.043622028000073, -8.306927881999968, 0.0 ], [ 115.043932251000115, -8.307154221999951, 0.0 ], [ 115.045842237000102, -8.307662902999937, 0.0 ], [ 115.04624934800006, -8.307933713999944, 0.0 ], [ 115.047275081000066, -8.307897642999933, 0.0 ], [ 115.048354068000094, -8.309023131999936, 0.0 ], [ 115.049646068000015, -8.30949166299996, 0.0 ], [ 115.05224863, -8.310032636999949, 0.0 ], [ 115.053144676000102, -8.31003702299995, 0.0 ], [ 115.054107668000029, -8.309926184999938, 0.0 ], [ 115.054107017000092, -8.310058237999954, 0.0 ], [ 115.055051463000041, -8.310343475999957, 0.0 ], [ 115.05635836700003, -8.311158708999926, 0.0 ], [ 115.057230587000049, -8.311593814999981, 0.0 ], [ 115.057953944000019, -8.311403458999962, 0.0 ], [ 115.05911621100006, -8.311430143999928, 0.0 ], [ 115.060300920000032, -8.312402888999941, 0.0 ], [ 115.061488200000099, -8.31285399099994, 0.0 ], [ 115.065970939000067, -8.314211759999978, 0.0 ], [ 115.068972995000081, -8.315383187999942, 0.0 ], [ 115.070205563000059, -8.314731730999938, 0.0 ], [ 115.070720508000022, -8.314772271999971, 0.0 ], [ 115.071263686000066, -8.314459141999976, 0.0 ], [ 115.071849897000106, -8.314558075999969, 0.0 ], [ 115.072175797000114, -8.31478560499994, 0.0 ], [ 115.072744459000091, -8.314567718999967, 0.0 ], [ 115.073405001000083, -8.314458076999927, 0.0 ], [ 115.074582590000091, -8.31462040699995, 0.0 ], [ 115.077602389000049, -8.313975711999944, 0.0 ], [ 115.078371198000013, -8.313725940999973, 0.0 ], [ 115.079075303000081, -8.313678570999969, 0.0 ], [ 115.079615290000106, -8.313742002999959, 0.0 ], [ 115.080049754000015, -8.314161266999974, 0.0 ], [ 115.080219596, -8.314163261999965, 0.0 ], [ 115.080725465000114, -8.313881396999932, 0.0 ], [ 115.080940559000055, -8.313863621999928, 0.0 ], [ 115.081659029000093, -8.31405419999993, 0.0 ], [ 115.082041238000102, -8.314033704999929, 0.0 ], [ 115.083630912000103, -8.313271873999952, 0.0 ], [ 115.084689311000034, -8.313301661999958, 0.0 ], [ 115.085277763000022, -8.312757861999955, 0.0 ], [ 115.08605353900009, -8.312777346999951, 0.0 ], [ 115.086893565000082, -8.312608126999976, 0.0 ], [ 115.088712277000013, -8.311884056999929, 0.0 ], [ 115.090426475000072, -8.311421117999942, 0.0 ], [ 115.09122972800003, -8.311026288999926, 0.0 ], [ 115.092033562000097, -8.31051064899998, 0.0 ], [ 115.09310637100009, -8.309609690999935, 0.0 ], [ 115.094907261000117, -8.307908604999966, 0.0 ], [ 115.095589210000071, -8.307489020999981, 0.0 ], [ 115.097059224000077, -8.307302750999952, 0.0 ], [ 115.09924388200011, -8.307470247999959, 0.0 ], [ 115.100553741000112, -8.307766217999927, 0.0 ], [ 115.101716638000084, -8.30832507599996, 0.0 ], [ 115.10239548100003, -8.308506247999958, 0.0 ], [ 115.102946419000091, -8.307732569999928, 0.0 ], [ 115.103066188000071, -8.306562450999934, 0.0 ], [ 115.102883662000067, -8.305690678999952, 0.0 ], [ 115.102811713000051, -8.303861450999932, 0.0 ], [ 115.103436241000054, -8.301129470999967, 0.0 ], [ 115.103701685000033, -8.300340057999961, 0.0 ], [ 115.104167033000067, -8.299394334999931, 0.0 ], [ 115.104793735000044, -8.298723950999943, 0.0 ], [ 115.105421504000105, -8.298353160999966, 0.0 ], [ 115.105922689000067, -8.29827288499996, 0.0 ], [ 115.107287855000095, -8.298339158999966, 0.0 ], [ 115.108708662000026, -8.298742872999981, 0.0 ], [ 115.109436739000103, -8.299103181999953, 0.0 ], [ 115.109652874000062, -8.299304738999979, 0.0 ], [ 115.110058113000036, -8.300111018999928, 0.0 ], [ 115.110762418000036, -8.300865052999939, 0.0 ], [ 115.111093766000067, -8.301077542999963, 0.0 ], [ 115.112962622000055, -8.30158824199998, 0.0 ], [ 115.113259268000093, -8.301761573999954, 0.0 ], [ 115.113432975000023, -8.301938274999941, 0.0 ], [ 115.113892598, -8.303026627999941, 0.0 ], [ 115.114260668000043, -8.30332195799997, 0.0 ], [ 115.116087569000115, -8.304108919999976, 0.0 ], [ 115.117122996000035, -8.30535879599995, 0.0 ], [ 115.118044174000033, -8.306097660999967, 0.0 ], [ 115.118811826000069, -8.306313703999933, 0.0 ], [ 115.11961119700004, -8.306728251999971, 0.0 ], [ 115.120932073000063, -8.30726607899993, 0.0 ], [ 115.122483983000052, -8.307732499999929, 0.0 ], [ 115.124255249000043, -8.308030810999981, 0.0 ], [ 115.125086230000079, -8.308339736999926, 0.0 ], [ 115.12580240200009, -8.308379355999932, 0.0 ], [ 115.12594884400005, -8.30822298399994, 0.0 ], [ 115.126576655, -8.306413705999944, 0.0 ], [ 115.126770236000084, -8.303998303999947, 0.0 ], [ 115.127182987000083, -8.301656184999956, 0.0 ], [ 115.127530954, -8.299966400999949, 0.0 ], [ 115.127925883000103, -8.298615119999965, 0.0 ], [ 115.12857551500008, -8.294838359999972, 0.0 ], [ 115.12882313800003, -8.293824668999946, 0.0 ], [ 115.129677407000031, -8.29191168899996, 0.0 ], [ 115.131375469000091, -8.288969247999944, 0.0 ], [ 115.132759123000028, -8.285895297999957, 0.0 ], [ 115.134395900000072, -8.281687155999975, 0.0 ], [ 115.1353202680001, -8.278755636999961, 0.0 ], [ 115.136318081000013, -8.276043003999973, 0.0 ], [ 115.137803201000111, -8.272618738999938, 0.0 ], [ 115.138577388000044, -8.271052699999927, 0.0 ], [ 115.13883364000003, -8.270776015999957, 0.0 ], [ 115.140451705000032, -8.270058644999949, 0.0 ], [ 115.142774588000066, -8.269199562999972, 0.0 ], [ 115.145311892000109, -8.26774043599994, 0.0 ], [ 115.14667002300007, -8.266862793999962, 0.0 ], [ 115.147213788000045, -8.266401782999935, 0.0 ], [ 115.1479679360001, -8.265417189999937, 0.0 ], [ 115.14952009700005, -8.262416818999952, 0.0 ], [ 115.150020678000033, -8.261923263999961, 0.0 ], [ 115.150511885000014, -8.261637691999965, 0.0 ], [ 115.152118218000055, -8.260955206999938, 0.0 ], [ 115.154383338000116, -8.260696165999946, 0.0 ], [ 115.158214298000075, -8.25913996099996, 0.0 ], [ 115.159553129000074, -8.258045146999962, 0.0 ], [ 115.160370219000015, -8.257599636999942, 0.0 ], [ 115.161441939000042, -8.256870392999929, 0.0 ], [ 115.162765197000112, -8.256525820999968, 0.0 ], [ 115.164243351000096, -8.256028544999936, 0.0 ], [ 115.16626954100002, -8.255167177999965, 0.0 ], [ 115.167419101000064, -8.255417167999951, 0.0 ], [ 115.168399535000049, -8.254314669999928, 0.0 ], [ 115.168849660000092, -8.253674978999982, 0.0 ], [ 115.169442650000065, -8.253101152999932, 0.0 ], [ 115.169959816000073, -8.25237468499995, 0.0 ], [ 115.171340785000098, -8.249566406999975, 0.0 ], [ 115.171890136000115, -8.248970618999977, 0.0 ], [ 115.173462904000075, -8.246910951999951, 0.0 ], [ 115.174012398000059, -8.246282525999959, 0.0 ], [ 115.174527997000041, -8.245893261999981, 0.0 ], [ 115.175569324000094, -8.245288827999957, 0.0 ], [ 115.176781438000035, -8.244714418999934, 0.0 ], [ 115.178317086000106, -8.243590074999929, 0.0 ], [ 115.179149851000034, -8.243169609999939, 0.0 ], [ 115.179466776000027, -8.243192804999978, 0.0 ], [ 115.180219634000082, -8.243511688999945, 0.0 ], [ 115.182847170000059, -8.245068301999936, 0.0 ], [ 115.183797407000043, -8.245257536999929, 0.0 ], [ 115.183928194000032, -8.245345153999949, 0.0 ], [ 115.184648508, -8.245168996999951, 0.0 ], [ 115.185944373000098, -8.245060518999935, 0.0 ], [ 115.186900351000077, -8.244694222999954, 0.0 ], [ 115.187764564000076, -8.244694215999971, 0.0 ], [ 115.190951117000054, -8.244987189999961, 0.0 ], [ 115.19180111300011, -8.244793357999981, 0.0 ], [ 115.193085648000078, -8.244107794999934, 0.0 ], [ 115.194566068000086, -8.243718181999952, 0.0 ], [ 115.196342575000017, -8.243531403999953, 0.0 ], [ 115.197526904000028, -8.244134754999948, 0.0 ], [ 115.199303411000074, -8.24399466999995, 0.0 ], [ 115.200487744000043, -8.243804272999967, 0.0 ], [ 115.202017185000045, -8.244108280999967, 0.0 ], [ 115.204441857, -8.244401247999974, 0.0 ], [ 115.206785548000084, -8.244401248999964, 0.0 ], [ 115.207593756000051, -8.245287506999944, 0.0 ], [ 115.208482007000043, -8.24592572499995, 0.0 ], [ 115.209423427000047, -8.24615644499994, 0.0 ], [ 115.210056267000027, -8.245980519999932, 0.0 ], [ 115.210884725000028, -8.245505883999954, 0.0 ], [ 115.213032125000041, -8.244031824999979, 0.0 ], [ 115.213831940000091, -8.24324314699993, 0.0 ], [ 115.215903653000055, -8.24178324199994, 0.0 ], [ 115.218865581000045, -8.242702025999961, 0.0 ], [ 115.220558979000089, -8.242704082999978, 0.0 ], [ 115.221598234000112, -8.24249163099995, 0.0 ], [ 115.222281595000027, -8.24202289699997, 0.0 ], [ 115.223992849000069, -8.239879998999982, 0.0 ], [ 115.224931064000089, -8.240105742999958, 0.0 ], [ 115.225573657000041, -8.240513073999978, 0.0 ], [ 115.227156656000034, -8.239554827999939, 0.0 ], [ 115.227771014000041, -8.239440990999981, 0.0 ], [ 115.228365194000048, -8.239523340999938, 0.0 ], [ 115.228933768000047, -8.239714741999933, 0.0 ], [ 115.229655703000049, -8.24020423199994, 0.0 ], [ 115.229840491000118, -8.240249538999933, 0.0 ], [ 115.230435184000044, -8.240131253999948, 0.0 ], [ 115.23203413400006, -8.240012086999968, 0.0 ], [ 115.232341197000096, -8.23988004499995, 0.0 ], [ 115.232421699000042, -8.239450748999957, 0.0 ], [ 115.234018429000116, -8.237678723999977, 0.0 ], [ 115.234279101000084, -8.237291419999963, 0.0 ], [ 115.234643477000077, -8.236474911999949, 0.0 ], [ 115.236397203000024, -8.234583665999935, 0.0 ], [ 115.236689614000056, -8.234111067999947, 0.0 ], [ 115.237232495000057, -8.232862206999926, 0.0 ], [ 115.237308559000098, -8.23229140899997, 0.0 ], [ 115.237622121000072, -8.231457737999961, 0.0 ], [ 115.237645251000117, -8.231111665999947, 0.0 ], [ 115.237483659000077, -8.230722297999932, 0.0 ], [ 115.237970431, -8.230227838999951, 0.0 ], [ 115.237967828000023, -8.230133100999979, 0.0 ], [ 115.237751982000077, -8.229931184999941, 0.0 ], [ 115.238378383000054, -8.22796255999998, 0.0 ], [ 115.238682401, -8.22668693199995, 0.0 ], [ 115.239478727, -8.225336894999941, 0.0 ], [ 115.240827805000094, -8.221404813999925, 0.0 ], [ 115.241595629000017, -8.219597165999971, 0.0 ], [ 115.241658217, -8.217073128999971, 0.0 ], [ 115.242204879000042, -8.216290792999928, 0.0 ], [ 115.242535090000047, -8.21531809399994, 0.0 ], [ 115.242591554000114, -8.214831268999944, 0.0 ], [ 115.242118215, -8.214382719999946, 0.0 ], [ 115.242038223, -8.214044126999966, 0.0 ], [ 115.242369325000027, -8.212868484999944, 0.0 ], [ 115.243355356000052, -8.210992154999929, 0.0 ], [ 115.24339704700003, -8.210775859999956, 0.0 ], [ 115.243270883000037, -8.208583488999977, 0.0 ], [ 115.243345026000043, -8.207163186999935, 0.0 ], [ 115.243310053000073, -8.205850647999966, 0.0 ], [ 115.243768779000106, -8.204986743999939, 0.0 ], [ 115.244099268000014, -8.203946392999967, 0.0 ], [ 115.244229860000019, -8.20203926399995, 0.0 ], [ 115.244949026000086, -8.200621770999931, 0.0 ], [ 115.245197316000031, -8.199743416999979, 0.0 ], [ 115.245381773000076, -8.196388833999947, 0.0 ], [ 115.245359120000103, -8.195360472999937, 0.0 ], [ 115.245266614000116, -8.194778289999931, 0.0 ], [ 115.24473372600005, -8.193977713999971, 0.0 ], [ 115.244478979000064, -8.193232467999962, 0.0 ], [ 115.243926497000075, -8.19225591999998, 0.0 ], [ 115.243431301000101, -8.190603131999978, 0.0 ], [ 115.243209200000024, -8.190155682999944, 0.0 ], [ 115.2426693540001, -8.18939566499995, 0.0 ], [ 115.242467742000031, -8.18892124599995, 0.0 ], [ 115.242240694000088, -8.188054351999938, 0.0 ], [ 115.242229430000066, -8.187526642999956, 0.0 ], [ 115.242667701000073, -8.186676175999935, 0.0 ], [ 115.242675796000071, -8.186378555999966, 0.0 ], [ 115.242407536000087, -8.185619720999966, 0.0 ], [ 115.242436414000053, -8.185227482999949, 0.0 ], [ 115.242532358000062, -8.18502495499996, 0.0 ], [ 115.242995885000028, -8.184607548999963, 0.0 ], [ 115.244058253000048, -8.183881561999954, 0.0 ], [ 115.244777669000086, -8.182396412999935, 0.0 ], [ 115.244808203000048, -8.181625347999955, 0.0 ], [ 115.24440533500001, -8.180595333999975, 0.0 ], [ 115.244613223000101, -8.179635622999967, 0.0 ], [ 115.244612176000032, -8.178323228999943, 0.0 ], [ 115.244806187000108, -8.177431105999972, 0.0 ], [ 115.245136221000053, -8.176485453999931, 0.0 ], [ 115.245481699000038, -8.175878876999946, 0.0 ], [ 115.24606295000001, -8.175566062999962, 0.0 ], [ 115.247737785000027, -8.175552359999926, 0.0 ], [ 115.250037493000036, -8.17510224199998, 0.0 ], [ 115.250717962000067, -8.175508970999942, 0.0 ], [ 115.251103009000076, -8.176404127999945, 0.0 ], [ 115.251414541000031, -8.176814542999978, 0.0 ], [ 115.252008009000065, -8.176989349999928, 0.0 ], [ 115.253014231000066, -8.176659985999947, 0.0 ], [ 115.253305705000116, -8.176702121999938, 0.0 ], [ 115.254380669000057, -8.17796844999998, 0.0 ], [ 115.254916907000052, -8.178347840999947, 0.0 ], [ 115.255545409000092, -8.177895197999931, 0.0 ], [ 115.2557454680001, -8.177628787999936, 0.0 ], [ 115.256915391, -8.175272094999968, 0.0 ], [ 115.257265005000022, -8.172640552999951, 0.0 ], [ 115.258228737000081, -8.171989407999945, 0.0 ], [ 115.258982812000113, -8.171731672999954, 0.0 ], [ 115.260592775000077, -8.171678318999966, 0.0 ], [ 115.261387530000093, -8.171391120999942, 0.0 ], [ 115.262680857000078, -8.169645426999978, 0.0 ], [ 115.265115452000032, -8.166025116999947, 0.0 ], [ 115.265465391000021, -8.165591055999926, 0.0 ], [ 115.266124295000054, -8.164999934999969, 0.0 ], [ 115.266731551000021, -8.164854048999928, 0.0 ], [ 115.267278500000089, -8.164856389999954, 0.0 ], [ 115.267816804000063, -8.164557490999925, 0.0 ], [ 115.268423928000061, -8.164376455999957, 0.0 ], [ 115.269071173000043, -8.163793479999981, 0.0 ], [ 115.270067463000032, -8.163247887999944, 0.0 ], [ 115.270637674000113, -8.162750301999949, 0.0 ], [ 115.274087311000017, -8.161969834999979, 0.0 ], [ 115.275752203000025, -8.161812196999961, 0.0 ], [ 115.276021681000088, -8.161585665999951, 0.0 ], [ 115.276629315000037, -8.161350671999969, 0.0 ], [ 115.27799200600009, -8.161287174999927, 0.0 ], [ 115.279227626000079, -8.160708376999935, 0.0 ], [ 115.279556005000018, -8.160660276999977, 0.0 ], [ 115.280092797000066, -8.160712051999951, 0.0 ], [ 115.280164051000042, -8.161603669999977, 0.0 ], [ 115.280477956000027, -8.162614717999929, 0.0 ], [ 115.28068531100007, -8.162962068999946, 0.0 ], [ 115.281665505000092, -8.163975945999937, 0.0 ], [ 115.281793769000046, -8.164214070999947, 0.0 ], [ 115.281830839, -8.164847773999952, 0.0 ], [ 115.280989213000112, -8.166425667999931, 0.0 ], [ 115.280908003000036, -8.166811390999953, 0.0 ], [ 115.281639616, -8.167668403999926, 0.0 ], [ 115.28249242000004, -8.168392087999962, 0.0 ], [ 115.283076406000077, -8.16903801199993, 0.0 ], [ 115.28396804700003, -8.169833728999947, 0.0 ], [ 115.284785787000033, -8.170357529999933, 0.0 ], [ 115.285609807000014, -8.170687696999948, 0.0 ], [ 115.286573607000037, -8.17088976499997, 0.0 ], [ 115.288055420000092, -8.170886139999936, 0.0 ], [ 115.28909077600008, -8.170633142999975, 0.0 ], [ 115.289887877000069, -8.170280140999978, 0.0 ], [ 115.290414739000084, -8.169421338999939, 0.0 ], [ 115.291089422000027, -8.169053800999961, 0.0 ], [ 115.291234705000079, -8.168671502999928, 0.0 ], [ 115.291681590000053, -8.168325614999958, 0.0 ], [ 115.292267657000025, -8.167465488999937, 0.0 ], [ 115.293271091000065, -8.166839461999928, 0.0 ], [ 115.294101255000101, -8.167423460999942, 0.0 ], [ 115.294440285000064, -8.16955476399994, 0.0 ], [ 115.294922583000016, -8.169925590999981, 0.0 ], [ 115.295262384000011, -8.17005082299994, 0.0 ], [ 115.295733207000012, -8.170444759999953, 0.0 ], [ 115.297360590000039, -8.171293048999928, 0.0 ], [ 115.298491514000034, -8.171626049999929, 0.0 ], [ 115.29926837000005, -8.171463049999943, 0.0 ], [ 115.300516653000045, -8.172460273999945, 0.0 ], [ 115.301475400000072, -8.172611562999975, 0.0 ], [ 115.302948884000102, -8.172695025999928, 0.0 ], [ 115.303377283000032, -8.172374590999937, 0.0 ], [ 115.303378442000053, -8.172100386999944, 0.0 ], [ 115.303668678, -8.17150333099994, 0.0 ], [ 115.303620853000098, -8.170979641999963, 0.0 ], [ 115.303712259, -8.170070151999937, 0.0 ], [ 115.303638416000013, -8.16978316999996, 0.0 ], [ 115.302904178000063, -8.168882679999967, 0.0 ], [ 115.302855459000057, -8.168570875999933, 0.0 ], [ 115.302918951000038, -8.16834678999993, 0.0 ], [ 115.303370168000015, -8.168136793999963, 0.0 ], [ 115.303898543000059, -8.167428559999962, 0.0 ], [ 115.304137002000061, -8.167242597999973, 0.0 ], [ 115.305640805000053, -8.166600767999967, 0.0 ], [ 115.306342985000015, -8.166204857999958, 0.0 ], [ 115.30700695400003, -8.165970819999927, 0.0 ], [ 115.30872188, -8.165691315999936, 0.0 ], [ 115.309410865000018, -8.165457377999928, 0.0 ], [ 115.310314021000067, -8.164862873999937, 0.0 ], [ 115.31132870700003, -8.164518114999964, 0.0 ], [ 115.311767931000077, -8.164183416999947, 0.0 ], [ 115.312573732000033, -8.162940368999955, 0.0 ], [ 115.313290030000076, -8.162158115999944, 0.0 ], [ 115.31357102700008, -8.160775772999955, 0.0 ], [ 115.31388541900003, -8.160378230999981, 0.0 ], [ 115.314152702000115, -8.159282502999929, 0.0 ], [ 115.314429670000095, -8.158859876999941, 0.0 ], [ 115.31525754300003, -8.158314900999926, 0.0 ], [ 115.315708326000049, -8.158204597999941, 0.0 ], [ 115.316508414000054, -8.158320100999958, 0.0 ], [ 115.316721427000061, -8.158233736999932, 0.0 ], [ 115.317413057000067, -8.157364122999979, 0.0 ], [ 115.318244519000018, -8.155959129999928, 0.0 ], [ 115.319588099000043, -8.154730754999946, 0.0 ], [ 115.319903260000046, -8.154146247999961, 0.0 ], [ 115.319929943000034, -8.153747505999945, 0.0 ], [ 115.319810269000072, -8.152450739999949, 0.0 ], [ 115.319402222, -8.151314812999942, 0.0 ], [ 115.319005208000021, -8.150867529999971, 0.0 ], [ 115.318491756000071, -8.150675366999963, 0.0 ], [ 115.317756047000103, -8.150123893999933, 0.0 ], [ 115.317607819000045, -8.149674570999935, 0.0 ], [ 115.317698868000093, -8.14883985299997, 0.0 ], [ 115.317624754, -8.148615190999976, 0.0 ], [ 115.31657352600007, -8.148735469999963, 0.0 ], [ 115.316055263000067, -8.148600407999936, 0.0 ], [ 115.315281208000101, -8.147498442999961, 0.0 ], [ 115.315743869000016, -8.147181729999943, 0.0 ], [ 115.316009049000058, -8.146562165999967, 0.0 ], [ 115.315913573000103, -8.14614192199997, 0.0 ], [ 115.315725659, -8.145866626999975, 0.0 ], [ 115.31558141000005, -8.145412062999981, 0.0 ], [ 115.315685776, -8.145069827999976, 0.0 ], [ 115.315892347000045, -8.144758491999937, 0.0 ], [ 115.316574900000091, -8.14429841499998, 0.0 ], [ 115.317488010000034, -8.143880421999938, 0.0 ], [ 115.318080087000112, -8.143464961999939, 0.0 ], [ 115.319546311000067, -8.14290585699996, 0.0 ], [ 115.319998726000108, -8.141765630999942, 0.0 ], [ 115.322172134000084, -8.144479068999942, 0.0 ], [ 115.323092960000054, -8.145281090999958, 0.0 ], [ 115.324935728000014, -8.147861835999947, 0.0 ], [ 115.327946490000045, -8.150684677999948, 0.0 ], [ 115.32824150600004, -8.151277942999968, 0.0 ], [ 115.328438655000014, -8.153396468999972, 0.0 ], [ 115.328389864000087, -8.154124943999932, 0.0 ], [ 115.329113753000115, -8.156215231999965, 0.0 ], [ 115.329133799000033, -8.156898448999925, 0.0 ], [ 115.328732013000035, -8.159970890999944, 0.0 ], [ 115.328717228000073, -8.161528321999981, 0.0 ], [ 115.329024824000044, -8.161657518999959, 0.0 ], [ 115.32947407000006, -8.161684957999967, 0.0 ], [ 115.330426891000116, -8.16102366399997, 0.0 ], [ 115.330750419000083, -8.160921145999964, 0.0 ], [ 115.331229057000087, -8.160878848999971, 0.0 ], [ 115.331663396000067, -8.161132427999974, 0.0 ], [ 115.3323370170001, -8.160303219999946, 0.0 ], [ 115.332510461000084, -8.15954310799998, 0.0 ], [ 115.333264022000094, -8.15798076699997, 0.0 ], [ 115.333376471000065, -8.157357240999943, 0.0 ], [ 115.333460049000109, -8.155173507999962, 0.0 ], [ 115.333556754000028, -8.154919727999982, 0.0 ], [ 115.334244075000015, -8.15369110499995, 0.0 ], [ 115.33591914100009, -8.15211520899993, 0.0 ], [ 115.336679388000107, -8.151247186999967, 0.0 ], [ 115.337349132000099, -8.150032844999942, 0.0 ], [ 115.337723836, -8.148247319999939, 0.0 ], [ 115.338003808000053, -8.14810852599993, 0.0 ], [ 115.338465986000074, -8.148110418999977, 0.0 ], [ 115.339209971000059, -8.14826697999996, 0.0 ], [ 115.341312603, -8.148966396999981, 0.0 ], [ 115.342505354000082, -8.149265508999974, 0.0 ], [ 115.343185732000052, -8.149281081999959, 0.0 ], [ 115.34356651500002, -8.14918634299994, 0.0 ], [ 115.343965458000071, -8.148968189999948, 0.0 ], [ 115.343907347000027, -8.149706961999925, 0.0 ], [ 115.343623406, -8.150796771999978, 0.0 ], [ 115.343643495000038, -8.151139119999925, 0.0 ], [ 115.343748777000087, -8.151674339999943, 0.0 ], [ 115.344281788000103, -8.152746094999941, 0.0 ], [ 115.344408743000031, -8.153238620999957, 0.0 ], [ 115.347025269000028, -8.15725327499996, 0.0 ], [ 115.347368172000074, -8.157459912999968, 0.0 ], [ 115.348089336000044, -8.157633885999928, 0.0 ], [ 115.348846421000076, -8.157431733999942, 0.0 ], [ 115.350258868000083, -8.156684945999928, 0.0 ], [ 115.351120337000111, -8.156175356999938, 0.0 ], [ 115.353819306000105, -8.154293135999978, 0.0 ], [ 115.354041149000068, -8.153892350999968, 0.0 ], [ 115.354121163000059, -8.153163480999979, 0.0 ], [ 115.354329717000041, -8.152396753999938, 0.0 ], [ 115.35485045900009, -8.151222897999958, 0.0 ], [ 115.355418721000092, -8.151562663999925, 0.0 ], [ 115.356509734000042, -8.152766242999974, 0.0 ], [ 115.356837225000049, -8.153479097999934, 0.0 ], [ 115.356916522, -8.153964710999958, 0.0 ], [ 115.356931724000106, -8.155218441999978, 0.0 ], [ 115.356371965000108, -8.156712563999974, 0.0 ], [ 115.355651407000096, -8.157221002999961, 0.0 ], [ 115.355401198000095, -8.157639840999934, 0.0 ], [ 115.35521312700007, -8.158715629999961, 0.0 ], [ 115.355681058000073, -8.159285539999928, 0.0 ], [ 115.356859144000055, -8.161826198999961, 0.0 ], [ 115.357297205, -8.163323187999936, 0.0 ], [ 115.357595659000026, -8.163731096999982, 0.0 ], [ 115.358516920000056, -8.164479474999951, 0.0 ], [ 115.360095539000099, -8.164408357999946, 0.0 ], [ 115.360727858000018, -8.163994987999956, 0.0 ], [ 115.361174714000072, -8.163338902999953, 0.0 ], [ 115.362240873000019, -8.160950872999933, 0.0 ], [ 115.363027115000023, -8.159494721999977, 0.0 ], [ 115.363608024000087, -8.160348080999938, 0.0 ], [ 115.364871861000097, -8.161533983999959, 0.0 ], [ 115.365089160000025, -8.161901144999945, 0.0 ], [ 115.366486922000036, -8.163260452999964, 0.0 ], [ 115.367030116000024, -8.164193205999936, 0.0 ], [ 115.367412864000016, -8.165451996999934, 0.0 ], [ 115.367708884000081, -8.16602736699997, 0.0 ], [ 115.368233038000085, -8.166752150999969, 0.0 ], [ 115.369454604000111, -8.167921996999951, 0.0 ], [ 115.370099471000117, -8.168310679999934, 0.0 ], [ 115.370546441000101, -8.16845107499995, 0.0 ], [ 115.371681312000078, -8.16853512299997, 0.0 ], [ 115.372047061000103, -8.168507448999947, 0.0 ], [ 115.372149911000065, -8.16839128099997, 0.0 ], [ 115.372165303000088, -8.16820189799995, 0.0 ], [ 115.372708921000026, -8.167449030999933, 0.0 ], [ 115.373339068000064, -8.166830691999962, 0.0 ], [ 115.373634901000059, -8.16625800099996, 0.0 ], [ 115.37446938700009, -8.165323282999964, 0.0 ], [ 115.374559020000106, -8.165069810999967, 0.0 ], [ 115.374562457000025, -8.164220041999954, 0.0 ], [ 115.37514710500011, -8.163438822999979, 0.0 ], [ 115.375224904000106, -8.163372917999936, 0.0 ], [ 115.375731786000074, -8.163405892999947, 0.0 ], [ 115.37616884900001, -8.163536341999929, 0.0 ], [ 115.376654956000039, -8.163835279999944, 0.0 ], [ 115.377983362, -8.164889966999965, 0.0 ], [ 115.380525210000087, -8.167114824999942, 0.0 ], [ 115.381109660000106, -8.167691343999934, 0.0 ], [ 115.381264701000077, -8.168096539999965, 0.0 ], [ 115.381881566000061, -8.168933333999973, 0.0 ], [ 115.383014186000082, -8.170046488999958, 0.0 ], [ 115.384193858000117, -8.170885528999975, 0.0 ], [ 115.387361708000071, -8.172555451999926, 0.0 ], [ 115.389912127000116, -8.173734581999952, 0.0 ], [ 115.391232451000064, -8.174061302999974, 0.0 ], [ 115.392815579000057, -8.174768980999943, 0.0 ], [ 115.394045814000037, -8.175592147999964, 0.0 ], [ 115.395043204000103, -8.175888351999959, 0.0 ], [ 115.396802215000093, -8.176684386999966, 0.0 ], [ 115.397402666000062, -8.176782603999925, 0.0 ], [ 115.397705648000056, -8.175507681999932, 0.0 ], [ 115.398107609000022, -8.174703627999975, 0.0 ], [ 115.398352123000109, -8.174494907999929, 0.0 ], [ 115.399383708000073, -8.174123759999929, 0.0 ], [ 115.399461770000016, -8.173991633999947, 0.0 ], [ 115.400155837000057, -8.173541893999925, 0.0 ], [ 115.40086941800007, -8.172363834999942, 0.0 ], [ 115.401667871000086, -8.172124192999945, 0.0 ], [ 115.402822778000086, -8.171378287999971, 0.0 ], [ 115.403034279000053, -8.171114251999938, 0.0 ], [ 115.40304122200007, -8.170761117999973, 0.0 ], [ 115.404020118000062, -8.171085417999961, 0.0 ], [ 115.406813868000086, -8.171324126999934, 0.0 ], [ 115.407569131000059, -8.171475597999972, 0.0 ], [ 115.409648115000095, -8.171384779999926, 0.0 ], [ 115.410493200000019, -8.171457400999941, 0.0 ], [ 115.411794485000087, -8.171858503999943, 0.0 ], [ 115.415991082, -8.173878376999937, 0.0 ], [ 115.417737005000049, -8.175023691999968, 0.0 ], [ 115.418222892000017, -8.175391886999932, 0.0 ], [ 115.418425626000044, -8.175689968999961, 0.0 ], [ 115.41814940900008, -8.177038483999979, 0.0 ], [ 115.417763335000018, -8.178141185999948, 0.0 ], [ 115.417521478000026, -8.178581923999957, 0.0 ], [ 115.416841373000011, -8.179303132999962, 0.0 ], [ 115.416803851000054, -8.179450214999974, 0.0 ], [ 115.417073589000097, -8.179745728999933, 0.0 ], [ 115.417121730000076, -8.180028103999973, 0.0 ], [ 115.416255996000018, -8.180981696999936, 0.0 ], [ 115.415984135000031, -8.181147265999925, 0.0 ], [ 115.415303432000087, -8.182094442999926, 0.0 ], [ 115.41465749300005, -8.183515113999931, 0.0 ], [ 115.415123330000029, -8.184044509999978, 0.0 ], [ 115.415196388000027, -8.184253370999954, 0.0 ], [ 115.41522528500002, -8.185157094999965, 0.0 ], [ 115.41548965100003, -8.185167080999975, 0.0 ], [ 115.417490137000073, -8.185711563999973, 0.0 ], [ 115.420055612000056, -8.185860207999951, 0.0 ], [ 115.421179647000031, -8.185825005999959, 0.0 ], [ 115.421408986000074, -8.185677404999979, 0.0 ], [ 115.421593001000019, -8.184410944999968, 0.0 ], [ 115.421846411000047, -8.184132182999974, 0.0 ], [ 115.42222232000006, -8.18404776899996, 0.0 ], [ 115.422570196000038, -8.183263906999969, 0.0 ], [ 115.425059585000099, -8.183038499999952, 0.0 ], [ 115.42717574400001, -8.182963314999938, 0.0 ], [ 115.427555372000029, -8.183014358999969, 0.0 ], [ 115.428441902000031, -8.182219385999929, 0.0 ], [ 115.428700684000091, -8.182171315999938, 0.0 ], [ 115.429328062000081, -8.182333253999957, 0.0 ], [ 115.430016145000081, -8.182716270999947, 0.0 ], [ 115.430115664000027, -8.182459006999977, 0.0 ], [ 115.431534967000061, -8.181642489999945, 0.0 ], [ 115.43183040100007, -8.181668173999981, 0.0 ], [ 115.43229760600002, -8.18185402499995, 0.0 ], [ 115.432507084, -8.181818029999931, 0.0 ], [ 115.43317933600008, -8.181526179999935, 0.0 ], [ 115.433426427000086, -8.181318561999944, 0.0 ], [ 115.434079823000047, -8.181124789999956, 0.0 ], [ 115.434376135000093, -8.180646922999927, 0.0 ], [ 115.43428214100004, -8.180561245999968, 0.0 ], [ 115.434694093000076, -8.180326084999933, 0.0 ], [ 115.435061489000077, -8.180349031999981, 0.0 ], [ 115.436442478000117, -8.181021407999935, 0.0 ], [ 115.43706975300006, -8.180916412999977, 0.0 ], [ 115.437589930000058, -8.180552526999975, 0.0 ], [ 115.437798472000054, -8.180201693999948, 0.0 ], [ 115.437242661000028, -8.179599088999964, 0.0 ], [ 115.438139203000105, -8.179430375999971, 0.0 ], [ 115.439218680000067, -8.178516340999977, 0.0 ], [ 115.44175934000009, -8.177340125999933, 0.0 ], [ 115.442032620000077, -8.176231675999929, 0.0 ], [ 115.441306410000038, -8.175234149999937, 0.0 ], [ 115.441810835000069, -8.173973556999954, 0.0 ], [ 115.442930194000041, -8.172677071999942, 0.0 ], [ 115.444507824000084, -8.172109260999946, 0.0 ], [ 115.445855643000073, -8.171349266999925, 0.0 ], [ 115.448970539000015, -8.170710822999979, 0.0 ], [ 115.450010213000041, -8.170140924999941, 0.0 ], [ 115.45120506, -8.169189028999938, 0.0 ], [ 115.451506360000053, -8.16851390599993, 0.0 ], [ 115.452862665000112, -8.167443060999972, 0.0 ], [ 115.454015781000066, -8.167707682999946, 0.0 ], [ 115.455171302000053, -8.166985175999969, 0.0 ], [ 115.4571863970001, -8.166599266999981, 0.0 ], [ 115.45693703500001, -8.166128574999959, 0.0 ], [ 115.45671574500011, -8.165429013999926, 0.0 ], [ 115.456512301000089, -8.165136339999947, 0.0 ], [ 115.454317249000042, -8.16298411799994, 0.0 ], [ 115.453646241000115, -8.162480861999938, 0.0 ], [ 115.452382747000115, -8.162070404999952, 0.0 ], [ 115.450623135000114, -8.161242351999931, 0.0 ], [ 115.448688634000064, -8.160721249999938, 0.0 ], [ 115.446857638000097, -8.160089502999938, 0.0 ], [ 115.44388450200006, -8.158793886999945, 0.0 ], [ 115.443199217000029, -8.158204969999929, 0.0 ], [ 115.442760206000116, -8.157962264999981, 0.0 ], [ 115.441332530000068, -8.157469716999969, 0.0 ], [ 115.440547308000077, -8.15743759399993, 0.0 ], [ 115.439733532000105, -8.157255564999957, 0.0 ], [ 115.438141673000018, -8.156441789999974, 0.0 ], [ 115.436235724000085, -8.155603029999952, 0.0 ], [ 115.43611080300002, -8.155656566999937, 0.0 ], [ 115.435832406000031, -8.155553060999978, 0.0 ], [ 115.435501651000095, -8.15562198799995, 0.0 ], [ 115.434689660000117, -8.155503014999965, 0.0 ], [ 115.433089473000109, -8.154780253999945, 0.0 ], [ 115.432036561000018, -8.154438205999952, 0.0 ], [ 115.430409605000023, -8.154134824999971, 0.0 ], [ 115.42971658700003, -8.153864160999944, 0.0 ], [ 115.429318027000022, -8.153792776999978, 0.0 ], [ 115.42839962100004, -8.153377525999929, 0.0 ], [ 115.427274665000027, -8.153070015999958, 0.0 ], [ 115.426406161000045, -8.153093810999962, 0.0 ], [ 115.426186061000067, -8.152995657999952, 0.0 ], [ 115.425055817000043, -8.153075964999971, 0.0 ], [ 115.424225980000074, -8.152939145999937, 0.0 ], [ 115.423619218000113, -8.15267443099998, 0.0 ], [ 115.423097530000064, -8.152687, 0.0 ], [ 115.422413471000027, -8.152525228999934, 0.0 ], [ 115.421663464000062, -8.152093117999925, 0.0 ], [ 115.421143790000087, -8.151908471999946, 0.0 ], [ 115.420772194000051, -8.151856382999938, 0.0 ], [ 115.419266871000104, -8.151942736999956, 0.0 ], [ 115.418649972000026, -8.151843750999944, 0.0 ], [ 115.418404412000086, -8.151967482999964, 0.0 ], [ 115.417856184000016, -8.15203601099995, 0.0 ], [ 115.417570649000027, -8.151895146999948, 0.0 ], [ 115.417418363000024, -8.152041721999979, 0.0 ], [ 115.416755921000117, -8.152009360999955, 0.0 ], [ 115.416371400000116, -8.152155935999929, 0.0 ], [ 115.415278752000063, -8.151931314999956, 0.0 ], [ 115.415153116000056, -8.151729536999937, 0.0 ], [ 115.414471931000094, -8.15145425299994, 0.0 ], [ 115.4139508290001, -8.151023570999939, 0.0 ], [ 115.413384518000043, -8.150759449999953, 0.0 ], [ 115.412858684000071, -8.150292153999942, 0.0 ], [ 115.412179321000053, -8.149472161999938, 0.0 ], [ 115.411461913000039, -8.148048054999947, 0.0 ], [ 115.41101581700002, -8.147879298999953, 0.0 ], [ 115.410437608000052, -8.147447426999975, 0.0 ], [ 115.409873676000075, -8.146890632999941, 0.0 ], [ 115.408801676000053, -8.146104034999951, 0.0 ], [ 115.408074750000083, -8.145674541999938, 0.0 ], [ 115.406283076000022, -8.144288743999937, 0.0 ], [ 115.404220077000105, -8.143014490999974, 0.0 ], [ 115.404048755000076, -8.142832461999944, 0.0 ], [ 115.402742431000092, -8.142518372999973, 0.0 ], [ 115.401455691000024, -8.142012983999962, 0.0 ], [ 115.399797044000024, -8.140874741999937, 0.0 ], [ 115.398817619000056, -8.14044016899993, 0.0 ], [ 115.398121063000076, -8.139826862999939, 0.0 ], [ 115.397777217000112, -8.139690911999935, 0.0 ], [ 115.396920611000041, -8.13911793699998, 0.0 ], [ 115.395548137000105, -8.138824787999965, 0.0 ], [ 115.394583259000115, -8.138271035999935, 0.0 ], [ 115.393908682000074, -8.137710672999958, 0.0 ], [ 115.392645188000074, -8.13728236999998, 0.0 ], [ 115.391042621000111, -8.136554253999975, 0.0 ], [ 115.390174363000028, -8.13631017299997, 0.0 ], [ 115.389180700000111, -8.135855219999939, 0.0 ], [ 115.388445922000074, -8.135857123999926, 0.0 ], [ 115.3876252660001, -8.135697773999937, 0.0 ], [ 115.386332961000107, -8.135192778999965, 0.0 ], [ 115.383883068000046, -8.134728307999978, 0.0 ], [ 115.383232047000092, -8.134739728999932, 0.0 ], [ 115.383041690000027, -8.134633128999951, 0.0 ], [ 115.382769480000093, -8.134669296999959, 0.0 ], [ 115.381705385000032, -8.13452652899997, 0.0 ], [ 115.380104484000071, -8.134813967999946, 0.0 ], [ 115.378710660000024, -8.134676165999963, 0.0 ], [ 115.378291875000059, -8.134466772999929, 0.0 ], [ 115.377582255000107, -8.133852665999939, 0.0 ], [ 115.377114834000054, -8.133251375999976, 0.0 ], [ 115.376617869000029, -8.132901193999942, 0.0 ], [ 115.375978984000085, -8.132265877999941, 0.0 ], [ 115.374908218000087, -8.131759269999975, 0.0 ], [ 115.374145266000028, -8.131441081999981, 0.0 ], [ 115.372892718000116, -8.131397299999946, 0.0 ], [ 115.371474559000035, -8.131591463999939, 0.0 ], [ 115.371093846, -8.131562910999946, 0.0 ], [ 115.370258179000075, -8.131153642999948, 0.0 ], [ 115.369789901000104, -8.13102800799993, 0.0 ], [ 115.368723902000056, -8.130258965999928, 0.0 ], [ 115.367793057000085, -8.129716448999943, 0.0 ], [ 115.367370465000022, -8.129663148999953, 0.0 ], [ 115.366275913000095, -8.129210099999966, 0.0 ], [ 115.365423114, -8.129109210999957, 0.0 ], [ 115.364448487000118, -8.12911872799998, 0.0 ], [ 115.363511931000062, -8.128956924999954, 0.0 ], [ 115.363142639000102, -8.128993092999963, 0.0 ], [ 115.362967941000079, -8.129086527999959, 0.0 ], [ 115.362841875000072, -8.129044488999966, 0.0 ], [ 115.362685782000085, -8.129132052999978, 0.0 ], [ 115.362067122000099, -8.129000706999932, 0.0 ], [ 115.35980194900003, -8.129057526999929, 0.0 ], [ 115.358528618000037, -8.12853556999994, 0.0 ], [ 115.357563476000109, -8.128369432999932, 0.0 ], [ 115.356437526000036, -8.127640489999976, 0.0 ], [ 115.355036258000041, -8.127049685999964, 0.0 ], [ 115.353602724000098, -8.125968124999929, 0.0 ], [ 115.35066017500003, -8.122668564999969, 0.0 ], [ 115.349893239000039, -8.122039531999974, 0.0 ], [ 115.349762642000087, -8.121809103999965, 0.0 ], [ 115.349154134000059, -8.121555353999952, 0.0 ], [ 115.348366533000103, -8.121024733999946, 0.0 ], [ 115.348136861000057, -8.120974505999925, 0.0 ], [ 115.347700284000098, -8.120520287999966, 0.0 ], [ 115.347062397000059, -8.120139276999964, 0.0 ], [ 115.345908442000109, -8.119258223999964, 0.0 ], [ 115.345349376000058, -8.119097370999953, 0.0 ], [ 115.34482351500003, -8.118797558999972, 0.0 ], [ 115.343912857000078, -8.117746195999928, 0.0 ], [ 115.342792645000031, -8.115590044999976, 0.0 ], [ 115.342748625000013, -8.115342580999936, 0.0 ], [ 115.342590391000044, -8.115224797999929, 0.0 ], [ 115.342273923000107, -8.114562117999981, 0.0 ], [ 115.339566900000023, -8.11202388199996, 0.0 ], [ 115.339005797000027, -8.111743846999957, 0.0 ], [ 115.33699243600006, -8.111271813999963, 0.0 ], [ 115.336057960000062, -8.111168881999959, 0.0 ], [ 115.335087994000105, -8.111179774999925, 0.0 ], [ 115.333614693000072, -8.111368339999956, 0.0 ], [ 115.331692401000055, -8.111900347999949, 0.0 ], [ 115.330854088000024, -8.112326652999968, 0.0 ], [ 115.32935671700011, -8.112439620999965, 0.0 ], [ 115.328940247000105, -8.112722620999932, 0.0 ], [ 115.327857899000037, -8.112696223999933, 0.0 ], [ 115.327128654000035, -8.112841767999953, 0.0 ], [ 115.325561172000107, -8.112879839999948, 0.0 ], [ 115.322546823000039, -8.112646849999976, 0.0 ], [ 115.321500146000062, -8.112243435999972, 0.0 ], [ 115.320324692000099, -8.111324963999948, 0.0 ], [ 115.319771705000107, -8.110645389999945, 0.0 ], [ 115.318835148000062, -8.110092159999965, 0.0 ], [ 115.317882224000073, -8.109749151999949, 0.0 ], [ 115.3164004140001, -8.109370732999935, 0.0 ], [ 115.314220233000015, -8.109370732999935, 0.0 ], [ 115.313645593000047, -8.109070920999955, 0.0 ], [ 115.313158398000041, -8.10892993799996, 0.0 ], [ 115.312832848000085, -8.108673521999947, 0.0 ], [ 115.3122974690001, -8.108009651999964, 0.0 ], [ 115.311961965000023, -8.10778122399995, 0.0 ], [ 115.311440079000022, -8.107682457999942, 0.0 ], [ 115.310798409000085, -8.107374335999964, 0.0 ], [ 115.310591396000063, -8.107324366999933, 0.0 ], [ 115.310297374000015, -8.107386897999959, 0.0 ], [ 115.309961156000099, -8.107275300999959, 0.0 ], [ 115.309572114000048, -8.107068287999937, 0.0 ], [ 115.308983197000089, -8.106593584999928, 0.0 ], [ 115.308108746000016, -8.106133159999956, 0.0 ], [ 115.307523398000058, -8.105940422999936, 0.0 ], [ 115.305535358000043, -8.105779809999945, 0.0 ], [ 115.30460023, -8.105933284999935, 0.0 ], [ 115.303597287000116, -8.105779809999945, 0.0 ], [ 115.301801984, -8.105933284999935, 0.0 ], [ 115.300759780000021, -8.105754824999963, 0.0 ], [ 115.298607558000072, -8.105048124999939, 0.0 ], [ 115.296980006000013, -8.104641236999953, 0.0 ], [ 115.296669487000031, -8.104605545999959, 0.0 ], [ 115.296576688000073, -8.104680498999926, 0.0 ], [ 115.296369675000051, -8.104598406999969, 0.0 ], [ 115.296119831000055, -8.104666221999935, 0.0 ], [ 115.296013945000027, -8.104787573999943, 0.0 ], [ 115.295790276000048, -8.104718569999932, 0.0 ], [ 115.29521206700008, -8.104816127999925, 0.0 ], [ 115.294995536000101, -8.104730466999968, 0.0 ], [ 115.294403050000028, -8.104725707999933, 0.0 ], [ 115.293977127000062, -8.104571042999964, 0.0 ], [ 115.29377011400004, -8.104621011999939, 0.0 ], [ 115.291309845000114, -8.10350666599993, 0.0 ], [ 115.290021367, -8.103110485999935, 0.0 ], [ 115.289336082000091, -8.102696459999947, 0.0 ], [ 115.287847729000077, -8.101579302999937, 0.0 ], [ 115.287526502000105, -8.101126015999967, 0.0 ], [ 115.286619927000061, -8.100765526999965, 0.0 ], [ 115.285802582000088, -8.10019088699994, 0.0 ], [ 115.285003083000106, -8.099983873999975, 0.0 ], [ 115.284221430000116, -8.09944849599998, 0.0 ], [ 115.283782574000043, -8.098978540999951, 0.0 ], [ 115.282933737, -8.098619847999942, 0.0 ], [ 115.279775003000054, -8.09818857099998, 0.0 ], [ 115.279587620000029, -8.098042828999951, 0.0 ], [ 115.279349674000059, -8.098030931999972, 0.0 ], [ 115.278460351000035, -8.097519347999935, 0.0 ], [ 115.277330107000012, -8.096683561999953, 0.0 ], [ 115.276262324000072, -8.096478332999936, 0.0 ], [ 115.275726945000088, -8.096213617999979, 0.0 ], [ 115.273517021000089, -8.094803787999979, 0.0 ], [ 115.273387040000102, -8.094574345999945, 0.0 ], [ 115.272342019, -8.093449128999964, 0.0 ], [ 115.272099314000116, -8.093556203999981, 0.0 ], [ 115.271203447000062, -8.093095778999952, 0.0 ], [ 115.270501054000079, -8.092447525999944, 0.0 ], [ 115.26985146100003, -8.09158378199993, 0.0 ], [ 115.269618274000095, -8.091600437999944, 0.0 ], [ 115.269451711000102, -8.091436254999962, 0.0 ], [ 115.269356533000064, -8.091186411999956, 0.0 ], [ 115.268932989000064, -8.091195929999969, 0.0 ], [ 115.26888064100001, -8.09102460899993, 0.0 ], [ 115.268780703000061, -8.091031746999931, 0.0 ], [ 115.268540378000012, -8.09084138999998, 0.0 ], [ 115.268414266000036, -8.090579648999949, 0.0 ], [ 115.268380954, -8.09023224799995, 0.0 ], [ 115.268107316000055, -8.090160863999927, 0.0 ], [ 115.267721843000118, -8.089922917999957, 0.0 ], [ 115.267586214000062, -8.09008948099995, 0.0 ], [ 115.267248331000019, -8.089960989999952, 0.0 ], [ 115.266960416000074, -8.089980024999932, 0.0 ], [ 115.266698675000043, -8.089725422999948, 0.0 ], [ 115.266489282000066, -8.089639761999933, 0.0 ], [ 115.266429796000011, -8.089470820999964, 0.0 ], [ 115.265911073000098, -8.089044896999951, 0.0 ], [ 115.26551608300008, -8.088959236999926, 0.0 ], [ 115.265313829000092, -8.088726048999945, 0.0 ], [ 115.265004499000042, -8.088692736999974, 0.0 ], [ 115.26479034700003, -8.08827871099993, 0.0 ], [ 115.264507191, -8.088212085999942, 0.0 ], [ 115.264202620000106, -8.087895616999958, 0.0 ], [ 115.263381706000018, -8.087869442999931, 0.0 ], [ 115.262811819000035, -8.087413037999966, 0.0 ], [ 115.262351400000057, -8.087229367999953, 0.0 ], [ 115.262253842000064, -8.087055667999948, 0.0 ], [ 115.261846954000021, -8.087048528999958, 0.0 ], [ 115.261175946000094, -8.086798685999952, 0.0 ], [ 115.260133742000107, -8.086660676999941, 0.0 ], [ 115.259874714000034, -8.08651193399993, 0.0 ], [ 115.25970101300004, -8.086599973999967, 0.0 ], [ 115.259627250000108, -8.086533348999978, 0.0 ], [ 115.258920550000084, -8.086523830999965, 0.0 ], [ 115.25879919700003, -8.086450067999976, 0.0 ], [ 115.258532698000067, -8.08651193399993, 0.0 ], [ 115.258351859000072, -8.086433411999963, 0.0 ], [ 115.258109154000067, -8.086599973999967, 0.0 ], [ 115.257745096, -8.086571420999974, 0.0 ], [ 115.25759756900004, -8.086699910999926, 0.0 ], [ 115.256169893000106, -8.086680875999946, 0.0 ], [ 115.255729693000035, -8.086578558999975, 0.0 ], [ 115.255646411000043, -8.086357268999961, 0.0 ], [ 115.255382291000046, -8.086188326999945, 0.0 ], [ 115.255130068000085, -8.086133599999926, 0.0 ], [ 115.255003957000099, -8.086297782999964, 0.0 ], [ 115.254756493000059, -8.08607649299995, 0.0 ], [ 115.254520926000055, -8.086224018999928, 0.0 ], [ 115.254342467000015, -8.086071733999972, 0.0 ], [ 115.254192561000082, -8.086145496999961, 0.0 ], [ 115.254075967000063, -8.086074112999938, 0.0 ], [ 115.254006963000052, -8.085886135999942, 0.0 ], [ 115.253597696000043, -8.08568768899994, 0.0 ], [ 115.253131321000069, -8.086020812999948, 0.0 ], [ 115.2529695180001, -8.086020812999948, 0.0 ], [ 115.251770269000076, -8.085478295999962, 0.0 ], [ 115.249376532000042, -8.085078546999966, 0.0 ], [ 115.248520349000046, -8.084685323999963, 0.0 ], [ 115.24821458800011, -8.084720301999937, 0.0 ], [ 115.247808890000101, -8.084514478999949, 0.0 ], [ 115.246710768000071, -8.084228942999971, 0.0 ], [ 115.246526767000091, -8.08408538499998, 0.0 ], [ 115.246076642000048, -8.084069518999968, 0.0 ], [ 115.24368766300006, -8.083171272999948, 0.0 ], [ 115.243191546000048, -8.08318911899994, 0.0 ], [ 115.242415841000025, -8.083358060999956, 0.0 ], [ 115.241675829000087, -8.083340214999964, 0.0 ], [ 115.241071446000092, -8.083542468999951, 0.0 ], [ 115.239901148000058, -8.083729890999962, 0.0 ], [ 115.237117178000062, -8.083567135999942, 0.0 ], [ 115.236132081000051, -8.08335298399993, 0.0 ], [ 115.235186959000089, -8.083313008999937, 0.0 ], [ 115.234813570000028, -8.083127113999979, 0.0 ], [ 115.23366029500005, -8.082891686999972, 0.0 ], [ 115.232221318000029, -8.082337073999952, 0.0 ], [ 115.231400404000055, -8.081865939999943, 0.0 ], [ 115.231054785000083, -8.081499701999974, 0.0 ], [ 115.230216025000118, -8.081096382999931, 0.0 ], [ 115.229905506000023, -8.080832262999934, 0.0 ], [ 115.229662801000018, -8.080828693999933, 0.0 ], [ 115.229485176000026, -8.080986253999981, 0.0 ], [ 115.229249609000021, -8.081017186999929, 0.0 ], [ 115.227846917000079, -8.080628144999935, 0.0 ], [ 115.22675391000007, -8.080478912999979, 0.0 ], [ 115.224725998000054, -8.079973073999952, 0.0 ], [ 115.224342456000045, -8.079959294999981, 0.0 ], [ 115.224176953000097, -8.079836458999978, 0.0 ], [ 115.223343792000037, -8.079632759999981, 0.0 ], [ 115.22291089700002, -8.07942247699998, 0.0 ], [ 115.222413247000077, -8.07939235799995, 0.0 ], [ 115.222049715000026, -8.079129758999954, 0.0 ], [ 115.220525670000029, -8.078547980999929, 0.0 ], [ 115.219062302000111, -8.077873402999955, 0.0 ], [ 115.218812459000105, -8.077880541999946, 0.0 ], [ 115.217206322000038, -8.07729519399993, 0.0 ], [ 115.216895803000057, -8.077248794999946, 0.0 ], [ 115.216595991000077, -8.077088180999965, 0.0 ], [ 115.21644608500003, -8.077077473999964, 0.0 ], [ 115.216224795000016, -8.077245225999945, 0.0 ], [ 115.215935690000038, -8.077252363999946, 0.0 ], [ 115.214143956000044, -8.076617047999946, 0.0 ], [ 115.213537193000093, -8.076156621999928, 0.0 ], [ 115.21216662400002, -8.075603397999942, 0.0 ], [ 115.211370694000038, -8.075075156999958, 0.0 ], [ 115.208517571000016, -8.074530408999976, 0.0 ], [ 115.208182417000103, -8.074588060999929, 0.0 ], [ 115.207651321000071, -8.074437678999971, 0.0 ], [ 115.20739053200009, -8.074447196999927, 0.0 ], [ 115.207021240000017, -8.074256839999975, 0.0 ], [ 115.206446600000049, -8.074146908999978, 0.0 ], [ 115.206288842000049, -8.074196877999952, 0.0 ], [ 115.206151071000022, -8.074045543999944, 0.0 ], [ 115.20583410800009, -8.074003526999945, 0.0 ], [ 115.204289774000017, -8.073449540999945, 0.0 ], [ 115.203278773000079, -8.072972228999959, 0.0 ], [ 115.200141397000039, -8.071171646999971, 0.0 ], [ 115.197024043000056, -8.069128269999965, 0.0 ], [ 115.194874714000093, -8.067599193999968, 0.0 ], [ 115.193854418000114, -8.067054905999953, 0.0 ], [ 115.193810160000112, -8.066969244999939, 0.0 ], [ 115.193467518000034, -8.066867879999961, 0.0 ], [ 115.19322338500001, -8.066618036999955, 0.0 ], [ 115.192893592000019, -8.066502394999929, 0.0 ], [ 115.192785088000051, -8.066326790999938, 0.0 ], [ 115.192603773000087, -8.066338211999948, 0.0 ], [ 115.192439591000038, -8.066171173999976, 0.0 ], [ 115.192345364000062, -8.065895632999968, 0.0 ], [ 115.192069822, -8.065841380999927, 0.0 ], [ 115.192007004000061, -8.065691474999937, 0.0 ], [ 115.191667217000031, -8.065518725999937, 0.0 ], [ 115.191584412000111, -8.065378813999928, 0.0 ], [ 115.191218927000023, -8.065220340999929, 0.0 ], [ 115.19091483200009, -8.064901969999937, 0.0 ], [ 115.190830599000037, -8.064673540999934, 0.0 ], [ 115.190595032000033, -8.06447652199995, 0.0 ], [ 115.189924024000106, -8.064219539999954, 0.0 ], [ 115.189738426000076, -8.063854054999979, 0.0 ], [ 115.18903458200009, -8.06353282799995, 0.0 ], [ 115.188619128000028, -8.063084536999952, 0.0 ], [ 115.186707469000112, -8.062240779999968, 0.0 ], [ 115.186446204000049, -8.061998074999963, 0.0 ], [ 115.186060946000111, -8.061958568999955, 0.0 ], [ 115.186007646, -8.061863628999959, 0.0 ], [ 115.185631692000015, -8.061790221999956, 0.0 ], [ 115.18534877400009, -8.061845782999967, 0.0 ], [ 115.185131648000038, -8.061622707999959, 0.0 ], [ 115.184858010000085, -8.061723834999952, 0.0 ], [ 115.184072788000094, -8.061637579999967, 0.0 ], [ 115.183758312, -8.061683488999961, 0.0 ] ] ] ] } },
{ "type": "Feature", "properties": { "OBJECTID": 1083, "NAMOBJ": "Tabanan", "FCODE": "BA03050040", "REMARK": " ", "METADATA": "TASWIL5000020230907KABKOTA", "SRS_ID": "4326", "KDBBPS": " ", "KDCBPS": " ", "KDCPUM": " ", "KDEBPS": " ", "KDEPUM": null, "KDPBPS": " ", "KDPKAB": "51.02", "KDPPUM": "51", "LUASWH": 849.31404657999997, "TIPADM": 4, "WADMKC": " ", "WADMKD": " ", "WADMKK": "Tabanan", "WADMPR": "Bali", "WIADKC": " ", "WIADKK": " ", "WIADPR": " ", "WIADKD": 0, "SHAPE_Length": 1.4993967853305947, "SHAPE_Area": 0.06973270166277025 }, "geometry": { "type": "MultiPolygon", "coordinates": [ [ [ [ 115.189481780000051, -8.255784142999971, 0.0 ], [ 115.188351240000088, -8.251875870999982, 0.0 ], [ 115.187483633000056, -8.249980940999933, 0.0 ], [ 115.18464490000008, -8.246780786999977, 0.0 ], [ 115.184230564000018, -8.24616238599998, 0.0 ], [ 115.183928194000032, -8.245345153999949, 0.0 ], [ 115.183797407000043, -8.245257536999929, 0.0 ], [ 115.182847170000059, -8.245068301999936, 0.0 ], [ 115.180219634000082, -8.243511688999945, 0.0 ], [ 115.179466776000027, -8.243192804999978, 0.0 ], [ 115.179149851000034, -8.243169609999939, 0.0 ], [ 115.178317086000106, -8.243590074999929, 0.0 ], [ 115.176781438000035, -8.244714418999934, 0.0 ], [ 115.175569324000094, -8.245288827999957, 0.0 ], [ 115.174527997000041, -8.245893261999981, 0.0 ], [ 115.174012398000059, -8.246282525999959, 0.0 ], [ 115.171890136000115, -8.248970618999977, 0.0 ], [ 115.171340785000098, -8.249566406999975, 0.0 ], [ 115.169959816000073, -8.25237468499995, 0.0 ], [ 115.169442650000065, -8.253101152999932, 0.0 ], [ 115.168849660000092, -8.253674978999982, 0.0 ], [ 115.168399535000049, -8.254314669999928, 0.0 ], [ 115.167419101000064, -8.255417167999951, 0.0 ], [ 115.16626954100002, -8.255167177999965, 0.0 ], [ 115.164243351000096, -8.256028544999936, 0.0 ], [ 115.162765197000112, -8.256525820999968, 0.0 ], [ 115.161441939000042, -8.256870392999929, 0.0 ], [ 115.160370219000015, -8.257599636999942, 0.0 ], [ 115.159553129000074, -8.258045146999962, 0.0 ], [ 115.158214298000075, -8.25913996099996, 0.0 ], [ 115.154383338000116, -8.260696165999946, 0.0 ], [ 115.152118218000055, -8.260955206999938, 0.0 ], [ 115.150511885000014, -8.261637691999965, 0.0 ], [ 115.150020678000033, -8.261923263999961, 0.0 ], [ 115.14952009700005, -8.262416818999952, 0.0 ], [ 115.1479679360001, -8.265417189999937, 0.0 ], [ 115.147213788000045, -8.266401782999935, 0.0 ], [ 115.14667002300007, -8.266862793999962, 0.0 ], [ 115.145311892000109, -8.26774043599994, 0.0 ], [ 115.142774588000066, -8.269199562999972, 0.0 ], [ 115.140451705000032, -8.270058644999949, 0.0 ], [ 115.13883364000003, -8.270776015999957, 0.0 ], [ 115.138369355, -8.271402099999932, 0.0 ], [ 115.136318081000013, -8.276043003999973, 0.0 ], [ 115.1353202680001, -8.278755636999961, 0.0 ], [ 115.134395900000072, -8.281687155999975, 0.0 ], [ 115.132759123000028, -8.285895297999957, 0.0 ], [ 115.131375469000091, -8.288969247999944, 0.0 ], [ 115.129677407000031, -8.29191168899996, 0.0 ], [ 115.12882313800003, -8.293824668999946, 0.0 ], [ 115.12857551500008, -8.294838359999972, 0.0 ], [ 115.127925883000103, -8.298615119999965, 0.0 ], [ 115.127530954, -8.299966400999949, 0.0 ], [ 115.127182987000083, -8.301656184999956, 0.0 ], [ 115.126770236000084, -8.303998303999947, 0.0 ], [ 115.126576655, -8.306413705999944, 0.0 ], [ 115.12594884400005, -8.30822298399994, 0.0 ], [ 115.12580240200009, -8.308379355999932, 0.0 ], [ 115.125086230000079, -8.308339736999926, 0.0 ], [ 115.124255249000043, -8.308030810999981, 0.0 ], [ 115.122483983000052, -8.307732499999929, 0.0 ], [ 115.120932073000063, -8.30726607899993, 0.0 ], [ 115.11961119700004, -8.306728251999971, 0.0 ], [ 115.118811826000069, -8.306313703999933, 0.0 ], [ 115.118044174000033, -8.306097660999967, 0.0 ], [ 115.117122996000035, -8.30535879599995, 0.0 ], [ 115.116087569000115, -8.304108919999976, 0.0 ], [ 115.114260668000043, -8.30332195799997, 0.0 ], [ 115.113892598, -8.303026627999941, 0.0 ], [ 115.113432975000023, -8.301938274999941, 0.0 ], [ 115.113259268000093, -8.301761573999954, 0.0 ], [ 115.112962622000055, -8.30158824199998, 0.0 ], [ 115.111093766000067, -8.301077542999963, 0.0 ], [ 115.110762418000036, -8.300865052999939, 0.0 ], [ 115.110058113000036, -8.300111018999928, 0.0 ], [ 115.109652874000062, -8.299304738999979, 0.0 ], [ 115.109436739000103, -8.299103181999953, 0.0 ], [ 115.108708662000026, -8.298742872999981, 0.0 ], [ 115.107287855000095, -8.298339158999966, 0.0 ], [ 115.105922689000067, -8.29827288499996, 0.0 ], [ 115.105421504000105, -8.298353160999966, 0.0 ], [ 115.104793735000044, -8.298723950999943, 0.0 ], [ 115.104167033000067, -8.299394334999931, 0.0 ], [ 115.103701685000033, -8.300340057999961, 0.0 ], [ 115.103436241000054, -8.301129470999967, 0.0 ], [ 115.102811713000051, -8.303861450999932, 0.0 ], [ 115.102883662000067, -8.305690678999952, 0.0 ], [ 115.103066188000071, -8.306562450999934, 0.0 ], [ 115.102946419000091, -8.307732569999928, 0.0 ], [ 115.10239548100003, -8.308506247999958, 0.0 ], [ 115.101716638000084, -8.30832507599996, 0.0 ], [ 115.100553741000112, -8.307766217999927, 0.0 ], [ 115.09924388200011, -8.307470247999959, 0.0 ], [ 115.097059224000077, -8.307302750999952, 0.0 ], [ 115.095589210000071, -8.307489020999981, 0.0 ], [ 115.094907261000117, -8.307908604999966, 0.0 ], [ 115.09310637100009, -8.309609690999935, 0.0 ], [ 115.092033562000097, -8.31051064899998, 0.0 ], [ 115.09122972800003, -8.311026288999926, 0.0 ], [ 115.090426475000072, -8.311421117999942, 0.0 ], [ 115.088712277000013, -8.311884056999929, 0.0 ], [ 115.086893565000082, -8.312608126999976, 0.0 ], [ 115.08605353900009, -8.312777346999951, 0.0 ], [ 115.085277763000022, -8.312757861999955, 0.0 ], [ 115.084689311000034, -8.313301661999958, 0.0 ], [ 115.083630912000103, -8.313271873999952, 0.0 ], [ 115.082041238000102, -8.314033704999929, 0.0 ], [ 115.081659029000093, -8.31405419999993, 0.0 ], [ 115.080940559000055, -8.313863621999928, 0.0 ], [ 115.080725465000114, -8.313881396999932, 0.0 ], [ 115.080219596, -8.314163261999965, 0.0 ], [ 115.080049754000015, -8.314161266999974, 0.0 ], [ 115.079615290000106, -8.313742002999959, 0.0 ], [ 115.079075303000081, -8.313678570999969, 0.0 ], [ 115.078371198000013, -8.313725940999973, 0.0 ], [ 115.077602389000049, -8.313975711999944, 0.0 ], [ 115.074582590000091, -8.31462040699995, 0.0 ], [ 115.073405001000083, -8.314458076999927, 0.0 ], [ 115.072744459000091, -8.314567718999967, 0.0 ], [ 115.072175797000114, -8.31478560499994, 0.0 ], [ 115.071849897000106, -8.314558075999969, 0.0 ], [ 115.071263686000066, -8.314459141999976, 0.0 ], [ 115.070720508000022, -8.314772271999971, 0.0 ], [ 115.070205563000059, -8.314731730999938, 0.0 ], [ 115.068972995000081, -8.315383187999942, 0.0 ], [ 115.065970939000067, -8.314211759999978, 0.0 ], [ 115.061488200000099, -8.31285399099994, 0.0 ], [ 115.060300920000032, -8.312402888999941, 0.0 ], [ 115.05911621100006, -8.311430143999928, 0.0 ], [ 115.057953944000019, -8.311403458999962, 0.0 ], [ 115.057230587000049, -8.311593814999981, 0.0 ], [ 115.05635836700003, -8.311158708999926, 0.0 ], [ 115.055051463000041, -8.310343475999957, 0.0 ], [ 115.054107017000092, -8.310058237999954, 0.0 ], [ 115.054107668000029, -8.309926184999938, 0.0 ], [ 115.053144676000102, -8.31003702299995, 0.0 ], [ 115.05224863, -8.310032636999949, 0.0 ], [ 115.049646068000015, -8.30949166299996, 0.0 ], [ 115.048354068000094, -8.309023131999936, 0.0 ], [ 115.047275081000066, -8.307897642999933, 0.0 ], [ 115.04624934800006, -8.307933713999944, 0.0 ], [ 115.045842237000102, -8.307662902999937, 0.0 ], [ 115.043932251000115, -8.307154221999951, 0.0 ], [ 115.043622028000073, -8.306927881999968, 0.0 ], [ 115.042935988000067, -8.306175201999963, 0.0 ], [ 115.042178794000051, -8.305788339999935, 0.0 ], [ 115.041664339000022, -8.305302142999949, 0.0 ], [ 115.041345444000058, -8.304855762999978, 0.0 ], [ 115.04065773100001, -8.304677990999949, 0.0 ], [ 115.040341505000015, -8.304345296999941, 0.0 ], [ 115.038212571000031, -8.303804308999929, 0.0 ], [ 115.037909022, -8.30365926199994, 0.0 ], [ 115.036886591000098, -8.302678294999964, 0.0 ], [ 115.036634204000052, -8.302529720999928, 0.0 ], [ 115.036065460000032, -8.30246686199996, 0.0 ], [ 115.035145129000057, -8.301959545999978, 0.0 ], [ 115.034886895000113, -8.302032636999968, 0.0 ], [ 115.034476896000115, -8.301918305999948, 0.0 ], [ 115.03361321400007, -8.301908681999976, 0.0 ], [ 115.033185690000096, -8.301604597999926, 0.0 ], [ 115.032905206, -8.301578197999959, 0.0 ], [ 115.032547471000044, -8.301735070999939, 0.0 ], [ 115.032158498000058, -8.302084209999975, 0.0 ], [ 115.031805220000024, -8.303142665999928, 0.0 ], [ 115.031606017000058, -8.304212544999928, 0.0 ], [ 115.031914910000069, -8.307319100999962, 0.0 ], [ 115.030304253000054, -8.307895145999964, 0.0 ], [ 115.028532408000046, -8.309733320999953, 0.0 ], [ 115.02670794900007, -8.310867020999979, 0.0 ], [ 115.026468666000028, -8.310658518999958, 0.0 ], [ 115.026396642, -8.310301614999958, 0.0 ], [ 115.026308260000064, -8.310215845999949, 0.0 ], [ 115.025686893000056, -8.310267735999957, 0.0 ], [ 115.025628968000092, -8.309708870999941, 0.0 ], [ 115.02550588500003, -8.309541819999936, 0.0 ], [ 115.025119639000081, -8.309296394999933, 0.0 ], [ 115.024680397000111, -8.309379183999965, 0.0 ], [ 115.024259932000064, -8.309224795999967, 0.0 ], [ 115.023291799000049, -8.309184323999943, 0.0 ], [ 115.022214080000026, -8.309477357999981, 0.0 ], [ 115.02199022800005, -8.309384152999939, 0.0 ], [ 115.019916724000041, -8.30788115699994, 0.0 ], [ 115.019100558000105, -8.308173938999971, 0.0 ], [ 115.018537424000101, -8.308031382999957, 0.0 ], [ 115.018060889000026, -8.307309906999933, 0.0 ], [ 115.016975570000113, -8.307195729999933, 0.0 ], [ 115.016012696000075, -8.308965410999974, 0.0 ], [ 115.015364078000061, -8.309989043999963, 0.0 ], [ 115.013253875000032, -8.31238424299994, 0.0 ], [ 115.01310735200002, -8.312498691999963, 0.0 ], [ 115.012897815000088, -8.312511855999958, 0.0 ], [ 115.012724607000109, -8.312473292999925, 0.0 ], [ 115.012506464000012, -8.312243612999964, 0.0 ], [ 115.012459693000096, -8.311021989999972, 0.0 ], [ 115.012180249000039, -8.31054381499996, 0.0 ], [ 115.011396728000022, -8.310248136999974, 0.0 ], [ 115.010725328000035, -8.310344963999967, 0.0 ], [ 115.009853056000111, -8.309132402999978, 0.0 ], [ 115.009529074000056, -8.308063112999946, 0.0 ], [ 115.008421889000033, -8.306961238999975, 0.0 ], [ 115.006204780000076, -8.306279676999964, 0.0 ], [ 115.005601314000046, -8.305972036999947, 0.0 ], [ 115.005039889000045, -8.305432438999958, 0.0 ], [ 115.003920484000105, -8.304766599999937, 0.0 ], [ 115.003865613000016, -8.304625939999937, 0.0 ], [ 115.003927706000013, -8.304237218999958, 0.0 ], [ 115.003709471000093, -8.303964685999972, 0.0 ], [ 115.003390996, -8.303935416999934, 0.0 ], [ 115.002910618000101, -8.30408866099998, 0.0 ], [ 115.002228458000104, -8.304472235999981, 0.0 ], [ 115.001204142, -8.304059123999934, 0.0 ], [ 115.001110404000087, -8.303951861999963, 0.0 ], [ 115.00103948800006, -8.30343819999996, 0.0 ], [ 115.000652519000027, -8.303001535999954, 0.0 ], [ 115.000335651000114, -8.302380995999954, 0.0 ], [ 114.999458882000113, -8.301731237999945, 0.0 ], [ 114.999367237000115, -8.301565532999973, 0.0 ], [ 114.999193042000115, -8.300622869999927, 0.0 ], [ 114.998936263000019, -8.300277512999969, 0.0 ], [ 114.995973236000054, -8.299398783999948, 0.0 ], [ 114.99475308000001, -8.299702679999939, 0.0 ], [ 114.994026363000103, -8.299588794999977, 0.0 ], [ 114.993616959000065, -8.29892749499993, 0.0 ], [ 114.992988252000032, -8.29831738699994, 0.0 ], [ 114.992904345000056, -8.296917895999968, 0.0 ], [ 114.992806101000042, -8.296570813999949, 0.0 ], [ 114.992490783000108, -8.296188023999946, 0.0 ], [ 114.991770130000077, -8.29574501899998, 0.0 ], [ 114.991778307000118, -8.294722800999978, 0.0 ], [ 114.991716750000023, -8.294579187999943, 0.0 ], [ 114.990942344000018, -8.293750415999966, 0.0 ], [ 114.990576289000046, -8.293545946999927, 0.0 ], [ 114.989692412000068, -8.293446605999975, 0.0 ], [ 114.989588914000024, -8.293214350999961, 0.0 ], [ 114.989586564000092, -8.29268395899993, 0.0 ], [ 114.989434810000034, -8.291891058999965, 0.0 ], [ 114.989110654000115, -8.291614443999947, 0.0 ], [ 114.98839440200004, -8.291366695999955, 0.0 ], [ 114.988069993000067, -8.291152626999974, 0.0 ], [ 114.987837678, -8.290891426999963, 0.0 ], [ 114.986982793000038, -8.289408739999942, 0.0 ], [ 114.986812895000071, -8.289275571999951, 0.0 ], [ 114.986523636000015, -8.289279427999929, 0.0 ], [ 114.986360205000096, -8.289373549999937, 0.0 ], [ 114.985738772000104, -8.290172244999951, 0.0 ], [ 114.985181199000067, -8.290401340999949, 0.0 ], [ 114.984987452000041, -8.29039079699993, 0.0 ], [ 114.982942533000028, -8.289631791999966, 0.0 ], [ 114.982475068000099, -8.289649703999942, 0.0 ], [ 114.98185417000002, -8.289320940999971, 0.0 ], [ 114.981263279000018, -8.28925864799993, 0.0 ], [ 114.981724237000094, -8.289708397999959, 0.0 ], [ 114.98210211300011, -8.290634497999974, 0.0 ], [ 114.982012852000025, -8.291401850999932, 0.0 ], [ 114.982458861000055, -8.291799173999948, 0.0 ], [ 114.982582434000051, -8.292617766999967, 0.0 ], [ 114.982540843000038, -8.293793372999971, 0.0 ], [ 114.982594279000068, -8.294103191999966, 0.0 ], [ 114.982995415, -8.295387710999933, 0.0 ], [ 114.983034275000023, -8.295797383999968, 0.0 ], [ 114.983571567000013, -8.296323192999978, 0.0 ], [ 114.983440886000039, -8.296561715999928, 0.0 ], [ 114.983179967000069, -8.296625204999941, 0.0 ], [ 114.983081336000055, -8.29680293399997, 0.0 ], [ 114.9827713090001, -8.296914780999941, 0.0 ], [ 114.982362486000056, -8.297236761999955, 0.0 ], [ 114.981379487000027, -8.298365957999977, 0.0 ], [ 114.979531291000058, -8.299879620999945, 0.0 ], [ 114.978281316000107, -8.300477411999964, 0.0 ], [ 114.975768141000117, -8.301857649999931, 0.0 ], [ 114.974905380000109, -8.301939047999952, 0.0 ], [ 114.974417864000088, -8.301372888999936, 0.0 ], [ 114.97436665400005, -8.301198608999925, 0.0 ], [ 114.974414662000072, -8.300692840999943, 0.0 ], [ 114.973355029000118, -8.300167227999964, 0.0 ], [ 114.973223034000057, -8.300028524999959, 0.0 ], [ 114.972958248000054, -8.300499306999939, 0.0 ], [ 114.97187749200009, -8.301021810999941, 0.0 ], [ 114.97174093600006, -8.301193705999935, 0.0 ], [ 114.971547588000021, -8.301893263999943, 0.0 ], [ 114.971228661000055, -8.302592207999965, 0.0 ], [ 114.971243003000041, -8.303146546999926, 0.0 ], [ 114.971061467000027, -8.303733553999962, 0.0 ], [ 114.971109484000067, -8.304198848999931, 0.0 ], [ 114.970653071000015, -8.30454281599998, 0.0 ], [ 114.970405262000099, -8.304873571999963, 0.0 ], [ 114.970160561000057, -8.305524618999925, 0.0 ], [ 114.970138736000081, -8.305386512999974, 0.0 ], [ 114.969636722000018, -8.305241899999942, 0.0 ], [ 114.969393729000103, -8.305389294999941, 0.0 ], [ 114.969089609000093, -8.305745263999938, 0.0 ], [ 114.968605877000073, -8.306485660999954, 0.0 ], [ 114.967758582000101, -8.306729727999937, 0.0 ], [ 114.967474860000038, -8.307126399999959, 0.0 ], [ 114.967284139000071, -8.307633344999942, 0.0 ], [ 114.967231758000025, -8.308396151999943, 0.0 ], [ 114.966775707000011, -8.309367237999936, 0.0 ], [ 114.965025841000056, -8.31087133799997, 0.0 ], [ 114.964709787000061, -8.311528775999932, 0.0 ], [ 114.964417584000103, -8.31184750999995, 0.0 ], [ 114.964021043000116, -8.312639464999961, 0.0 ], [ 114.962907056000063, -8.312651577999929, 0.0 ], [ 114.962630235, -8.313007290999963, 0.0 ], [ 114.962513866000108, -8.312895964999939, 0.0 ], [ 114.962343432000011, -8.313371385999972, 0.0 ], [ 114.961758285000087, -8.314453137999976, 0.0 ], [ 114.961681087000102, -8.314930482999955, 0.0 ], [ 114.961925455000028, -8.31552153399997, 0.0 ], [ 114.962054074000093, -8.316121763999945, 0.0 ], [ 114.96202573000005, -8.31658716499993, 0.0 ], [ 114.961969545000102, -8.316823260999968, 0.0 ], [ 114.961448162000011, -8.317519831999959, 0.0 ], [ 114.961303469000086, -8.317455258999928, 0.0 ], [ 114.960792242000025, -8.318314833999978, 0.0 ], [ 114.960698314000069, -8.319477974999927, 0.0 ], [ 114.960398145000113, -8.321148532999928, 0.0 ], [ 114.959633289000067, -8.321880940999961, 0.0 ], [ 114.958736433000013, -8.322582130999933, 0.0 ], [ 114.958416521000117, -8.323224016999973, 0.0 ], [ 114.958332528000028, -8.323618455999963, 0.0 ], [ 114.958400824000023, -8.324498196999969, 0.0 ], [ 114.958655456000088, -8.325150231999942, 0.0 ], [ 114.95934874000011, -8.32575067099998, 0.0 ], [ 114.959175283000036, -8.326644328999976, 0.0 ], [ 114.959226238000042, -8.326800085999935, 0.0 ], [ 114.960204881000095, -8.327800838999963, 0.0 ], [ 114.960430877000022, -8.328357184999959, 0.0 ], [ 114.960232333000022, -8.329805961999966, 0.0 ], [ 114.960239638000076, -8.330804833999935, 0.0 ], [ 114.96054184500008, -8.331488301999968, 0.0 ], [ 114.960318548000032, -8.331794654999953, 0.0 ], [ 114.960134556000071, -8.331884803999969, 0.0 ], [ 114.959444794000092, -8.331912634999981, 0.0 ], [ 114.959194190000062, -8.332011570999953, 0.0 ], [ 114.95909111200001, -8.332129959999975, 0.0 ], [ 114.959078525000109, -8.332513050999978, 0.0 ], [ 114.958678973000019, -8.332643962999953, 0.0 ], [ 114.958602930000097, -8.332896090999952, 0.0 ], [ 114.958789448000061, -8.333486377999975, 0.0 ], [ 114.958691576000092, -8.333797876999938, 0.0 ], [ 114.959049089000018, -8.334167204999972, 0.0 ], [ 114.958501715000011, -8.334385564999934, 0.0 ], [ 114.956886853000015, -8.336606391999965, 0.0 ], [ 114.956344011000056, -8.336909349999928, 0.0 ], [ 114.955366261000108, -8.33804801399998, 0.0 ], [ 114.955362440000044, -8.339218278999965, 0.0 ], [ 114.954933242000038, -8.339848543999949, 0.0 ], [ 114.954890737000028, -8.340019439999935, 0.0 ], [ 114.955644315000086, -8.340516305999927, 0.0 ], [ 114.955964910000034, -8.340917818999969, 0.0 ], [ 114.956337343000087, -8.340994299999977, 0.0 ], [ 114.956358918000092, -8.341093848999947, 0.0 ], [ 114.956132129000025, -8.34168598399998, 0.0 ], [ 114.956242031000102, -8.342369921999932, 0.0 ], [ 114.955961760000037, -8.342672419999928, 0.0 ], [ 114.955466537, -8.342969300999926, 0.0 ], [ 114.955409414000087, -8.343156826999973, 0.0 ], [ 114.955011126000045, -8.343536262999976, 0.0 ], [ 114.954968485000109, -8.343712255999947, 0.0 ], [ 114.955650569000113, -8.345359472999974, 0.0 ], [ 114.955576439000083, -8.345785400999944, 0.0 ], [ 114.95531431400002, -8.346032860999969, 0.0 ], [ 114.954411089000018, -8.345860300999959, 0.0 ], [ 114.954179556000099, -8.345993618999955, 0.0 ], [ 114.954138145000115, -8.34615114099995, 0.0 ], [ 114.954410244000087, -8.346793262999938, 0.0 ], [ 114.954450371, -8.347192723999967, 0.0 ], [ 114.953954540000041, -8.347690345999979, 0.0 ], [ 114.953779483000062, -8.348009840999964, 0.0 ], [ 114.953733911000086, -8.348479938999958, 0.0 ], [ 114.953641960000027, -8.348572808999961, 0.0 ], [ 114.95311555, -8.348663903999977, 0.0 ], [ 114.95298097500006, -8.348800378999954, 0.0 ], [ 114.953445583000075, -8.349273475999951, 0.0 ], [ 114.953332061000083, -8.34968073899995, 0.0 ], [ 114.952959428000099, -8.350054137999962, 0.0 ], [ 114.95251904600002, -8.350173057999939, 0.0 ], [ 114.952414187000045, -8.350429743999939, 0.0 ], [ 114.952011554000023, -8.350806384999942, 0.0 ], [ 114.951984752000044, -8.350966178999954, 0.0 ], [ 114.952132152000104, -8.351496883999971, 0.0 ], [ 114.951707350000106, -8.352782200999968, 0.0 ], [ 114.951690341000017, -8.353056832999926, 0.0 ], [ 114.951748291000058, -8.353409486999965, 0.0 ], [ 114.952057510000031, -8.35362745599997, 0.0 ], [ 114.952122446000089, -8.353763270999934, 0.0 ], [ 114.951931777000027, -8.354092011999967, 0.0 ], [ 114.951959947000091, -8.354188766999926, 0.0 ], [ 114.952472256000078, -8.354742087999966, 0.0 ], [ 114.95250153500001, -8.355073295999944, 0.0 ], [ 114.952191557000106, -8.355369363999955, 0.0 ], [ 114.950977027000022, -8.355945169999927, 0.0 ], [ 114.950678165000113, -8.356194939999966, 0.0 ], [ 114.950579256000083, -8.356380111999954, 0.0 ], [ 114.950913936, -8.357239922999952, 0.0 ], [ 114.950916820000089, -8.357492383999954, 0.0 ], [ 114.95082130600008, -8.357912520999946, 0.0 ], [ 114.950708653000106, -8.358068570999933, 0.0 ], [ 114.950351258000069, -8.358215920999953, 0.0 ], [ 114.950292919000049, -8.358322216999966, 0.0 ], [ 114.950417151000011, -8.358835751999948, 0.0 ], [ 114.950383438000017, -8.359122609999929, 0.0 ], [ 114.949918779000086, -8.359947362999947, 0.0 ], [ 114.950050109000017, -8.36054760899998, 0.0 ], [ 114.949745581000116, -8.360728751999943, 0.0 ], [ 114.948667941000053, -8.360820187999934, 0.0 ], [ 114.948466677000056, -8.360948439999959, 0.0 ], [ 114.948539456000049, -8.361193181999965, 0.0 ], [ 114.949037248000081, -8.361530407999965, 0.0 ], [ 114.949031769000044, -8.361640737999949, 0.0 ], [ 114.948060357000031, -8.361606933999951, 0.0 ], [ 114.947211054000036, -8.361688430999948, 0.0 ], [ 114.946786750000115, -8.361507655999958, 0.0 ], [ 114.946427004000043, -8.361134234999952, 0.0 ], [ 114.946146550000094, -8.360633465999967, 0.0 ], [ 114.945451125000091, -8.360655707999967, 0.0 ], [ 114.944563174000109, -8.359951161999959, 0.0 ], [ 114.944325268000057, -8.35987632299998, 0.0 ], [ 114.944121324000093, -8.359859298999936, 0.0 ], [ 114.943763024000077, -8.360608070999945, 0.0 ], [ 114.943225201000018, -8.360680563999949, 0.0 ], [ 114.942716226000016, -8.360529098999962, 0.0 ], [ 114.94216868400008, -8.360065219999967, 0.0 ], [ 114.941777390000084, -8.359948042999974, 0.0 ], [ 114.941659043000072, -8.359673661999977, 0.0 ], [ 114.940472668000098, -8.358941909999942, 0.0 ], [ 114.939577192000115, -8.358637587999965, 0.0 ], [ 114.939010766000024, -8.358118900999955, 0.0 ], [ 114.937997182000117, -8.357948182999962, 0.0 ], [ 114.937628443000108, -8.357479936999937, 0.0 ], [ 114.937489784000036, -8.357404836999933, 0.0 ], [ 114.93669300800002, -8.357376037999927, 0.0 ], [ 114.935545861000037, -8.358194043999958, 0.0 ], [ 114.935673355000063, -8.358511515999965, 0.0 ], [ 114.935600534000059, -8.35864046699993, 0.0 ], [ 114.93521130900001, -8.358781398999952, 0.0 ], [ 114.934376539000027, -8.358906127999944, 0.0 ], [ 114.934278628000015, -8.359042062999947, 0.0 ], [ 114.934177060000025, -8.359332854999934, 0.0 ], [ 114.934217793000016, -8.359712907999949, 0.0 ], [ 114.934308321000117, -8.35986395599997, 0.0 ], [ 114.934999800000014, -8.360367806999932, 0.0 ], [ 114.935184748000097, -8.360792590999949, 0.0 ], [ 114.935130077000053, -8.361044486999958, 0.0 ], [ 114.934765911000113, -8.361114876999977, 0.0 ], [ 114.933749655000042, -8.360830155999963, 0.0 ], [ 114.933649597000112, -8.36086083899994, 0.0 ], [ 114.933462354000085, -8.361064332999945, 0.0 ], [ 114.932971621000092, -8.362317565999945, 0.0 ], [ 114.932294585000022, -8.36299463499995, 0.0 ], [ 114.931596109000111, -8.363815673999966, 0.0 ], [ 114.931543430000033, -8.363980246999972, 0.0 ], [ 114.931775549, -8.364169107999942, 0.0 ], [ 114.932687102000045, -8.364492244999951, 0.0 ], [ 114.932886820000022, -8.36465484699994, 0.0 ], [ 114.932892718000062, -8.364763815999936, 0.0 ], [ 114.932641261000072, -8.365010929999926, 0.0 ], [ 114.932189373000028, -8.365225302999932, 0.0 ], [ 114.93188792, -8.365515319999929, 0.0 ], [ 114.931509718000029, -8.36642145199994, 0.0 ], [ 114.931052303000115, -8.366993105999939, 0.0 ], [ 114.931526561000055, -8.367448947999947, 0.0 ], [ 114.93165718900002, -8.367700193999951, 0.0 ], [ 114.931573551000042, -8.36837135299993, 0.0 ], [ 114.930827935000025, -8.369174784999927, 0.0 ], [ 114.930747226000108, -8.369397434999939, 0.0 ], [ 114.930689981000114, -8.371362681999926, 0.0 ], [ 114.929626479000035, -8.372546434999947, 0.0 ], [ 114.929631664000112, -8.372652551999977, 0.0 ], [ 114.93020703000002, -8.373513353999954, 0.0 ], [ 114.930319128000065, -8.373849277999966, 0.0 ], [ 114.930304149000108, -8.37407985699997, 0.0 ], [ 114.930243178000069, -8.374328661999925, 0.0 ], [ 114.929123256000025, -8.375610819999963, 0.0 ], [ 114.928847636000114, -8.376320733999933, 0.0 ], [ 114.928730774000087, -8.376905991999934, 0.0 ], [ 114.928764369000078, -8.377204550999977, 0.0 ], [ 114.929022358000111, -8.377562573999967, 0.0 ], [ 114.929863493000084, -8.378040729999952, 0.0 ], [ 114.931365080000091, -8.378195976999962, 0.0 ], [ 114.931447667000043, -8.378271194999968, 0.0 ], [ 114.931621416000098, -8.379013352999948, 0.0 ], [ 114.931847170000083, -8.379502859999945, 0.0 ], [ 114.932570652000095, -8.379862701999969, 0.0 ], [ 114.933092316000057, -8.380234612999971, 0.0 ], [ 114.933077783000044, -8.380674534999969, 0.0 ], [ 114.932352940000101, -8.381511746999934, 0.0 ], [ 114.931667842000024, -8.383192315999963, 0.0 ], [ 114.931681464, -8.383453833999965, 0.0 ], [ 114.932187247000115, -8.384654987999966, 0.0 ], [ 114.932214642000076, -8.38505345699997, 0.0 ], [ 114.932151369000053, -8.385277146999954, 0.0 ], [ 114.931403837000062, -8.386095567999973, 0.0 ], [ 114.931841912000095, -8.386594633999948, 0.0 ], [ 114.932064263000029, -8.387568212999952, 0.0 ], [ 114.932494600000041, -8.387896736999949, 0.0 ], [ 114.93363454100006, -8.388330110999959, 0.0 ], [ 114.933736994000014, -8.388803433999954, 0.0 ], [ 114.933586200000036, -8.389762777999977, 0.0 ], [ 114.933673771000031, -8.389936292999948, 0.0 ], [ 114.934247725000091, -8.390315389999955, 0.0 ], [ 114.93553917600002, -8.390739348999944, 0.0 ], [ 114.936272724000105, -8.391278965999959, 0.0 ], [ 114.936563604000071, -8.391653042999963, 0.0 ], [ 114.936628026000108, -8.392064371999936, 0.0 ], [ 114.936310318000096, -8.39291480199995, 0.0 ], [ 114.936312655000052, -8.394134299999962, 0.0 ], [ 114.935708518000069, -8.396220430999961, 0.0 ], [ 114.93533323500003, -8.399983622999969, 0.0 ], [ 114.935150810000096, -8.40017848399998, 0.0 ], [ 114.933489682000072, -8.401278668999964, 0.0 ], [ 114.932645330000014, -8.402144206999935, 0.0 ], [ 114.931836237000084, -8.403219521999972, 0.0 ], [ 114.931710162000059, -8.403651354999965, 0.0 ], [ 114.931943162000039, -8.404544381999926, 0.0 ], [ 114.931937328000117, -8.404799007999941, 0.0 ], [ 114.930334333000019, -8.405886624999937, 0.0 ], [ 114.930248311000014, -8.407048981999935, 0.0 ], [ 114.930093735000014, -8.407352660999948, 0.0 ], [ 114.929846955000016, -8.40757899099998, 0.0 ], [ 114.929672997000011, -8.407631336999941, 0.0 ], [ 114.92873927800008, -8.40755102199995, 0.0 ], [ 114.928454629000043, -8.407615800999963, 0.0 ], [ 114.928250123000112, -8.408681396999953, 0.0 ], [ 114.928136928000072, -8.410349189999977, 0.0 ], [ 114.928022799000018, -8.410901002999935, 0.0 ], [ 114.927635699, -8.411432383999966, 0.0 ], [ 114.926381903000106, -8.412328871999932, 0.0 ], [ 114.926133771000082, -8.412619064999944, 0.0 ], [ 114.92554283700008, -8.414424158999964, 0.0 ], [ 114.925153641000065, -8.414931967999962, 0.0 ], [ 114.925205, -8.415444461999925, 0.0 ], [ 114.925394392000044, -8.415921191999928, 0.0 ], [ 114.925417862000018, -8.416500431999964, 0.0 ], [ 114.924924214000043, -8.418222337999964, 0.0 ], [ 114.92421499000011, -8.420124320999946, 0.0 ], [ 114.924132125000028, -8.420629786999939, 0.0 ], [ 114.924139560000071, -8.421309245999964, 0.0 ], [ 114.924335346000021, -8.42180246199996, 0.0 ], [ 114.924573473, -8.422144279999941, 0.0 ], [ 114.925439090000054, -8.42277160499998, 0.0 ], [ 114.92568372900007, -8.423090984999931, 0.0 ], [ 114.925995175000025, -8.424124524999968, 0.0 ], [ 114.926698719000115, -8.425563674999978, 0.0 ], [ 114.92613481300009, -8.42766753199993, 0.0 ], [ 114.926139814000067, -8.428095224999936, 0.0 ], [ 114.926594044000012, -8.429121166999948, 0.0 ], [ 114.926654854000049, -8.429648680999946, 0.0 ], [ 114.926488366000058, -8.430925483999943, 0.0 ], [ 114.926515083000027, -8.431717598999967, 0.0 ], [ 114.926436676000094, -8.432115136999926, 0.0 ], [ 114.926158450000116, -8.432507468999972, 0.0 ], [ 114.92534863800006, -8.432770127999959, 0.0 ], [ 114.925162335000095, -8.432947313999932, 0.0 ], [ 114.925162602000114, -8.433046949999948, 0.0 ], [ 114.925404156000013, -8.433581231999938, 0.0 ], [ 114.92639495200001, -8.434249756999975, 0.0 ], [ 114.92661304100011, -8.434499536999965, 0.0 ], [ 114.927915735000056, -8.436542904999953, 0.0 ], [ 114.928097600000115, -8.437276791999977, 0.0 ], [ 114.928027630000088, -8.438131664999958, 0.0 ], [ 114.927940481000064, -8.438345036999976, 0.0 ], [ 114.927789837000091, -8.438467731999935, 0.0 ], [ 114.927091709000024, -8.438801607999949, 0.0 ], [ 114.926871284000072, -8.43903015799998, 0.0 ], [ 114.927189064000117, -8.440747537999925, 0.0 ], [ 114.927079135000099, -8.441095244999929, 0.0 ], [ 114.926467864000074, -8.441337934999979, 0.0 ], [ 114.925401267000098, -8.441600368999957, 0.0 ], [ 114.925338080000074, -8.441683342999966, 0.0 ], [ 114.925293371000066, -8.443266652999966, 0.0 ], [ 114.924811015000046, -8.444628812999952, 0.0 ], [ 114.924631637000061, -8.445396312999947, 0.0 ], [ 114.924628652000024, -8.446168661999934, 0.0 ], [ 114.92476372100009, -8.44676769299997, 0.0 ], [ 114.925122902000112, -8.447445182999957, 0.0 ], [ 114.925850771000114, -8.447709724999982, 0.0 ], [ 114.925978367000084, -8.447872662999941, 0.0 ], [ 114.926029679000067, -8.448343845999943, 0.0 ], [ 114.925937775000079, -8.448572802999934, 0.0 ], [ 114.925640881000049, -8.449069250999969, 0.0 ], [ 114.925113840000108, -8.449734667999962, 0.0 ], [ 114.924885366000012, -8.449906448999968, 0.0 ], [ 114.923991540000088, -8.449993171999949, 0.0 ], [ 114.923827110000047, -8.450086628999941, 0.0 ], [ 114.923467806000076, -8.451213826999947, 0.0 ], [ 114.922882067000046, -8.452619191999929, 0.0 ], [ 114.922642449000023, -8.452648898999939, 0.0 ], [ 114.921524541000053, -8.452487552999969, 0.0 ], [ 114.921367409000027, -8.452569222999955, 0.0 ], [ 114.921177155, -8.45295600299994, 0.0 ], [ 114.9214007920001, -8.454067129999942, 0.0 ], [ 114.921272525000063, -8.45433604599998, 0.0 ], [ 114.921111465000081, -8.454388053999935, 0.0 ], [ 114.919997228000057, -8.454345845999967, 0.0 ], [ 114.919760391000068, -8.454466178999951, 0.0 ], [ 114.919733690000044, -8.454872375999969, 0.0 ], [ 114.920400492000113, -8.455720699999972, 0.0 ], [ 114.920384954000042, -8.455900830999951, 0.0 ], [ 114.920265603000075, -8.456169522999971, 0.0 ], [ 114.919084137000027, -8.45729857699996, 0.0 ], [ 114.917805058000113, -8.457764296999926, 0.0 ], [ 114.918350697000051, -8.45904201999997, 0.0 ], [ 114.918353067000112, -8.459361455999954, 0.0 ], [ 114.918288097000072, -8.459452761999955, 0.0 ], [ 114.916886376000093, -8.459493043999942, 0.0 ], [ 114.916631357000028, -8.459677810999949, 0.0 ], [ 114.916516983000065, -8.460262938999961, 0.0 ], [ 114.916657966000116, -8.46079287699996, 0.0 ], [ 114.916861862000019, -8.460982953999974, 0.0 ], [ 114.918126132000111, -8.461442391999981, 0.0 ], [ 114.918155092, -8.462578434999955, 0.0 ], [ 114.917874328000039, -8.463275898999939, 0.0 ], [ 114.916773287000069, -8.46418775799998, 0.0 ], [ 114.915335018000064, -8.465907668999932, 0.0 ], [ 114.915272415000118, -8.466107146999946, 0.0 ], [ 114.915563911000049, -8.467107038999927, 0.0 ], [ 114.916658996000024, -8.468109008999932, 0.0 ], [ 114.918577965000054, -8.468545007999978, 0.0 ], [ 114.91943398300009, -8.468867968999973, 0.0 ], [ 114.922246006000023, -8.470177959999944, 0.0 ], [ 114.926010016000077, -8.472337033999963, 0.0 ], [ 114.927391036000017, -8.472937970999965, 0.0 ], [ 114.930663986000013, -8.47478603299993, 0.0 ], [ 114.933648018000099, -8.476612030999945, 0.0 ], [ 114.93844797600002, -8.480291966999971, 0.0 ], [ 114.940077993000045, -8.481863044999955, 0.0 ], [ 114.942546967000112, -8.484599010999943, 0.0 ], [ 114.945804994000014, -8.488458019999939, 0.0 ], [ 114.946397029000082, -8.489243008999949, 0.0 ], [ 114.948307021, -8.492189034999967, 0.0 ], [ 114.949383004000083, -8.493573976999926, 0.0 ], [ 114.949837979000108, -8.494030978999945, 0.0 ], [ 114.951002004000088, -8.494954001999929, 0.0 ], [ 114.952497014000073, -8.496576039999979, 0.0 ], [ 114.953130030000011, -8.497135019999973, 0.0 ], [ 114.954254989000106, -8.497803956999974, 0.0 ], [ 114.956112008000105, -8.498726000999966, 0.0 ], [ 114.958675023000069, -8.499267990999954, 0.0 ], [ 114.959341998000014, -8.499907037999947, 0.0 ], [ 114.959472984000058, -8.499859009999966, 0.0 ], [ 114.959728969000025, -8.499549987999956, 0.0 ], [ 114.959912974000076, -8.499542998999971, 0.0 ], [ 114.959988035000038, -8.499691976999941, 0.0 ], [ 114.95999297100002, -8.501052035999976, 0.0 ], [ 114.959728018000078, -8.501753981999968, 0.0 ], [ 114.959954971000116, -8.502035981999938, 0.0 ], [ 114.960200990000089, -8.502125029999945, 0.0 ], [ 114.960367998000038, -8.502090024999973, 0.0 ], [ 114.960865992000095, -8.501679960999979, 0.0 ], [ 114.961024998000084, -8.501897976999942, 0.0 ], [ 114.961053999000114, -8.502190958999961, 0.0 ], [ 114.961208991000035, -8.502360961999955, 0.0 ], [ 114.961362002000101, -8.50232497899998, 0.0 ], [ 114.961785981000048, -8.501822970999967, 0.0 ], [ 114.961962027000027, -8.501791988999969, 0.0 ], [ 114.964554971000098, -8.502727978999928, 0.0 ], [ 114.965112015000045, -8.503018029999964, 0.0 ], [ 114.967350009000029, -8.505030019999936, 0.0 ], [ 114.968095964000099, -8.505563002999963, 0.0 ], [ 114.9707459870001, -8.506716984999969, 0.0 ], [ 114.971737010000084, -8.507025018999968, 0.0 ], [ 114.972302011000011, -8.507342036999944, 0.0 ], [ 114.972857005000037, -8.508052969999937, 0.0 ], [ 114.974358990000042, -8.510455968999963, 0.0 ], [ 114.974723964000077, -8.511321003999967, 0.0 ], [ 114.975630964000061, -8.512901964999969, 0.0 ], [ 114.976185968000095, -8.513413968999942, 0.0 ], [ 114.976644978000081, -8.513697984999965, 0.0 ], [ 114.979753974, -8.514890012999956, 0.0 ], [ 114.981126025000094, -8.515252973999964, 0.0 ], [ 114.983132012000056, -8.517229989999976, 0.0 ], [ 114.983823030000053, -8.517453021999927, 0.0 ], [ 114.98567903300011, -8.519162988999938, 0.0 ], [ 114.986407012000086, -8.519578991999936, 0.0 ], [ 114.986486023000111, -8.520378007999966, 0.0 ], [ 114.986930997000059, -8.521043983999959, 0.0 ], [ 114.989193034000095, -8.523370004999947, 0.0 ], [ 114.991665011, -8.525506039999925, 0.0 ], [ 114.993217996000112, -8.526994972999944, 0.0 ], [ 114.99334103700005, -8.527237017999937, 0.0 ], [ 114.993458034000014, -8.527316977999931, 0.0 ], [ 114.994281033000107, -8.527336959999957, 0.0 ], [ 114.994665987000076, -8.527554960999964, 0.0 ], [ 114.996370978000073, -8.531174963999945, 0.0 ], [ 114.996547988000088, -8.532025012999952, 0.0 ], [ 114.996329969000044, -8.533123015999934, 0.0 ], [ 114.996383970000011, -8.533638017999976, 0.0 ], [ 114.996663985000055, -8.533833965999975, 0.0 ], [ 114.997018, -8.533826032999968, 0.0 ], [ 114.997626014000048, -8.533575020999933, 0.0 ], [ 114.997816012000044, -8.53398796099998, 0.0 ], [ 114.997963017000075, -8.535107011999969, 0.0 ], [ 114.997746995000057, -8.535936954999954, 0.0 ], [ 114.997754019000013, -8.536456956999928, 0.0 ], [ 114.997577966000108, -8.537161022999953, 0.0 ], [ 114.997608004000085, -8.537474982999981, 0.0 ], [ 114.997973965000028, -8.537532006999982, 0.0 ], [ 114.998505033000015, -8.537217961999943, 0.0 ], [ 114.999017018000018, -8.537547967999956, 0.0 ], [ 114.999204970000051, -8.53753501999995, 0.0 ], [ 114.999486006000097, -8.537305996999976, 0.0 ], [ 115.000889983000093, -8.538245980999932, 0.0 ], [ 115.001485031000016, -8.538803994999967, 0.0 ], [ 115.0028129640001, -8.539709959999925, 0.0 ], [ 115.003789016000042, -8.540098027999932, 0.0 ], [ 115.004429035000044, -8.540232016999937, 0.0 ], [ 115.004426973000022, -8.54042696099998, 0.0 ], [ 115.004255018000094, -8.540833967999959, 0.0 ], [ 115.004325986000026, -8.541068964999965, 0.0 ], [ 115.004697024000052, -8.541029029999947, 0.0 ], [ 115.004978012000038, -8.540304980999963, 0.0 ], [ 115.005225006000046, -8.540286006999963, 0.0 ], [ 115.006104976000074, -8.540676015999964, 0.0 ], [ 115.006940985000028, -8.540893980999954, 0.0 ], [ 115.007928998000011, -8.541691984999943, 0.0 ], [ 115.008073972000034, -8.542370957999935, 0.0 ], [ 115.008274014000108, -8.542381024999941, 0.0 ], [ 115.008352992000027, -8.541982031999964, 0.0 ], [ 115.008657031000098, -8.542111033999959, 0.0 ], [ 115.01034702700008, -8.543443998999976, 0.0 ], [ 115.011349999000117, -8.544464956999946, 0.0 ], [ 115.0117119680001, -8.545048966999957, 0.0 ], [ 115.011857003000046, -8.545544012999926, 0.0 ], [ 115.012177027, -8.545941981999931, 0.0 ], [ 115.013840021000078, -8.546825960999968, 0.0 ], [ 115.013906, -8.547316984999952, 0.0 ], [ 115.013617035000038, -8.547731983999938, 0.0 ], [ 115.013508997000031, -8.54803095699998, 0.0 ], [ 115.013543992000109, -8.548416978999967, 0.0 ], [ 115.014175965000049, -8.548271994999936, 0.0 ], [ 115.014402015000087, -8.548076029999947, 0.0 ], [ 115.014521003000027, -8.547845984999981, 0.0 ], [ 115.014607011000066, -8.547853023999949, 0.0 ], [ 115.015385031000051, -8.548514997999973, 0.0 ], [ 115.016271016000019, -8.54892101799993, 0.0 ], [ 115.016675015000033, -8.549214029999973, 0.0 ], [ 115.017857030000073, -8.550432024999964, 0.0 ], [ 115.019481013000018, -8.551466996999977, 0.0 ], [ 115.019946975000039, -8.551639029999933, 0.0 ], [ 115.021409967000068, -8.552513012999952, 0.0 ], [ 115.021547033000047, -8.552683000999934, 0.0 ], [ 115.021797033000098, -8.552547981999965, 0.0 ], [ 115.022271987000067, -8.553125967999961, 0.0 ], [ 115.023486994000109, -8.554007986999977, 0.0 ], [ 115.024673964000044, -8.55451901999993, 0.0 ], [ 115.025567017000071, -8.555012008999938, 0.0 ], [ 115.025937968000108, -8.555471962999945, 0.0 ], [ 115.026575010000101, -8.555871995999951, 0.0 ], [ 115.027630001000034, -8.556738998999947, 0.0 ], [ 115.028330009000115, -8.557012000999975, 0.0 ], [ 115.029198030000089, -8.557540014999972, 0.0 ], [ 115.029482991, -8.557829969999943, 0.0 ], [ 115.029617971000107, -8.55859602299995, 0.0 ], [ 115.029765023000095, -8.558573001999946, 0.0 ], [ 115.030080021000117, -8.558322979999957, 0.0 ], [ 115.030822969000042, -8.558504005999964, 0.0 ], [ 115.031295024000087, -8.558906987999933, 0.0 ], [ 115.031511027000079, -8.559208972999954, 0.0 ], [ 115.033084969000015, -8.560321017999968, 0.0 ], [ 115.034858974000031, -8.56199797599993, 0.0 ], [ 115.036002023000037, -8.562948022999933, 0.0 ], [ 115.036600029000056, -8.563326965999977, 0.0 ], [ 115.037058024000089, -8.563904041999933, 0.0 ], [ 115.037476983000033, -8.564250982999965, 0.0 ], [ 115.039238964000106, -8.565343989999974, 0.0 ], [ 115.039687969000056, -8.565762033999931, 0.0 ], [ 115.040416975000085, -8.566213040999969, 0.0 ], [ 115.041090997000083, -8.566988968999965, 0.0 ], [ 115.041630982000015, -8.567264033999948, 0.0 ], [ 115.042043973000091, -8.567373954999937, 0.0 ], [ 115.04233002400008, -8.567864019999945, 0.0 ], [ 115.042955978, -8.568345954999927, 0.0 ], [ 115.043235973000037, -8.568688030999965, 0.0 ], [ 115.043905026000061, -8.56913402999993, 0.0 ], [ 115.044340983000097, -8.56919101099993, 0.0 ], [ 115.044893985000044, -8.569132981999928, 0.0 ], [ 115.045191977000059, -8.569559023999943, 0.0 ], [ 115.045345015000066, -8.570300042999975, 0.0 ], [ 115.045717015000037, -8.570533037999951, 0.0 ], [ 115.045864001000041, -8.570904988999928, 0.0 ], [ 115.04614798800003, -8.57096499499994, 0.0 ], [ 115.046989032000056, -8.571595972999944, 0.0 ], [ 115.047777971000073, -8.572032992999937, 0.0 ], [ 115.048421982000036, -8.572618955999928, 0.0 ], [ 115.048556980000058, -8.573784959999955, 0.0 ], [ 115.048788022000053, -8.574006032999932, 0.0 ], [ 115.051459982000097, -8.575611016999972, 0.0 ], [ 115.051613010000096, -8.576577002999954, 0.0 ], [ 115.051324990000012, -8.576793012999929, 0.0 ], [ 115.051349008000102, -8.576870954999947, 0.0 ], [ 115.051840979000076, -8.576813966999964, 0.0 ], [ 115.052084027000092, -8.57698701399994, 0.0 ], [ 115.052424013000063, -8.576920037999969, 0.0 ], [ 115.052772011000116, -8.576633016999949, 0.0 ], [ 115.053071017000093, -8.57659801099993, 0.0 ], [ 115.055034018000015, -8.578330004999941, 0.0 ], [ 115.055866015000106, -8.57889096699995, 0.0 ], [ 115.057002016000069, -8.580173009999953, 0.0 ], [ 115.057897990000015, -8.581439018999959, 0.0 ], [ 115.05837297000005, -8.581970973999944, 0.0 ], [ 115.060248024000089, -8.583658039999932, 0.0 ], [ 115.059969979000016, -8.583678965999979, 0.0 ], [ 115.059973968, -8.583807964999949, 0.0 ], [ 115.060313966000081, -8.584255995999968, 0.0 ], [ 115.061104975000035, -8.58494301199994, 0.0 ], [ 115.062006019000023, -8.585937978999937, 0.0 ], [ 115.065833971000075, -8.589295030999949, 0.0 ], [ 115.068103966000081, -8.591838013999961, 0.0 ], [ 115.068994977000102, -8.59270601999998, 0.0 ], [ 115.070994977000055, -8.59439503699997, 0.0 ], [ 115.07140696600004, -8.595067035999932, 0.0 ], [ 115.072548028000028, -8.595871031999934, 0.0 ], [ 115.072938030000046, -8.596388992999948, 0.0 ], [ 115.073345968000012, -8.597256021999954, 0.0 ], [ 115.074143986000081, -8.597988972999929, 0.0 ], [ 115.074432025000078, -8.598750011999925, 0.0 ], [ 115.07549502300003, -8.599843025999974, 0.0 ], [ 115.07624196900008, -8.600383016999956, 0.0 ], [ 115.07652000600001, -8.600885954999967, 0.0 ], [ 115.076703994000013, -8.601473024999962, 0.0 ], [ 115.077343030000065, -8.601995030999944, 0.0 ], [ 115.077702998000063, -8.602143976999969, 0.0 ], [ 115.078370004000021, -8.602853038999967, 0.0 ], [ 115.079369991000021, -8.604103002999977, 0.0 ], [ 115.079925979000109, -8.605084021999971, 0.0 ], [ 115.081140972000071, -8.606105025999966, 0.0 ], [ 115.082105996000109, -8.606656039999962, 0.0 ], [ 115.082557997000094, -8.607122966999952, 0.0 ], [ 115.08290098000009, -8.608251967999934, 0.0 ], [ 115.083608965000053, -8.609930976999976, 0.0 ], [ 115.083735974000092, -8.610932993999938, 0.0 ], [ 115.083761977000108, -8.611614993999979, 0.0 ], [ 115.083114985000066, -8.612816969999926, 0.0 ], [ 115.083188989000064, -8.612921011999958, 0.0 ], [ 115.083543985, -8.612989034999941, 0.0 ], [ 115.083669008000015, -8.613210018999951, 0.0 ], [ 115.083789013000114, -8.613922043999935, 0.0 ], [ 115.084347963000027, -8.614899007999952, 0.0 ], [ 115.084600017000071, -8.61552302299998, 0.0 ], [ 115.084889994000036, -8.615726028999973, 0.0 ], [ 115.085147023000104, -8.616224973999977, 0.0 ], [ 115.085265004, -8.61689297099997, 0.0 ], [ 115.085689970000089, -8.617197971999929, 0.0 ], [ 115.086024020000082, -8.617707966999944, 0.0 ], [ 115.085813017000078, -8.61846696899994, 0.0 ], [ 115.085884971000041, -8.618576965999978, 0.0 ], [ 115.086022966000087, -8.618513027999938, 0.0 ], [ 115.086283, -8.618177003999961, 0.0 ], [ 115.086550009, -8.618390017999957, 0.0 ], [ 115.086587009000027, -8.618866987999979, 0.0 ], [ 115.086055988000112, -8.619824961999939, 0.0 ], [ 115.086205963000111, -8.61989602999995, 0.0 ], [ 115.086497029000043, -8.619675040999937, 0.0 ], [ 115.086807026000088, -8.61968101399998, 0.0 ], [ 115.087048989000095, -8.620153039999934, 0.0 ], [ 115.087046974000032, -8.620360012999981, 0.0 ], [ 115.086928008000086, -8.62058701199993, 0.0 ], [ 115.087069008000071, -8.620864023999957, 0.0 ], [ 115.08815497, -8.622056019999945, 0.0 ], [ 115.088681009000084, -8.622833969999931, 0.0 ], [ 115.088725009000086, -8.622961994999969, 0.0 ], [ 115.088415995000105, -8.623445014999959, 0.0 ], [ 115.088513031000048, -8.623601955999959, 0.0 ], [ 115.088873033000027, -8.623779006999939, 0.0 ], [ 115.09048796400009, -8.625318997999955, 0.0 ], [ 115.090870968000104, -8.62589801799993, 0.0 ], [ 115.091318963000049, -8.62637802699993, 0.0 ], [ 115.092053005000025, -8.627965965999977, 0.0 ], [ 115.09207699600006, -8.628095969999947, 0.0 ], [ 115.0919290060001, -8.628285043999938, 0.0 ], [ 115.091921992000039, -8.628413989999956, 0.0 ], [ 115.092536010000117, -8.62864996899998, 0.0 ], [ 115.093185027000118, -8.629032003999953, 0.0 ], [ 115.093933004000064, -8.629919969999946, 0.0 ], [ 115.094304010000087, -8.630786989999933, 0.0 ], [ 115.095603026000049, -8.631282974999976, 0.0 ], [ 115.096505014000059, -8.631769030999976, 0.0 ], [ 115.09677401600004, -8.632274992999953, 0.0 ], [ 115.097479024000108, -8.63299597799994, 0.0 ], [ 115.098051987000076, -8.634431986999971, 0.0 ], [ 115.098244018000059, -8.635171034999928, 0.0 ], [ 115.098434998000016, -8.63544702799993, 0.0 ], [ 115.098901978000072, -8.636777029999962, 0.0 ], [ 115.099178765000033, -8.637282336999931, 0.0 ], [ 115.099594470000056, -8.635716240999955, 0.0 ], [ 115.099843915000065, -8.635298039999952, 0.0 ], [ 115.100340125000116, -8.63499676999993, 0.0 ], [ 115.101229033000095, -8.634726369999953, 0.0 ], [ 115.101544268000112, -8.632789837999951, 0.0 ], [ 115.102370155000017, -8.630728330999943, 0.0 ], [ 115.102575511000055, -8.630396689999941, 0.0 ], [ 115.102955605000034, -8.630036984999947, 0.0 ], [ 115.104239936000113, -8.629247848999967, 0.0 ], [ 115.104810254000085, -8.628672130999973, 0.0 ], [ 115.105491395000058, -8.627389640999979, 0.0 ], [ 115.106101498000044, -8.626494531999981, 0.0 ], [ 115.106737278000082, -8.62514135899994, 0.0 ], [ 115.106917921000104, -8.623927322999975, 0.0 ], [ 115.107109871000034, -8.623364195999955, 0.0 ], [ 115.107300236000015, -8.623119255999939, 0.0 ], [ 115.108541391000017, -8.622228640999936, 0.0 ], [ 115.108863345000032, -8.621854177999978, 0.0 ], [ 115.109673268000051, -8.620388670999944, 0.0 ], [ 115.109950567000055, -8.62021647499995, 0.0 ], [ 115.111116157000083, -8.619889551999961, 0.0 ], [ 115.112152672000093, -8.619185938999976, 0.0 ], [ 115.113557788000094, -8.617500617999951, 0.0 ], [ 115.114330902, -8.617099435999933, 0.0 ], [ 115.11635488200011, -8.616776705999939, 0.0 ], [ 115.117338623000023, -8.615757701999939, 0.0 ], [ 115.117826038000089, -8.615395938999939, 0.0 ], [ 115.117977708000012, -8.615103890999933, 0.0 ], [ 115.118050504000053, -8.613484670999981, 0.0 ], [ 115.118190913000035, -8.613242077999928, 0.0 ], [ 115.118957189000071, -8.612693700999955, 0.0 ], [ 115.119122975000096, -8.61192153099995, 0.0 ], [ 115.11927903600008, -8.611555989999943, 0.0 ], [ 115.119758415000092, -8.610913184999959, 0.0 ], [ 115.120166457000096, -8.610749541999951, 0.0 ], [ 115.122245452000016, -8.610511243999952, 0.0 ], [ 115.123462134000079, -8.610590804999958, 0.0 ], [ 115.123795629000028, -8.610343220999937, 0.0 ], [ 115.124159528000064, -8.609746854999969, 0.0 ], [ 115.124689424000053, -8.609270926999955, 0.0 ], [ 115.124835042000086, -8.609219841999959, 0.0 ], [ 115.126475518, -8.609307242999932, 0.0 ], [ 115.126850801000046, -8.609217048999938, 0.0 ], [ 115.128083379000032, -8.608405436999931, 0.0 ], [ 115.128867197000091, -8.608050365999929, 0.0 ], [ 115.12917751100008, -8.607996663999927, 0.0 ], [ 115.130181213000014, -8.608098168999959, 0.0 ], [ 115.130841620000069, -8.608372845999952, 0.0 ], [ 115.131401600000117, -8.60847542099998, 0.0 ], [ 115.133001544000081, -8.608331154999973, 0.0 ], [ 115.133259072000101, -8.608425588999978, 0.0 ], [ 115.13380325300011, -8.609112417999938, 0.0 ], [ 115.134245832000033, -8.609394126999973, 0.0 ], [ 115.134749623000062, -8.609264147999966, 0.0 ], [ 115.135440304000099, -8.608745159999955, 0.0 ], [ 115.137407615000029, -8.608808117999956, 0.0 ], [ 115.137599099000113, -8.609511289999944, 0.0 ], [ 115.137039222000112, -8.609717402999934, 0.0 ], [ 115.136049412000034, -8.609906043999956, 0.0 ], [ 115.136530738000033, -8.61070252899998, 0.0 ], [ 115.136838596000075, -8.610584574999962, 0.0 ], [ 115.137160986000026, -8.611023941999974, 0.0 ], [ 115.135641036000038, -8.611755891999962, 0.0 ], [ 115.135013447, -8.611364834999961, 0.0 ], [ 115.134517152000058, -8.611223501999973, 0.0 ], [ 115.134127491000072, -8.612739218999934, 0.0 ], [ 115.133683465000104, -8.612833038999952, 0.0 ], [ 115.133477088000063, -8.613445396999964, 0.0 ], [ 115.134621221000089, -8.613880177999931, 0.0 ], [ 115.134864342000014, -8.614236344999938, 0.0 ], [ 115.135410453000077, -8.614390195999931, 0.0 ], [ 115.136286311000049, -8.614909326999964, 0.0 ], [ 115.13665556400008, -8.61497985099993, 0.0 ], [ 115.138344513000106, -8.61568082399998, 0.0 ], [ 115.13819418300011, -8.618378757999949, 0.0 ], [ 115.13948751800001, -8.61734213099993, 0.0 ], [ 115.139979408000045, -8.616884451999965, 0.0 ], [ 115.140085240000076, -8.616689448999978, 0.0 ], [ 115.139762117000032, -8.614518675999932, 0.0 ], [ 115.139842971, -8.614069381999968, 0.0 ], [ 115.14001543400002, -8.613653116999956, 0.0 ], [ 115.140879164000012, -8.612621063999939, 0.0 ], [ 115.140783396000074, -8.612472921999938, 0.0 ], [ 115.140874611000072, -8.610958667999967, 0.0 ], [ 115.142005588000075, -8.60917905499997, 0.0 ], [ 115.142196561000105, -8.609008461999963, 0.0 ], [ 115.142954137000061, -8.609323544999938, 0.0 ], [ 115.143725268000026, -8.610929816999942, 0.0 ], [ 115.146916208000107, -8.60732816999996, 0.0 ], [ 115.148679911000045, -8.605999596999936, 0.0 ], [ 115.14919928300003, -8.606164876999969, 0.0 ], [ 115.150646730000062, -8.60693493399998, 0.0 ], [ 115.15070778900008, -8.606397641999934, 0.0 ], [ 115.150389656000016, -8.605447286999947, 0.0 ], [ 115.149534352000046, -8.604208492999931, 0.0 ], [ 115.149488021000025, -8.603244727999936, 0.0 ], [ 115.15000012400003, -8.602535448999959, 0.0 ], [ 115.150000118000094, -8.601682868999944, 0.0 ], [ 115.150273120000065, -8.601413770999955, 0.0 ], [ 115.151566750000029, -8.601231819999953, 0.0 ], [ 115.152149287000043, -8.601006458999962, 0.0 ], [ 115.153348410000035, -8.601013351999939, 0.0 ], [ 115.154893040000047, -8.60127007799997, 0.0 ], [ 115.155209682000077, -8.601234941999962, 0.0 ], [ 115.155884056000104, -8.60042335199995, 0.0 ], [ 115.156385398000111, -8.59880855199998, 0.0 ], [ 115.15670728200007, -8.598074260999965, 0.0 ], [ 115.155723795000085, -8.597446675999947, 0.0 ], [ 115.155116312000018, -8.596421253999949, 0.0 ], [ 115.155121866000059, -8.595162907999963, 0.0 ], [ 115.155597002000036, -8.594047164999949, 0.0 ], [ 115.155597631000091, -8.59267925499995, 0.0 ], [ 115.1536067400001, -8.592585127999939, 0.0 ], [ 115.15220139500002, -8.59264620099998, 0.0 ], [ 115.15158899700009, -8.592344889999936, 0.0 ], [ 115.151215630000024, -8.592042622999941, 0.0 ], [ 115.150883732000011, -8.591057200999956, 0.0 ], [ 115.150589891000095, -8.590639944999964, 0.0 ], [ 115.150345633000029, -8.590517061999947, 0.0 ], [ 115.149824599000112, -8.590666698999939, 0.0 ], [ 115.149406467000063, -8.59063426199998, 0.0 ], [ 115.149223572000096, -8.590481245999968, 0.0 ], [ 115.149112923000075, -8.590156150999974, 0.0 ], [ 115.149038785000016, -8.588614126999971, 0.0 ], [ 115.149199645000067, -8.586720811999953, 0.0 ], [ 115.149335464000046, -8.586062196999933, 0.0 ], [ 115.150482388000114, -8.583270164999931, 0.0 ], [ 115.150524668000116, -8.582966090999946, 0.0 ], [ 115.150485236, -8.582681909999962, 0.0 ], [ 115.15011189900008, -8.581828143999928, 0.0 ], [ 115.150044343000104, -8.580886419999956, 0.0 ], [ 115.150310598000033, -8.580431077999947, 0.0 ], [ 115.150463543000114, -8.579666974999952, 0.0 ], [ 115.150556104000088, -8.579519018999974, 0.0 ], [ 115.151247180000041, -8.579054295999981, 0.0 ], [ 115.15172941000003, -8.579038029999936, 0.0 ], [ 115.152268585000115, -8.579127681999978, 0.0 ], [ 115.152603992000081, -8.578615592999938, 0.0 ], [ 115.153446512000073, -8.577694971999961, 0.0 ], [ 115.153553075000104, -8.57747003399993, 0.0 ], [ 115.153529576000096, -8.577136010999936, 0.0 ], [ 115.152879289000111, -8.576288151999961, 0.0 ], [ 115.152661094000109, -8.574124781999956, 0.0 ], [ 115.153045405000057, -8.573334171999932, 0.0 ], [ 115.153207605000034, -8.572706689999961, 0.0 ], [ 115.153819968000107, -8.572219157999939, 0.0 ], [ 115.154004805000113, -8.57198031799993, 0.0 ], [ 115.154276648000064, -8.571090431999949, 0.0 ], [ 115.154689394000115, -8.570476744999951, 0.0 ], [ 115.154682581000088, -8.569715050999946, 0.0 ], [ 115.155228412000042, -8.568416291999938, 0.0 ], [ 115.155551500000115, -8.568075368999928, 0.0 ], [ 115.155839267000033, -8.567916925999953, 0.0 ], [ 115.155908862000047, -8.567768857999965, 0.0 ], [ 115.155992301000083, -8.56712998699993, 0.0 ], [ 115.156351257000097, -8.566492430999972, 0.0 ], [ 115.156363506000048, -8.566332673999966, 0.0 ], [ 115.156228387000056, -8.565784083999972, 0.0 ], [ 115.155771932000107, -8.565386332999935, 0.0 ], [ 115.156026192000013, -8.56503366499993, 0.0 ], [ 115.156971933000023, -8.564124935999928, 0.0 ], [ 115.157443068000021, -8.563884986999938, 0.0 ], [ 115.157789634000096, -8.563580889999969, 0.0 ], [ 115.157868365000013, -8.562904027999934, 0.0 ], [ 115.158154454000055, -8.561721898999963, 0.0 ], [ 115.158745478000014, -8.560996789999933, 0.0 ], [ 115.159093490000032, -8.560245022999936, 0.0 ], [ 115.159143414000027, -8.559411926999928, 0.0 ], [ 115.159358925000106, -8.558580891999952, 0.0 ], [ 115.159170760000052, -8.558230751999929, 0.0 ], [ 115.159168, -8.558044880999944, 0.0 ], [ 115.159210816000041, -8.557796745999951, 0.0 ], [ 115.159546165000052, -8.557147046999944, 0.0 ], [ 115.159599247000074, -8.555976855999972, 0.0 ], [ 115.159889440000029, -8.55473361199995, 0.0 ], [ 115.160045740000101, -8.554439135999928, 0.0 ], [ 115.160338190000061, -8.554188279999948, 0.0 ], [ 115.160748925, -8.553652206999971, 0.0 ], [ 115.161154061000047, -8.552304344999925, 0.0 ], [ 115.161908583000013, -8.551335704999929, 0.0 ], [ 115.162349049000113, -8.548448366999935, 0.0 ], [ 115.162660279000079, -8.547252828999945, 0.0 ], [ 115.162671172000046, -8.546960267999964, 0.0 ], [ 115.162343075000081, -8.546099754999943, 0.0 ], [ 115.162307253000108, -8.54568556199996, 0.0 ], [ 115.162452506000022, -8.545126061999952, 0.0 ], [ 115.16241853300005, -8.544251349999968, 0.0 ], [ 115.162639916000103, -8.543610542999943, 0.0 ], [ 115.162709069000016, -8.54304452599996, 0.0 ], [ 115.162665541000024, -8.542223118999971, 0.0 ], [ 115.163418034000074, -8.539204043999973, 0.0 ], [ 115.163321611000015, -8.53826266599998, 0.0 ], [ 115.163079653000068, -8.537693859999933, 0.0 ], [ 115.163017201000116, -8.537109685999951, 0.0 ], [ 115.16305098700002, -8.536866563999979, 0.0 ], [ 115.163656526000068, -8.536447743999929, 0.0 ], [ 115.163804414000083, -8.536221379999972, 0.0 ], [ 115.163790429000073, -8.535734747999982, 0.0 ], [ 115.163435378000031, -8.534938344999944, 0.0 ], [ 115.163407112000073, -8.534651719999943, 0.0 ], [ 115.163538456000083, -8.534473935999927, 0.0 ], [ 115.164240927000037, -8.534250198999928, 0.0 ], [ 115.164584858000012, -8.53395988799997, 0.0 ], [ 115.166851916000041, -8.530597087999979, 0.0 ], [ 115.169919884000024, -8.527614660999973, 0.0 ], [ 115.170382461000031, -8.526384206999978, 0.0 ], [ 115.171136086000047, -8.525690345999976, 0.0 ], [ 115.171011073000045, -8.52453821499995, 0.0 ], [ 115.171046393000097, -8.52397071799993, 0.0 ], [ 115.171507418000033, -8.523064630999954, 0.0 ], [ 115.171543501000087, -8.522516971999949, 0.0 ], [ 115.171432947000085, -8.521754161999979, 0.0 ], [ 115.171516660000066, -8.521300426999971, 0.0 ], [ 115.171913051000047, -8.520264281999971, 0.0 ], [ 115.171980604000055, -8.519778031999977, 0.0 ], [ 115.171854817000053, -8.518788086999962, 0.0 ], [ 115.172191474000101, -8.518263075999926, 0.0 ], [ 115.172622460000071, -8.517296659999943, 0.0 ], [ 115.173822476000055, -8.51615572999998, 0.0 ], [ 115.174186678000069, -8.515516039999966, 0.0 ], [ 115.174266350000039, -8.515035363999971, 0.0 ], [ 115.174520304000112, -8.51452343699998, 0.0 ], [ 115.175883062000025, -8.512711406999927, 0.0 ], [ 115.17654093200008, -8.511562947999948, 0.0 ], [ 115.177148258000102, -8.51075484699993, 0.0 ], [ 115.177719439000043, -8.509676634999948, 0.0 ], [ 115.178189193000094, -8.507998850999968, 0.0 ], [ 115.177922710000075, -8.505913354999961, 0.0 ], [ 115.178132115000039, -8.504694186999927, 0.0 ], [ 115.179168007000044, -8.503124942999932, 0.0 ], [ 115.179365908000023, -8.502949839999928, 0.0 ], [ 115.179971778000095, -8.502678966999952, 0.0 ], [ 115.180712676000098, -8.501721349999968, 0.0 ], [ 115.181520625000076, -8.501340284999969, 0.0 ], [ 115.18193064400009, -8.501004212999931, 0.0 ], [ 115.182742308000115, -8.499834232999945, 0.0 ], [ 115.183048976, -8.499078808999968, 0.0 ], [ 115.183143783000105, -8.496647511999981, 0.0 ], [ 115.183670118, -8.495079532999966, 0.0 ], [ 115.183714183, -8.492646881999974, 0.0 ], [ 115.184153259000027, -8.489453776999937, 0.0 ], [ 115.183177123000064, -8.489150011999925, 0.0 ], [ 115.183345603000021, -8.48842035399997, 0.0 ], [ 115.18294529800005, -8.48826893699993, 0.0 ], [ 115.182510997, -8.488250910999966, 0.0 ], [ 115.182309482000051, -8.489087502999951, 0.0 ], [ 115.178546828000094, -8.48869254899995, 0.0 ], [ 115.178741750000086, -8.487616687999946, 0.0 ], [ 115.177815454000097, -8.487546497999972, 0.0 ], [ 115.176653028000032, -8.487153029999945, 0.0 ], [ 115.177423406000116, -8.483469347999971, 0.0 ], [ 115.177404052000043, -8.483020833999944, 0.0 ], [ 115.177144874000078, -8.481830950999949, 0.0 ], [ 115.177118865000011, -8.481275640999968, 0.0 ], [ 115.177244500000029, -8.479476710999961, 0.0 ], [ 115.177561213000104, -8.478081976999931, 0.0 ], [ 115.177633650000075, -8.476909992999936, 0.0 ], [ 115.177816144000076, -8.476149240999973, 0.0 ], [ 115.178516371000114, -8.474309637999966, 0.0 ], [ 115.17862781000008, -8.472561076999966, 0.0 ], [ 115.178901350000046, -8.470697465999933, 0.0 ], [ 115.17980719000002, -8.468237310999939, 0.0 ], [ 115.179953055000055, -8.467654329999959, 0.0 ], [ 115.180269281000051, -8.46588530899993, 0.0 ], [ 115.180272473000059, -8.465205755999932, 0.0 ], [ 115.175445484000079, -8.464375927999981, 0.0 ], [ 115.174598326000023, -8.464079898999955, 0.0 ], [ 115.175425475000111, -8.462530952999941, 0.0 ], [ 115.17611368900009, -8.460917008999957, 0.0 ], [ 115.176154921000034, -8.46044072899997, 0.0 ], [ 115.176087049000103, -8.459476384999959, 0.0 ], [ 115.176161291000085, -8.459228719999942, 0.0 ], [ 115.176587661000099, -8.458582484999965, 0.0 ], [ 115.177139018000048, -8.457416032999959, 0.0 ], [ 115.178023880000069, -8.456684115999963, 0.0 ], [ 115.179387404000067, -8.453599470999961, 0.0 ], [ 115.179932134000069, -8.452654597999981, 0.0 ], [ 115.180265854000027, -8.451570231999938, 0.0 ], [ 115.180892825000114, -8.450596108999946, 0.0 ], [ 115.181191826000031, -8.450284070999942, 0.0 ], [ 115.182011797000087, -8.450033019999978, 0.0 ], [ 115.183614848000047, -8.449081970999941, 0.0 ], [ 115.183989673000042, -8.448683090999964, 0.0 ], [ 115.184077858000023, -8.448292268999978, 0.0 ], [ 115.184041282000067, -8.44777684099995, 0.0 ], [ 115.184214880000013, -8.44757819199998, 0.0 ], [ 115.185278469000082, -8.447638524999945, 0.0 ], [ 115.185291085000017, -8.447322780999968, 0.0 ], [ 115.185070674000031, -8.446812041999976, 0.0 ], [ 115.184994663000111, -8.446390618999942, 0.0 ], [ 115.185012511000082, -8.446146922999958, 0.0 ], [ 115.185096551000015, -8.446042045999945, 0.0 ], [ 115.185213726000029, -8.445998263999968, 0.0 ], [ 115.186137235000047, -8.446235239999965, 0.0 ], [ 115.18651877100001, -8.446237005999933, 0.0 ], [ 115.186790152000071, -8.445972323999968, 0.0 ], [ 115.186990943000069, -8.445326054999953, 0.0 ], [ 115.187105465000059, -8.445306283999969, 0.0 ], [ 115.187818914000104, -8.445631178999975, 0.0 ], [ 115.188242842000022, -8.445614408999973, 0.0 ], [ 115.188287892000062, -8.445509348999963, 0.0 ], [ 115.187901208000085, -8.444820547999939, 0.0 ], [ 115.187879858000088, -8.444620993999933, 0.0 ], [ 115.188037443000098, -8.444272676999958, 0.0 ], [ 115.188812634000101, -8.444065724999973, 0.0 ], [ 115.189019555000073, -8.442973068999947, 0.0 ], [ 115.189987794000103, -8.443366232999949, 0.0 ], [ 115.190300724000053, -8.443754301999945, 0.0 ], [ 115.192513957000074, -8.445106892999945, 0.0 ], [ 115.195010145000083, -8.445432661999973, 0.0 ], [ 115.19636885400007, -8.445452171999932, 0.0 ], [ 115.198350935, -8.445711908999954, 0.0 ], [ 115.198616468000068, -8.446834344999957, 0.0 ], [ 115.198363215000086, -8.448797583999976, 0.0 ], [ 115.198309960000074, -8.450681427999939, 0.0 ], [ 115.198439744000098, -8.45141039899994, 0.0 ], [ 115.198920955000062, -8.452935576999948, 0.0 ], [ 115.1994996520001, -8.453740072999949, 0.0 ], [ 115.199304955000116, -8.454482954999946, 0.0 ], [ 115.199229813000102, -8.457655253999974, 0.0 ], [ 115.198667797000098, -8.458998635999933, 0.0 ], [ 115.198573696000039, -8.460702278999975, 0.0 ], [ 115.197950421000087, -8.462225638999939, 0.0 ], [ 115.197900304000086, -8.462609970999949, 0.0 ], [ 115.198078013000099, -8.463367898999934, 0.0 ], [ 115.198201058000109, -8.464784046999966, 0.0 ], [ 115.198458722000055, -8.466337459999977, 0.0 ], [ 115.198656147000065, -8.466843321999932, 0.0 ], [ 115.199028792000036, -8.467253638999978, 0.0 ], [ 115.199623849000091, -8.469203229999948, 0.0 ], [ 115.199798546000011, -8.470610093999937, 0.0 ], [ 115.199760286000014, -8.471042549999936, 0.0 ], [ 115.199984254000015, -8.472087288999944, 0.0 ], [ 115.199958078, -8.472519801999965, 0.0 ], [ 115.199381195000115, -8.47369318799997, 0.0 ], [ 115.199104989000034, -8.474090171999933, 0.0 ], [ 115.198750574000087, -8.474953802999948, 0.0 ], [ 115.198636518000058, -8.476094947999968, 0.0 ], [ 115.198293397000043, -8.477126875999943, 0.0 ], [ 115.197816160000116, -8.47813285999996, 0.0 ], [ 115.196597616000076, -8.482516960999931, 0.0 ], [ 115.1964641080001, -8.483053814999948, 0.0 ], [ 115.196455053000022, -8.484914907999951, 0.0 ], [ 115.195806929000014, -8.486570331999928, 0.0 ], [ 115.195431877000033, -8.489492043999974, 0.0 ], [ 115.197660291000034, -8.489036647999967, 0.0 ], [ 115.197747346000028, -8.488562467999941, 0.0 ], [ 115.202453911000021, -8.489319105999925, 0.0 ], [ 115.203064221000091, -8.488593717999947, 0.0 ], [ 115.203248181000049, -8.488192939999976, 0.0 ], [ 115.203414856000109, -8.487654309999925, 0.0 ], [ 115.203494703000047, -8.487033817999929, 0.0 ], [ 115.203312692000054, -8.485897545999933, 0.0 ], [ 115.202813899000034, -8.485203249999927, 0.0 ], [ 115.202799409000022, -8.485034734999942, 0.0 ], [ 115.203767694000021, -8.484047118999968, 0.0 ], [ 115.203875937000021, -8.48370138599995, 0.0 ], [ 115.203872807000039, -8.482539605999932, 0.0 ], [ 115.204525059000048, -8.482285361999971, 0.0 ], [ 115.204552309000064, -8.482179040999938, 0.0 ], [ 115.204329789000099, -8.480271588999926, 0.0 ], [ 115.20398087600006, -8.478584572999978, 0.0 ], [ 115.203760837000118, -8.477953749999926, 0.0 ], [ 115.203300704000071, -8.477171020999947, 0.0 ], [ 115.203222333000099, -8.476762613999938, 0.0 ], [ 115.203322743000058, -8.476266323999937, 0.0 ], [ 115.204079917000058, -8.474514480999972, 0.0 ], [ 115.204219747000025, -8.473211148999951, 0.0 ], [ 115.203900118000092, -8.470842061999974, 0.0 ], [ 115.203304934000016, -8.470333699999969, 0.0 ], [ 115.203235484000061, -8.469925334999971, 0.0 ], [ 115.203506407000077, -8.469199192999952, 0.0 ], [ 115.204043150000075, -8.46884683899998, 0.0 ], [ 115.204258421000077, -8.468581709999967, 0.0 ], [ 115.204406832000018, -8.467349382999942, 0.0 ], [ 115.204709294000054, -8.465941094999948, 0.0 ], [ 115.204799008, -8.465826190999962, 0.0 ], [ 115.205487437000102, -8.465456787999926, 0.0 ], [ 115.20584597300001, -8.465068128999974, 0.0 ], [ 115.206632294000087, -8.46474352599995, 0.0 ], [ 115.206882988000075, -8.464531780999948, 0.0 ], [ 115.207141817000092, -8.464081637999925, 0.0 ], [ 115.207434386000045, -8.462937602999943, 0.0 ], [ 115.207894974000055, -8.462338509999938, 0.0 ], [ 115.207958263000023, -8.462152517999925, 0.0 ], [ 115.207923658000027, -8.461921722999932, 0.0 ], [ 115.207146412000043, -8.460285970999962, 0.0 ], [ 115.207120642000064, -8.460072956999966, 0.0 ], [ 115.207237358000043, -8.459904950999942, 0.0 ], [ 115.207889934000036, -8.459570859999928, 0.0 ], [ 115.20925641000008, -8.459142459999953, 0.0 ], [ 115.20955144200002, -8.458984140999974, 0.0 ], [ 115.210960399000101, -8.457563827999934, 0.0 ], [ 115.211427124000011, -8.456918407999979, 0.0 ], [ 115.211509188000036, -8.45652847599996, 0.0 ], [ 115.210603764000098, -8.45561066199997, 0.0 ], [ 115.210569566000117, -8.45529116299997, 0.0 ], [ 115.211454696000033, -8.45480732599998, 0.0 ], [ 115.211645682000039, -8.45389718399997, 0.0 ], [ 115.212222155000063, -8.452657931999966, 0.0 ], [ 115.212241053000071, -8.452427381999939, 0.0 ], [ 115.212020353000071, -8.451938488999929, 0.0 ], [ 115.212117688000035, -8.450495220999926, 0.0 ], [ 115.214088727000103, -8.448526068999968, 0.0 ], [ 115.213963048000096, -8.447736007999936, 0.0 ], [ 115.214034476000052, -8.447019442999931, 0.0 ], [ 115.214255243000025, -8.446111375999976, 0.0 ], [ 115.215160043000083, -8.442909249999957, 0.0 ], [ 115.21560609900007, -8.442408245999957, 0.0 ], [ 115.215770279000026, -8.442078187999925, 0.0 ], [ 115.215772275000063, -8.441643535999958, 0.0 ], [ 115.21565777100011, -8.441332541999941, 0.0 ], [ 115.215616637000039, -8.440839715999971, 0.0 ], [ 115.215652927000065, -8.440445454999974, 0.0 ], [ 115.216296261000025, -8.440173392999952, 0.0 ], [ 115.21653793400003, -8.439979338999933, 0.0 ], [ 115.216951201000029, -8.439315920999945, 0.0 ], [ 115.21741140600011, -8.438227968999968, 0.0 ], [ 115.216953630000035, -8.436930772999972, 0.0 ], [ 115.21644467100009, -8.435127715999954, 0.0 ], [ 115.216473214000075, -8.434737536999933, 0.0 ], [ 115.21692168800007, -8.434182575999955, 0.0 ], [ 115.217012935000071, -8.433730588999936, 0.0 ], [ 115.216676391000078, -8.433223430999931, 0.0 ], [ 115.216276484000105, -8.432920009999975, 0.0 ], [ 115.216277054000102, -8.432795823999982, 0.0 ], [ 115.216948918000071, -8.43213357999997, 0.0 ], [ 115.217119569000033, -8.431868235999957, 0.0 ], [ 115.217129340000042, -8.431681996999941, 0.0 ], [ 115.215506127000026, -8.429315736999968, 0.0 ], [ 115.215427256000112, -8.429013776999966, 0.0 ], [ 115.215920763000099, -8.428350721999948, 0.0 ], [ 115.2159481650001, -8.42820891599996, 0.0 ], [ 115.21550461400011, -8.427701272999968, 0.0 ], [ 115.215469922000011, -8.42748821999993, 0.0 ], [ 115.215785772000118, -8.426673554999979, 0.0 ], [ 115.21554634600011, -8.426379734999955, 0.0 ], [ 115.21460159500009, -8.426268990999972, 0.0 ], [ 115.214300073000118, -8.425903923999954, 0.0 ], [ 115.214266035000037, -8.425336777999973, 0.0 ], [ 115.213896677000093, -8.424208525999973, 0.0 ], [ 115.214096967000046, -8.423313501999928, 0.0 ], [ 115.214099653000062, -8.422728051999968, 0.0 ], [ 115.213914546000069, -8.42225706499994, 0.0 ], [ 115.213496699000075, -8.421980175999977, 0.0 ], [ 115.213444007000021, -8.42180252299994, 0.0 ], [ 115.213544846000104, -8.420979657999965, 0.0 ], [ 115.213501564000012, -8.420695600999977, 0.0 ], [ 115.2130677130001, -8.420019458999946, 0.0 ], [ 115.213068486000111, -8.419850919999931, 0.0 ], [ 115.213391295000065, -8.41946207999996, 0.0 ], [ 115.213472850000016, -8.419178589999945, 0.0 ], [ 115.212745508000012, -8.418332570999951, 0.0 ], [ 115.212233647000062, -8.417168189999927, 0.0 ], [ 115.211689537000098, -8.415322298999968, 0.0 ], [ 115.211490753000021, -8.413988898999946, 0.0 ], [ 115.211244780000015, -8.41313809899998, 0.0 ], [ 115.210312044000034, -8.412196841999958, 0.0 ], [ 115.210160606000045, -8.411938619999944, 0.0 ], [ 115.210011502000043, -8.41139683199998, 0.0 ], [ 115.209988129000067, -8.410660462999942, 0.0 ], [ 115.210115043000087, -8.410208638999961, 0.0 ], [ 115.21035767300009, -8.409801693999952, 0.0 ], [ 115.211461437000025, -8.408548494999934, 0.0 ], [ 115.211480369000014, -8.408309071999952, 0.0 ], [ 115.211278370000059, -8.407633985999951, 0.0 ], [ 115.211166884000022, -8.406666579999978, 0.0 ], [ 115.211202958000058, -8.406578037999964, 0.0 ], [ 115.211793138000075, -8.406217022999954, 0.0 ], [ 115.211928357000033, -8.40589829399994, 0.0 ], [ 115.211547333000112, -8.403645541999936, 0.0 ], [ 115.211545897000065, -8.402013336999971, 0.0 ], [ 115.211591845000044, -8.401651526999956, 0.0 ], [ 115.211899035000101, -8.400774728999977, 0.0 ], [ 115.211882544000105, -8.400481923999962, 0.0 ], [ 115.211539138000035, -8.399531205999949, 0.0 ], [ 115.211741319000112, -8.398219268999981, 0.0 ], [ 115.211620322000044, -8.397270146999972, 0.0 ], [ 115.210923097000091, -8.395696876999978, 0.0 ], [ 115.210424864000061, -8.395455106999975, 0.0 ], [ 115.210310247000052, -8.395170724999957, 0.0 ], [ 115.210548987000038, -8.393663800999946, 0.0 ], [ 115.210477940000033, -8.393601383999965, 0.0 ], [ 115.209568286000035, -8.393632733999937, 0.0 ], [ 115.209408639000117, -8.393445724999935, 0.0 ], [ 115.209552810000105, -8.393118167999944, 0.0 ], [ 115.20992840200006, -8.392785209999943, 0.0 ], [ 115.210054249000109, -8.392564014999948, 0.0 ], [ 115.210191775000112, -8.391739670999925, 0.0 ], [ 115.210710436000113, -8.391413812999929, 0.0 ], [ 115.210693862000085, -8.391138746999957, 0.0 ], [ 115.209736780000071, -8.389186092999978, 0.0 ], [ 115.20972675400003, -8.388957734999963, 0.0 ], [ 115.209892343000092, -8.388493854999979, 0.0 ], [ 115.209869911000055, -8.388292411999942, 0.0 ], [ 115.209436604000075, -8.387725142999955, 0.0 ], [ 115.208224252000036, -8.386939, 0.0 ], [ 115.207930101000102, -8.38658144599998, 0.0 ], [ 115.207784018000098, -8.386185845999933, 0.0 ], [ 115.207823682000026, -8.386023405999936, 0.0 ], [ 115.208323760000098, -8.385607508999954, 0.0 ], [ 115.208295429000032, -8.384995615999969, 0.0 ], [ 115.208445556000015, -8.38450843499993, 0.0 ], [ 115.208995282000046, -8.383807966999939, 0.0 ], [ 115.209580340000116, -8.383531843999947, 0.0 ], [ 115.209666232000018, -8.383292529999949, 0.0 ], [ 115.209652093000045, -8.383160463999957, 0.0 ], [ 115.209203119000108, -8.382616355999971, 0.0 ], [ 115.20914983800003, -8.382352822999962, 0.0 ], [ 115.209108557000036, -8.381167824999977, 0.0 ], [ 115.208907744000044, -8.380563846999962, 0.0 ], [ 115.209097317000101, -8.379960686999937, 0.0 ], [ 115.209037988000091, -8.37931767699996, 0.0 ], [ 115.208891941000047, -8.378914333999944, 0.0 ], [ 115.208325187000014, -8.378594262999968, 0.0 ], [ 115.207315262000066, -8.378163765999943, 0.0 ], [ 115.206405638000092, -8.377927317999934, 0.0 ], [ 115.20613094700002, -8.377728531999935, 0.0 ], [ 115.205615683000019, -8.377056415999959, 0.0 ], [ 115.204603518000113, -8.376164251999967, 0.0 ], [ 115.204494759000113, -8.375831021999943, 0.0 ], [ 115.204399125, -8.374968760999934, 0.0 ], [ 115.203899194000087, -8.373657777999938, 0.0 ], [ 115.203511011000046, -8.373439185999928, 0.0 ], [ 115.202234800000042, -8.373000911999952, 0.0 ], [ 115.201971939000032, -8.372612523999976, 0.0 ], [ 115.201703815000087, -8.371674299999938, 0.0 ], [ 115.201598696000019, -8.370603383999935, 0.0 ], [ 115.201266983000096, -8.37018549499993, 0.0 ], [ 115.20078636400001, -8.369757395999954, 0.0 ], [ 115.200626409000051, -8.368859268999927, 0.0 ], [ 115.20005239000011, -8.368430743999966, 0.0 ], [ 115.199952167000106, -8.368221203999951, 0.0 ], [ 115.199800554000035, -8.367337717999931, 0.0 ], [ 115.199930872000095, -8.365582782999979, 0.0 ], [ 115.1999058560001, -8.364250729999981, 0.0 ], [ 115.199474017000057, -8.361980500999948, 0.0 ], [ 115.198981645000117, -8.360723759999928, 0.0 ], [ 115.199055996000084, -8.359787095999934, 0.0 ], [ 115.198855516000094, -8.359375758999931, 0.0 ], [ 115.198241495000048, -8.359187110999926, 0.0 ], [ 115.198002384, -8.358713648999981, 0.0 ], [ 115.197995627000068, -8.358156659999963, 0.0 ], [ 115.198105731000055, -8.357909358999962, 0.0 ], [ 115.198754973000064, -8.35720762699998, 0.0 ], [ 115.199773498000013, -8.355748677999941, 0.0 ], [ 115.200196170000027, -8.355231763999939, 0.0 ], [ 115.201787849000084, -8.353965418999962, 0.0 ], [ 115.202254925000034, -8.353445544999943, 0.0 ], [ 115.202859541000066, -8.352286712999955, 0.0 ], [ 115.203681673, -8.349945260999959, 0.0 ], [ 115.203674385000113, -8.349836814999946, 0.0 ], [ 115.203305095000019, -8.349422494999942, 0.0 ], [ 115.202980728000057, -8.348876452999946, 0.0 ], [ 115.202718425000057, -8.347834564999971, 0.0 ], [ 115.202370172000087, -8.347399328999927, 0.0 ], [ 115.202270234000025, -8.347127840999974, 0.0 ], [ 115.202214082000069, -8.345641239999964, 0.0 ], [ 115.202301003000116, -8.345355111999936, 0.0 ], [ 115.202833116000079, -8.344730274999961, 0.0 ], [ 115.202952444000061, -8.344165514999929, 0.0 ], [ 115.202613093000082, -8.341602586999954, 0.0 ], [ 115.202775121000059, -8.34020942799998, 0.0 ], [ 115.202409065000097, -8.338497124999947, 0.0 ], [ 115.202053744000068, -8.337906981999936, 0.0 ], [ 115.201853904000018, -8.337356262999947, 0.0 ], [ 115.201680528000111, -8.336124204999976, 0.0 ], [ 115.201526359000013, -8.335798264999937, 0.0 ], [ 115.201511111000059, -8.335489064999933, 0.0 ], [ 115.201869592000094, -8.333441979999975, 0.0 ], [ 115.202317690000086, -8.332704934999981, 0.0 ], [ 115.202663528000016, -8.332675129999927, 0.0 ], [ 115.203186856000116, -8.332778714999961, 0.0 ], [ 115.208457171000077, -8.331933626999955, 0.0 ], [ 115.211535341000058, -8.331078592999972, 0.0 ], [ 115.212353878000044, -8.331095390999963, 0.0 ], [ 115.212289523000095, -8.328557958999966, 0.0 ], [ 115.211943727000062, -8.328178202999936, 0.0 ], [ 115.211012092000033, -8.327666139999963, 0.0 ], [ 115.209920803000045, -8.326440181999942, 0.0 ], [ 115.209527803000015, -8.326301346999969, 0.0 ], [ 115.20946790000005, -8.325144870999964, 0.0 ], [ 115.208056209, -8.323408, 0.0 ], [ 115.207859241000051, -8.323062930999981, 0.0 ], [ 115.207795410000017, -8.322770889999958, 0.0 ], [ 115.207841062000057, -8.322284841999931, 0.0 ], [ 115.20838083600006, -8.320852878999972, 0.0 ], [ 115.20843714800003, -8.320410101999926, 0.0 ], [ 115.208292920000076, -8.318691350999927, 0.0 ], [ 115.208427751000045, -8.317697838999948, 0.0 ], [ 115.208560862000013, -8.317082514999981, 0.0 ], [ 115.208911590000071, -8.316415744999972, 0.0 ], [ 115.209022490000052, -8.315908377999961, 0.0 ], [ 115.208959395000079, -8.315454255999953, 0.0 ], [ 115.208615476000091, -8.314663892999931, 0.0 ], [ 115.208617733000096, -8.314166843999942, 0.0 ], [ 115.20912329600003, -8.312840022999978, 0.0 ], [ 115.209146585000099, -8.312494345999937, 0.0 ], [ 115.208703509000088, -8.312016902999972, 0.0 ], [ 115.208232943000098, -8.310718460999965, 0.0 ], [ 115.207496212000024, -8.309841395999968, 0.0 ], [ 115.207618901000046, -8.309128774999976, 0.0 ], [ 115.207849594000095, -8.308546308999951, 0.0 ], [ 115.207862562000059, -8.308081723999976, 0.0 ], [ 115.207548072, -8.307565739999973, 0.0 ], [ 115.207016312000064, -8.307487704999971, 0.0 ], [ 115.206303093000088, -8.306717289999938, 0.0 ], [ 115.205635912000048, -8.305374381999968, 0.0 ], [ 115.205290679000086, -8.304875765999952, 0.0 ], [ 115.205111081000041, -8.303772780999964, 0.0 ], [ 115.204573568000114, -8.302303620999965, 0.0 ], [ 115.204220429000088, -8.301833692999935, 0.0 ], [ 115.203740320000065, -8.301662329999942, 0.0 ], [ 115.203664849, -8.301543128999981, 0.0 ], [ 115.2034743480001, -8.30045089999993, 0.0 ], [ 115.202813457000047, -8.297781489999977, 0.0 ], [ 115.202285597000014, -8.296849822999945, 0.0 ], [ 115.202113919000112, -8.296395212999926, 0.0 ], [ 115.201903082000058, -8.295000333999951, 0.0 ], [ 115.201831022000079, -8.293478707999952, 0.0 ], [ 115.201648535000118, -8.293013242999962, 0.0 ], [ 115.200922916000081, -8.292588549999948, 0.0 ], [ 115.200415994000082, -8.291829867999979, 0.0 ], [ 115.20033064800009, -8.291494508999961, 0.0 ], [ 115.200071956000102, -8.291071921999958, 0.0 ], [ 115.199638936000042, -8.290778214999932, 0.0 ], [ 115.198760170000014, -8.290601356999957, 0.0 ], [ 115.198500594000052, -8.29037326699995, 0.0 ], [ 115.198252864000096, -8.289929115999939, 0.0 ], [ 115.197288016000016, -8.289578976999962, 0.0 ], [ 115.197256770000081, -8.289287083999966, 0.0 ], [ 115.197487376000026, -8.287940025999944, 0.0 ], [ 115.197488557000042, -8.287680697999974, 0.0 ], [ 115.197359387, -8.287431583999933, 0.0 ], [ 115.196146181000017, -8.286777763999964, 0.0 ], [ 115.195637504000047, -8.286408073999951, 0.0 ], [ 115.19412310000007, -8.284546685999942, 0.0 ], [ 115.192090488000076, -8.282614088999935, 0.0 ], [ 115.191378028000031, -8.281692386999964, 0.0 ], [ 115.190579585000023, -8.280071688999953, 0.0 ], [ 115.188253543000087, -8.278202584999974, 0.0 ], [ 115.187409168000045, -8.27763686399993, 0.0 ], [ 115.186683346000109, -8.277266180999959, 0.0 ], [ 115.186208255000111, -8.276680523999971, 0.0 ], [ 115.185829094000042, -8.275911957999938, 0.0 ], [ 115.185823847000052, -8.275514329999965, 0.0 ], [ 115.186714442000039, -8.274568378999959, 0.0 ], [ 115.187353925000025, -8.273648273999981, 0.0 ], [ 115.187497093000047, -8.273631126999931, 0.0 ], [ 115.187802741000041, -8.272237416999928, 0.0 ], [ 115.189179730000092, -8.269623512999942, 0.0 ], [ 115.189457085000072, -8.268774417999964, 0.0 ], [ 115.190066924, -8.265519583999946, 0.0 ], [ 115.190159835000031, -8.264635637999959, 0.0 ], [ 115.190067223000028, -8.261833244999934, 0.0 ], [ 115.189994861000059, -8.26091914899996, 0.0 ], [ 115.18957841100007, -8.258569394999938, 0.0 ], [ 115.189605383000071, -8.257449063999957, 0.0 ], [ 115.189481780000051, -8.255784142999971, 0.0 ] ] ], [ [ [ 115.004214006000097, -8.54268703799994, 0.0 ], [ 115.004493987000046, -8.542257990999929, 0.0 ], [ 115.004505992000077, -8.541951025999936, 0.0 ], [ 115.004422989000091, -8.54178402399998, 0.0 ], [ 115.004645024000069, -8.541538967999941, 0.0 ], [ 115.004634963000058, -8.541327964999937, 0.0 ], [ 115.004442022000035, -8.541335014999959, 0.0 ], [ 115.004118013000038, -8.541965024999968, 0.0 ], [ 115.004084968000029, -8.542688993999946, 0.0 ], [ 115.004214006000097, -8.54268703799994, 0.0 ] ] ] ] } }
]
}
